session_id,event_id,event_sequence,timestamp_utc,event_type,payment_method,currency,country,processor,status,decline_code,device_type,browser,amount,duration_ms
ses_0001,evt_000001,1,2026-09-12T05:22:27Z,checkout_initiated,bank_transfer_local,PHP,Philippines,bank_rail,started,,mobile,Chrome,348.14,310
ses_0001,evt_000002,2,2026-09-12T05:22:35Z,method_selected,bank_transfer_local,PHP,Philippines,bank_rail,success,,mobile,Chrome,348.14,423
ses_0001,evt_000003,3,2026-09-12T05:22:44Z,details_entered,bank_transfer_local,PHP,Philippines,bank_rail,success,,mobile,Chrome,348.14,818
ses_0001,evt_000004,4,2026-09-12T05:22:49Z,authorization_requested,bank_transfer_local,PHP,Philippines,bank_rail,submitted,,mobile,Chrome,348.14,601
ses_0001,evt_000005,5,2026-09-12T05:22:56Z,authorization_response,bank_transfer_local,PHP,Philippines,bank_rail,success,,mobile,Chrome,348.14,322
ses_0001,evt_000006,6,2026-09-12T05:22:58Z,payment_completed,bank_transfer_local,PHP,Philippines,bank_rail,success,,mobile,Chrome,348.14,752
ses_0002,evt_000007,1,2026-09-04T00:57:39Z,checkout_initiated,card_mastercard,KES,Kenya,gateway_alpha,started,,mobile,Edge,310.54,552
ses_0002,evt_000008,2,2026-09-04T00:57:51Z,method_selected,card_mastercard,KES,Kenya,gateway_alpha,success,,mobile,Edge,310.54,1634
ses_0002,evt_000009,3,2026-09-04T00:58:02Z,details_entered,card_mastercard,KES,Kenya,gateway_alpha,success,,mobile,Edge,310.54,1762
ses_0002,evt_000010,4,2026-09-04T00:58:06Z,authorization_requested,card_mastercard,KES,Kenya,gateway_alpha,submitted,,mobile,Edge,310.54,222
ses_0002,evt_000011,5,2026-09-04T00:58:08Z,authorization_response,card_mastercard,KES,Kenya,gateway_alpha,success,,mobile,Edge,310.54,458
ses_0002,evt_000012,6,2026-09-04T00:58:12Z,payment_completed,card_mastercard,KES,Kenya,gateway_alpha,success,,mobile,Edge,310.54,1461
ses_0003,evt_000013,1,2026-09-09T22:17:13Z,checkout_initiated,card_mastercard,PHP,Philippines,gateway_beta,started,,mobile,Safari,212.78,475
ses_0003,evt_000014,2,2026-09-09T22:17:18Z,method_selected,card_mastercard,PHP,Philippines,gateway_beta,success,,mobile,Safari,212.78,1360
ses_0003,evt_000015,3,2026-09-09T22:17:24Z,details_entered,card_mastercard,PHP,Philippines,gateway_beta,success,,mobile,Safari,212.78,227
ses_0003,evt_000016,4,2026-09-09T22:17:34Z,authorization_requested,card_mastercard,PHP,Philippines,gateway_beta,submitted,,mobile,Safari,212.78,380
ses_0003,evt_000017,5,2026-09-09T22:17:47Z,3ds_redirect,card_mastercard,PHP,Philippines,gateway_beta,redirected,,mobile,Safari,212.78,11342
ses_0003,evt_000018,6,2026-09-09T22:18:06Z,3ds_completed,card_mastercard,PHP,Philippines,gateway_beta,abandoned,3ds_abandoned,mobile,Safari,212.78,12643
ses_0004,evt_000019,1,2026-09-04T06:14:42Z,checkout_initiated,card_visa,USD,Cross-border,gateway_alpha,started,,mobile,Safari,325.36,710
ses_0004,evt_000020,2,2026-09-04T06:14:48Z,method_selected,card_visa,USD,Cross-border,gateway_alpha,success,,mobile,Safari,325.36,1785
ses_0004,evt_000021,3,2026-09-04T06:15:00Z,details_entered,card_visa,USD,Cross-border,gateway_alpha,abandoned,,mobile,Safari,325.36,1796
ses_0005,evt_000022,1,2026-09-14T06:37:52Z,checkout_initiated,gcash,PHP,Philippines,wallet_hub,started,,mobile,Chrome,441.42,1339
ses_0005,evt_000023,2,2026-09-14T06:37:56Z,method_selected,gcash,PHP,Philippines,wallet_hub,success,,mobile,Chrome,441.42,199
ses_0005,evt_000024,3,2026-09-14T06:38:06Z,details_entered,gcash,PHP,Philippines,wallet_hub,success,,mobile,Chrome,441.42,1391
ses_0005,evt_000025,4,2026-09-14T06:38:11Z,authorization_requested,gcash,PHP,Philippines,wallet_hub,submitted,,mobile,Chrome,441.42,1423
ses_0005,evt_000026,5,2026-09-14T06:38:18Z,authorization_response,gcash,PHP,Philippines,wallet_hub,success,,mobile,Chrome,441.42,371
ses_0005,evt_000027,6,2026-09-14T06:38:28Z,payment_completed,gcash,PHP,Philippines,wallet_hub,success,,mobile,Chrome,441.42,518
ses_0006,evt_000028,1,2026-09-07T04:33:07Z,checkout_initiated,card_visa,KES,Kenya,gateway_alpha,started,,mobile,Safari,9.42,710
ses_0006,evt_000029,2,2026-09-07T04:33:09Z,method_selected,card_visa,KES,Kenya,gateway_alpha,success,,mobile,Safari,9.42,970
ses_0006,evt_000030,3,2026-09-07T04:33:12Z,details_entered,card_visa,KES,Kenya,gateway_alpha,success,,mobile,Safari,9.42,1389
ses_0006,evt_000031,4,2026-09-07T04:33:23Z,authorization_requested,card_visa,KES,Kenya,gateway_alpha,submitted,,mobile,Safari,9.42,255
ses_0006,evt_000032,5,2026-09-07T04:33:42Z,3ds_redirect,card_visa,KES,Kenya,gateway_alpha,redirected,,mobile,Safari,9.42,9016
ses_0006,evt_000033,6,2026-09-07T04:33:56Z,3ds_completed,card_visa,KES,Kenya,gateway_alpha,abandoned,3ds_abandoned,mobile,Safari,9.42,11065
ses_0007,evt_000034,1,2026-09-02T11:47:17Z,checkout_initiated,card_mastercard,SGD,Singapore,gateway_alpha,started,,desktop,Chrome,189.14,728
ses_0007,evt_000035,2,2026-09-02T11:47:24Z,method_selected,card_mastercard,SGD,Singapore,gateway_alpha,success,,desktop,Chrome,189.14,892
ses_0007,evt_000036,3,2026-09-02T11:47:32Z,details_entered,card_mastercard,SGD,Singapore,gateway_alpha,success,,desktop,Chrome,189.14,252
ses_0007,evt_000037,4,2026-09-02T11:47:43Z,authorization_requested,card_mastercard,SGD,Singapore,gateway_alpha,submitted,,desktop,Chrome,189.14,1570
ses_0007,evt_000038,5,2026-09-02T11:47:46Z,3ds_redirect,card_mastercard,SGD,Singapore,gateway_alpha,redirected,,desktop,Chrome,189.14,1923
ses_0007,evt_000039,6,2026-09-02T11:47:49Z,3ds_completed,card_mastercard,SGD,Singapore,gateway_alpha,success,,desktop,Chrome,189.14,2158
ses_0007,evt_000040,7,2026-09-02T11:47:53Z,authorization_response,card_mastercard,SGD,Singapore,gateway_alpha,success,,desktop,Chrome,189.14,722
ses_0007,evt_000041,8,2026-09-02T11:47:56Z,payment_completed,card_mastercard,SGD,Singapore,gateway_alpha,success,,desktop,Chrome,189.14,1091
ses_0008,evt_000042,1,2026-09-01T22:34:40Z,checkout_initiated,bnpl_atome,PHP,Philippines,bnpl_connect,started,,desktop,Chrome,81.20,214
ses_0009,evt_000043,1,2026-09-05T21:38:13Z,checkout_initiated,card_visa,KES,Kenya,gateway_alpha,started,,mobile,Safari,444.99,1049
ses_0009,evt_000044,2,2026-09-05T21:38:17Z,method_selected,card_visa,KES,Kenya,gateway_alpha,success,,mobile,Safari,444.99,969
ses_0009,evt_000045,3,2026-09-05T21:38:20Z,details_entered,card_visa,KES,Kenya,gateway_alpha,success,,mobile,Safari,444.99,1476
ses_0009,evt_000046,4,2026-09-05T21:38:28Z,authorization_requested,card_visa,KES,Kenya,gateway_alpha,submitted,,mobile,Safari,444.99,1795
ses_0009,evt_000047,5,2026-09-05T21:38:30Z,authorization_response,card_visa,KES,Kenya,gateway_alpha,success,,mobile,Safari,444.99,891
ses_0009,evt_000048,6,2026-09-05T21:38:39Z,payment_completed,card_visa,KES,Kenya,gateway_alpha,success,,mobile,Safari,444.99,1510
ses_0010,evt_000049,1,2026-09-14T18:49:27Z,checkout_initiated,card_mastercard,KES,Kenya,gateway_alpha,started,,mobile,Safari,130.87,1329
ses_0010,evt_000050,2,2026-09-14T18:49:38Z,method_selected,card_mastercard,KES,Kenya,gateway_alpha,success,,mobile,Safari,130.87,1101
ses_0010,evt_000051,3,2026-09-14T18:49:47Z,details_entered,card_mastercard,KES,Kenya,gateway_alpha,success,,mobile,Safari,130.87,1209
ses_0010,evt_000052,4,2026-09-14T18:49:52Z,authorization_requested,card_mastercard,KES,Kenya,gateway_alpha,submitted,,mobile,Safari,130.87,1066
ses_0010,evt_000053,5,2026-09-14T18:50:02Z,authorization_response,card_mastercard,KES,Kenya,gateway_alpha,failed,insufficient_funds,mobile,Safari,130.87,1063
ses_0011,evt_000054,1,2026-09-09T09:42:43Z,checkout_initiated,mpesa,USD,Cross-border,wallet_hub,started,,desktop,Chrome,456.88,770
ses_0011,evt_000055,2,2026-09-09T09:42:50Z,method_selected,mpesa,USD,Cross-border,wallet_hub,success,,desktop,Chrome,456.88,218
ses_0011,evt_000056,3,2026-09-09T09:42:52Z,details_entered,mpesa,USD,Cross-border,wallet_hub,success,,desktop,Chrome,456.88,1100
ses_0011,evt_000057,4,2026-09-09T09:42:55Z,authorization_requested,mpesa,USD,Cross-border,wallet_hub,submitted,,desktop,Chrome,456.88,1767
ses_0011,evt_000058,5,2026-09-09T09:42:57Z,authorization_response,mpesa,USD,Cross-border,wallet_hub,failed,fraud_suspected,desktop,Chrome,456.88,647
ses_0012,evt_000059,1,2026-09-11T03:53:48Z,checkout_initiated,card_mastercard,PHP,Philippines,gateway_beta,started,,mobile,Chrome,72.56,551
ses_0012,evt_000060,2,2026-09-11T03:53:55Z,method_selected,card_mastercard,PHP,Philippines,gateway_beta,success,,mobile,Chrome,72.56,1284
ses_0012,evt_000061,3,2026-09-11T03:54:03Z,details_entered,card_mastercard,PHP,Philippines,gateway_beta,success,,mobile,Chrome,72.56,646
ses_0012,evt_000062,4,2026-09-11T03:54:09Z,authorization_requested,card_mastercard,PHP,Philippines,gateway_beta,submitted,,mobile,Chrome,72.56,1726
ses_0012,evt_000063,5,2026-09-11T03:54:23Z,3ds_redirect,card_mastercard,PHP,Philippines,gateway_beta,redirected,,mobile,Chrome,72.56,8871
ses_0012,evt_000064,6,2026-09-11T03:54:39Z,3ds_completed,card_mastercard,PHP,Philippines,gateway_beta,abandoned,3ds_abandoned,mobile,Chrome,72.56,9117
ses_0013,evt_000065,1,2026-09-14T01:48:31Z,checkout_initiated,gcash,PHP,Philippines,wallet_hub,started,,mobile,Chrome,348.05,1615
ses_0013,evt_000066,2,2026-09-14T01:48:35Z,method_selected,gcash,PHP,Philippines,wallet_hub,success,,mobile,Chrome,348.05,963
ses_0013,evt_000067,3,2026-09-14T01:48:45Z,details_entered,gcash,PHP,Philippines,wallet_hub,success,,mobile,Chrome,348.05,446
ses_0013,evt_000068,4,2026-09-14T01:48:51Z,authorization_requested,gcash,PHP,Philippines,wallet_hub,submitted,,mobile,Chrome,348.05,1083
ses_0013,evt_000069,5,2026-09-14T01:49:02Z,authorization_response,gcash,PHP,Philippines,wallet_hub,success,,mobile,Chrome,348.05,1741
ses_0013,evt_000070,6,2026-09-14T01:49:09Z,payment_completed,gcash,PHP,Philippines,wallet_hub,success,,mobile,Chrome,348.05,1670
ses_0014,evt_000071,1,2026-09-13T12:48:12Z,checkout_initiated,bank_transfer_local,PHP,Philippines,bank_rail,started,,mobile,Chrome,338.17,1303
ses_0014,evt_000072,2,2026-09-13T12:48:23Z,method_selected,bank_transfer_local,PHP,Philippines,bank_rail,success,,mobile,Chrome,338.17,1590
ses_0014,evt_000073,3,2026-09-13T12:48:32Z,details_entered,bank_transfer_local,PHP,Philippines,bank_rail,success,,mobile,Chrome,338.17,1086
ses_0014,evt_000074,4,2026-09-13T12:48:36Z,authorization_requested,bank_transfer_local,PHP,Philippines,bank_rail,submitted,,mobile,Chrome,338.17,705
ses_0014,evt_000075,5,2026-09-13T12:48:45Z,authorization_response,bank_transfer_local,PHP,Philippines,bank_rail,success,,mobile,Chrome,338.17,1234
ses_0014,evt_000076,6,2026-09-13T12:48:48Z,payment_completed,bank_transfer_local,PHP,Philippines,bank_rail,success,,mobile,Chrome,338.17,1487
ses_0015,evt_000077,1,2026-09-11T13:15:15Z,checkout_initiated,mpesa,KES,Kenya,wallet_hub,started,,mobile,Chrome,242.69,1047
ses_0015,evt_000078,2,2026-09-11T13:15:21Z,method_selected,mpesa,KES,Kenya,wallet_hub,success,,mobile,Chrome,242.69,919
ses_0015,evt_000079,3,2026-09-11T13:15:29Z,details_entered,mpesa,KES,Kenya,wallet_hub,success,,mobile,Chrome,242.69,1633
ses_0015,evt_000080,4,2026-09-11T13:15:39Z,authorization_requested,mpesa,KES,Kenya,wallet_hub,submitted,,mobile,Chrome,242.69,591
ses_0015,evt_000081,5,2026-09-11T13:15:49Z,authorization_response,mpesa,KES,Kenya,wallet_hub,success,,mobile,Chrome,242.69,672
ses_0015,evt_000082,6,2026-09-11T13:16:00Z,payment_completed,mpesa,KES,Kenya,wallet_hub,success,,mobile,Chrome,242.69,750
ses_0016,evt_000083,1,2026-09-12T23:03:14Z,checkout_initiated,card_mastercard,USD,Cross-border,gateway_alpha,started,,desktop,Firefox,411.51,1786
ses_0016,evt_000084,2,2026-09-12T23:03:24Z,method_selected,card_mastercard,USD,Cross-border,gateway_alpha,success,,desktop,Firefox,411.51,1526
ses_0016,evt_000085,3,2026-09-12T23:03:35Z,details_entered,card_mastercard,USD,Cross-border,gateway_alpha,success,,desktop,Firefox,411.51,885
ses_0016,evt_000086,4,2026-09-12T23:03:45Z,authorization_requested,card_mastercard,USD,Cross-border,gateway_alpha,submitted,,desktop,Firefox,411.51,1422
ses_0016,evt_000087,5,2026-09-12T23:03:53Z,3ds_redirect,card_mastercard,USD,Cross-border,gateway_alpha,redirected,,desktop,Firefox,411.51,3286
ses_0016,evt_000088,6,2026-09-12T23:04:02Z,3ds_completed,card_mastercard,USD,Cross-border,gateway_alpha,success,,desktop,Firefox,411.51,4256
ses_0016,evt_000089,7,2026-09-12T23:04:08Z,authorization_response,card_mastercard,USD,Cross-border,gateway_alpha,success,,desktop,Firefox,411.51,1488
ses_0016,evt_000090,8,2026-09-12T23:04:14Z,payment_completed,card_mastercard,USD,Cross-border,gateway_alpha,success,,desktop,Firefox,411.51,938
ses_0017,evt_000091,1,2026-09-12T04:07:09Z,checkout_initiated,card_mastercard,USD,Cross-border,gateway_beta,started,,mobile,Safari,222.82,1797
ses_0017,evt_000092,2,2026-09-12T04:07:20Z,method_selected,card_mastercard,USD,Cross-border,gateway_beta,success,,mobile,Safari,222.82,1770
ses_0017,evt_000093,3,2026-09-12T04:07:24Z,details_entered,card_mastercard,USD,Cross-border,gateway_beta,success,,mobile,Safari,222.82,1294
ses_0017,evt_000094,4,2026-09-12T04:07:28Z,authorization_requested,card_mastercard,USD,Cross-border,gateway_beta,submitted,,mobile,Safari,222.82,1103
ses_0017,evt_000095,5,2026-09-12T04:07:38Z,3ds_redirect,card_mastercard,USD,Cross-border,gateway_beta,redirected,,mobile,Safari,222.82,3093
ses_0017,evt_000096,6,2026-09-12T04:07:47Z,3ds_completed,card_mastercard,USD,Cross-border,gateway_beta,success,,mobile,Safari,222.82,4735
ses_0017,evt_000097,7,2026-09-12T04:08:02Z,authorization_response,card_mastercard,USD,Cross-border,gateway_beta,failed,timeout,mobile,Safari,222.82,11103
ses_0018,evt_000098,1,2026-09-09T16:41:40Z,checkout_initiated,mpesa,KES,Kenya,wallet_hub,started,,desktop,Chrome,427.03,1280
ses_0018,evt_000099,2,2026-09-09T16:41:47Z,method_selected,mpesa,KES,Kenya,wallet_hub,success,,desktop,Chrome,427.03,1696
ses_0018,evt_000100,3,2026-09-09T16:41:53Z,details_entered,mpesa,KES,Kenya,wallet_hub,success,,desktop,Chrome,427.03,588
ses_0018,evt_000101,4,2026-09-09T16:41:56Z,authorization_requested,mpesa,KES,Kenya,wallet_hub,submitted,,desktop,Chrome,427.03,1174
ses_0018,evt_000102,5,2026-09-09T16:42:05Z,authorization_response,mpesa,KES,Kenya,wallet_hub,success,,desktop,Chrome,427.03,1733
ses_0018,evt_000103,6,2026-09-09T16:42:14Z,payment_completed,mpesa,KES,Kenya,wallet_hub,success,,desktop,Chrome,427.03,235
ses_0019,evt_000104,1,2026-09-14T10:13:01Z,checkout_initiated,card_mastercard,PHP,Philippines,gateway_alpha,started,,desktop,Chrome,352.88,949
ses_0019,evt_000105,2,2026-09-14T10:13:07Z,method_selected,card_mastercard,PHP,Philippines,gateway_alpha,success,,desktop,Chrome,352.88,668
ses_0019,evt_000106,3,2026-09-14T10:13:14Z,details_entered,card_mastercard,PHP,Philippines,gateway_alpha,success,,desktop,Chrome,352.88,770
ses_0019,evt_000107,4,2026-09-14T10:13:21Z,authorization_requested,card_mastercard,PHP,Philippines,gateway_alpha,submitted,,desktop,Chrome,352.88,668
ses_0019,evt_000108,5,2026-09-14T10:13:24Z,3ds_redirect,card_mastercard,PHP,Philippines,gateway_alpha,redirected,,desktop,Chrome,352.88,1327
ses_0019,evt_000109,6,2026-09-14T10:13:32Z,3ds_completed,card_mastercard,PHP,Philippines,gateway_alpha,success,,desktop,Chrome,352.88,4099
ses_0019,evt_000110,7,2026-09-14T10:13:34Z,authorization_response,card_mastercard,PHP,Philippines,gateway_alpha,failed,invalid_card,desktop,Chrome,352.88,548
ses_0020,evt_000111,1,2026-09-12T11:38:00Z,checkout_initiated,card_mastercard,PHP,Philippines,gateway_alpha,started,,mobile,Edge,323.51,1250
ses_0020,evt_000112,2,2026-09-12T11:38:02Z,method_selected,card_mastercard,PHP,Philippines,gateway_alpha,success,,mobile,Edge,323.51,786
ses_0020,evt_000113,3,2026-09-12T11:38:09Z,details_entered,card_mastercard,PHP,Philippines,gateway_alpha,success,,mobile,Edge,323.51,1734
ses_0020,evt_000114,4,2026-09-12T11:38:16Z,authorization_requested,card_mastercard,PHP,Philippines,gateway_alpha,submitted,,mobile,Edge,323.51,1174
ses_0020,evt_000115,5,2026-09-12T11:38:26Z,3ds_redirect,card_mastercard,PHP,Philippines,gateway_alpha,redirected,,mobile,Edge,323.51,2194
ses_0020,evt_000116,6,2026-09-12T11:38:33Z,3ds_completed,card_mastercard,PHP,Philippines,gateway_alpha,success,,mobile,Edge,323.51,2910
ses_0020,evt_000117,7,2026-09-12T11:38:38Z,authorization_response,card_mastercard,PHP,Philippines,gateway_alpha,success,,mobile,Edge,323.51,1133
ses_0020,evt_000118,8,2026-09-12T11:38:46Z,payment_completed,card_mastercard,PHP,Philippines,gateway_alpha,success,,mobile,Edge,323.51,1632
ses_0021,evt_000119,1,2026-09-08T14:17:52Z,checkout_initiated,card_mastercard,KES,Kenya,gateway_beta,started,,mobile,Safari,141.31,656
ses_0021,evt_000120,2,2026-09-08T14:18:01Z,method_selected,card_mastercard,KES,Kenya,gateway_beta,success,,mobile,Safari,141.31,1080
ses_0021,evt_000121,3,2026-09-08T14:18:07Z,details_entered,card_mastercard,KES,Kenya,gateway_beta,success,,mobile,Safari,141.31,653
ses_0021,evt_000122,4,2026-09-08T14:18:12Z,authorization_requested,card_mastercard,KES,Kenya,gateway_beta,submitted,,mobile,Safari,141.31,1060
ses_0021,evt_000123,5,2026-09-08T14:18:30Z,3ds_redirect,card_mastercard,KES,Kenya,gateway_beta,redirected,,mobile,Safari,141.31,13437
ses_0021,evt_000124,6,2026-09-08T14:18:49Z,3ds_completed,card_mastercard,KES,Kenya,gateway_beta,abandoned,3ds_abandoned,mobile,Safari,141.31,8558
ses_0022,evt_000125,1,2026-09-02T06:49:48Z,checkout_initiated,gcash,PHP,Philippines,wallet_hub,started,,mobile,Edge,111.34,1574
ses_0022,evt_000126,2,2026-09-02T06:49:52Z,method_selected,gcash,PHP,Philippines,wallet_hub,success,,mobile,Edge,111.34,1338
ses_0022,evt_000127,3,2026-09-02T06:49:54Z,details_entered,gcash,PHP,Philippines,wallet_hub,success,,mobile,Edge,111.34,672
ses_0022,evt_000128,4,2026-09-02T06:50:03Z,authorization_requested,gcash,PHP,Philippines,wallet_hub,submitted,,mobile,Edge,111.34,596
ses_0022,evt_000129,5,2026-09-02T06:50:10Z,authorization_response,gcash,PHP,Philippines,wallet_hub,success,,mobile,Edge,111.34,762
ses_0022,evt_000130,6,2026-09-02T06:50:15Z,payment_completed,gcash,PHP,Philippines,wallet_hub,success,,mobile,Edge,111.34,1687
ses_0023,evt_000131,1,2026-09-10T20:43:49Z,checkout_initiated,card_mastercard,PHP,Philippines,gateway_beta,started,,desktop,Safari,261.86,1473
ses_0023,evt_000132,2,2026-09-10T20:43:57Z,method_selected,card_mastercard,PHP,Philippines,gateway_beta,success,,desktop,Safari,261.86,399
ses_0023,evt_000133,3,2026-09-10T20:44:08Z,details_entered,card_mastercard,PHP,Philippines,gateway_beta,success,,desktop,Safari,261.86,1284
ses_0023,evt_000134,4,2026-09-10T20:44:19Z,authorization_requested,card_mastercard,PHP,Philippines,gateway_beta,submitted,,desktop,Safari,261.86,946
ses_0023,evt_000135,5,2026-09-10T20:44:24Z,3ds_redirect,card_mastercard,PHP,Philippines,gateway_beta,redirected,,desktop,Safari,261.86,1657
ses_0023,evt_000136,6,2026-09-10T20:44:35Z,3ds_completed,card_mastercard,PHP,Philippines,gateway_beta,success,,desktop,Safari,261.86,3866
ses_0023,evt_000137,7,2026-09-10T20:44:45Z,authorization_response,card_mastercard,PHP,Philippines,gateway_beta,failed,timeout,desktop,Safari,261.86,8934
ses_0024,evt_000138,1,2026-09-02T04:26:07Z,checkout_initiated,card_visa,PHP,Philippines,gateway_beta,started,,mobile,Safari,180.63,180
ses_0024,evt_000139,2,2026-09-02T04:26:14Z,method_selected,card_visa,PHP,Philippines,gateway_beta,success,,mobile,Safari,180.63,715
ses_0024,evt_000140,3,2026-09-02T04:26:25Z,details_entered,card_visa,PHP,Philippines,gateway_beta,success,,mobile,Safari,180.63,1197
ses_0024,evt_000141,4,2026-09-02T04:26:27Z,authorization_requested,card_visa,PHP,Philippines,gateway_beta,submitted,,mobile,Safari,180.63,592
ses_0024,evt_000142,5,2026-09-02T04:26:36Z,3ds_redirect,card_visa,PHP,Philippines,gateway_beta,redirected,,mobile,Safari,180.63,1880
ses_0024,evt_000143,6,2026-09-02T04:26:44Z,3ds_completed,card_visa,PHP,Philippines,gateway_beta,success,,mobile,Safari,180.63,1658
ses_0024,evt_000144,7,2026-09-02T04:26:55Z,authorization_response,card_visa,PHP,Philippines,gateway_beta,failed,fraud_suspected,mobile,Safari,180.63,181
ses_0025,evt_000145,1,2026-09-10T04:26:00Z,checkout_initiated,card_visa,SGD,Singapore,gateway_beta,started,,desktop,Firefox,20.31,236
ses_0025,evt_000146,2,2026-09-10T04:26:09Z,method_selected,card_visa,SGD,Singapore,gateway_beta,success,,desktop,Firefox,20.31,1288
ses_0025,evt_000147,3,2026-09-10T04:26:11Z,details_entered,card_visa,SGD,Singapore,gateway_beta,success,,desktop,Firefox,20.31,1480
ses_0025,evt_000148,4,2026-09-10T04:26:17Z,authorization_requested,card_visa,SGD,Singapore,gateway_beta,submitted,,desktop,Firefox,20.31,1513
ses_0025,evt_000149,5,2026-09-10T04:26:28Z,3ds_redirect,card_visa,SGD,Singapore,gateway_beta,redirected,,desktop,Firefox,20.31,3939
ses_0025,evt_000150,6,2026-09-10T04:26:40Z,3ds_completed,card_visa,SGD,Singapore,gateway_beta,success,,desktop,Firefox,20.31,3707
ses_0025,evt_000151,7,2026-09-10T04:26:54Z,authorization_response,card_visa,SGD,Singapore,gateway_beta,failed,timeout,desktop,Firefox,20.31,10441
ses_0026,evt_000152,1,2026-09-14T01:56:51Z,checkout_initiated,card_visa,SGD,Singapore,gateway_alpha,started,,desktop,Safari,430.48,1061
ses_0026,evt_000153,2,2026-09-14T01:56:59Z,method_selected,card_visa,SGD,Singapore,gateway_alpha,success,,desktop,Safari,430.48,755
ses_0026,evt_000154,3,2026-09-14T01:57:05Z,details_entered,card_visa,SGD,Singapore,gateway_alpha,success,,desktop,Safari,430.48,1428
ses_0026,evt_000155,4,2026-09-14T01:57:10Z,authorization_requested,card_visa,SGD,Singapore,gateway_alpha,submitted,,desktop,Safari,430.48,1051
ses_0026,evt_000156,5,2026-09-14T01:57:18Z,authorization_response,card_visa,SGD,Singapore,gateway_alpha,success,,desktop,Safari,430.48,1799
ses_0026,evt_000157,6,2026-09-14T01:57:25Z,payment_completed,card_visa,SGD,Singapore,gateway_alpha,success,,desktop,Safari,430.48,286
ses_0027,evt_000158,1,2026-09-14T05:19:13Z,checkout_initiated,card_mastercard,KES,Kenya,gateway_alpha,started,,desktop,Chrome,26.76,743
ses_0027,evt_000159,2,2026-09-14T05:19:24Z,method_selected,card_mastercard,KES,Kenya,gateway_alpha,success,,desktop,Chrome,26.76,1317
ses_0027,evt_000160,3,2026-09-14T05:19:36Z,details_entered,card_mastercard,KES,Kenya,gateway_alpha,success,,desktop,Chrome,26.76,1738
ses_0027,evt_000161,4,2026-09-14T05:19:41Z,authorization_requested,card_mastercard,KES,Kenya,gateway_alpha,submitted,,desktop,Chrome,26.76,540
ses_0027,evt_000162,5,2026-09-14T05:19:52Z,3ds_redirect,card_mastercard,KES,Kenya,gateway_alpha,redirected,,desktop,Chrome,26.76,3591
ses_0027,evt_000163,6,2026-09-14T05:20:00Z,3ds_completed,card_mastercard,KES,Kenya,gateway_alpha,success,,desktop,Chrome,26.76,4631
ses_0027,evt_000164,7,2026-09-14T05:20:11Z,authorization_response,card_mastercard,KES,Kenya,gateway_alpha,success,,desktop,Chrome,26.76,377
ses_0027,evt_000165,8,2026-09-14T05:20:20Z,payment_completed,card_mastercard,KES,Kenya,gateway_alpha,success,,desktop,Chrome,26.76,1055
ses_0028,evt_000166,1,2026-09-13T09:11:31Z,checkout_initiated,card_mastercard,PHP,Philippines,gateway_alpha,started,,desktop,Chrome,101.97,803
ses_0028,evt_000167,2,2026-09-13T09:11:36Z,method_selected,card_mastercard,PHP,Philippines,gateway_alpha,success,,desktop,Chrome,101.97,735
ses_0028,evt_000168,3,2026-09-13T09:11:45Z,details_entered,card_mastercard,PHP,Philippines,gateway_alpha,success,,desktop,Chrome,101.97,498
ses_0028,evt_000169,4,2026-09-13T09:11:51Z,authorization_requested,card_mastercard,PHP,Philippines,gateway_alpha,submitted,,desktop,Chrome,101.97,1028
ses_0028,evt_000170,5,2026-09-13T09:12:05Z,3ds_redirect,card_mastercard,PHP,Philippines,gateway_alpha,redirected,,desktop,Chrome,101.97,4866
ses_0028,evt_000171,6,2026-09-13T09:12:18Z,3ds_completed,card_mastercard,PHP,Philippines,gateway_alpha,success,,desktop,Chrome,101.97,4089
ses_0028,evt_000172,7,2026-09-13T09:12:24Z,authorization_response,card_mastercard,PHP,Philippines,gateway_alpha,success,,desktop,Chrome,101.97,345
ses_0028,evt_000173,8,2026-09-13T09:12:29Z,payment_completed,card_mastercard,PHP,Philippines,gateway_alpha,success,,desktop,Chrome,101.97,1124
ses_0029,evt_000174,1,2026-09-09T12:38:07Z,checkout_initiated,bank_transfer_local,USD,Cross-border,bank_rail,started,,desktop,Safari,419.06,231
ses_0029,evt_000175,2,2026-09-09T12:38:13Z,method_selected,bank_transfer_local,USD,Cross-border,bank_rail,success,,desktop,Safari,419.06,1171
ses_0029,evt_000176,3,2026-09-09T12:38:15Z,details_entered,bank_transfer_local,USD,Cross-border,bank_rail,success,,desktop,Safari,419.06,433
ses_0029,evt_000177,4,2026-09-09T12:38:22Z,authorization_requested,bank_transfer_local,USD,Cross-border,bank_rail,submitted,,desktop,Safari,419.06,664
ses_0029,evt_000178,5,2026-09-09T12:38:28Z,authorization_response,bank_transfer_local,USD,Cross-border,bank_rail,pending,,desktop,Safari,419.06,473
ses_0030,evt_000179,1,2026-09-02T23:08:56Z,checkout_initiated,bank_transfer_local,PHP,Philippines,bank_rail,started,,desktop,Chrome,123.10,1627
ses_0030,evt_000180,2,2026-09-02T23:09:07Z,method_selected,bank_transfer_local,PHP,Philippines,bank_rail,success,,desktop,Chrome,123.10,836
ses_0030,evt_000181,3,2026-09-02T23:09:10Z,details_entered,bank_transfer_local,PHP,Philippines,bank_rail,success,,desktop,Chrome,123.10,219
ses_0030,evt_000182,4,2026-09-02T23:09:17Z,authorization_requested,bank_transfer_local,PHP,Philippines,bank_rail,submitted,,desktop,Chrome,123.10,888
ses_0030,evt_000183,5,2026-09-02T23:09:27Z,authorization_response,bank_transfer_local,PHP,Philippines,bank_rail,pending,,desktop,Chrome,123.10,1249
ses_0031,evt_000184,1,2026-09-13T03:15:44Z,checkout_initiated,card_mastercard,USD,Cross-border,gateway_alpha,started,,mobile,Chrome,186.53,395
ses_0031,evt_000185,2,2026-09-13T03:15:50Z,method_selected,card_mastercard,USD,Cross-border,gateway_alpha,success,,mobile,Chrome,186.53,359
ses_0031,evt_000186,3,2026-09-13T03:15:54Z,details_entered,card_mastercard,USD,Cross-border,gateway_alpha,success,,mobile,Chrome,186.53,840
ses_0031,evt_000187,4,2026-09-13T03:15:59Z,authorization_requested,card_mastercard,USD,Cross-border,gateway_alpha,submitted,,mobile,Chrome,186.53,584
ses_0031,evt_000188,5,2026-09-13T03:16:06Z,3ds_redirect,card_mastercard,USD,Cross-border,gateway_alpha,redirected,,mobile,Chrome,186.53,3768
ses_0031,evt_000189,6,2026-09-13T03:16:13Z,3ds_completed,card_mastercard,USD,Cross-border,gateway_alpha,success,,mobile,Chrome,186.53,4915
ses_0031,evt_000190,7,2026-09-13T03:16:20Z,authorization_response,card_mastercard,USD,Cross-border,gateway_alpha,success,,mobile,Chrome,186.53,1577
ses_0031,evt_000191,8,2026-09-13T03:16:28Z,payment_completed,card_mastercard,USD,Cross-border,gateway_alpha,success,,mobile,Chrome,186.53,422
ses_0032,evt_000192,1,2026-09-04T12:37:00Z,checkout_initiated,mpesa,USD,Cross-border,wallet_hub,started,,desktop,Safari,52.60,579
ses_0032,evt_000193,2,2026-09-04T12:37:04Z,method_selected,mpesa,USD,Cross-border,wallet_hub,success,,desktop,Safari,52.60,328
ses_0032,evt_000194,3,2026-09-04T12:37:12Z,details_entered,mpesa,USD,Cross-border,wallet_hub,success,,desktop,Safari,52.60,806
ses_0032,evt_000195,4,2026-09-04T12:37:20Z,authorization_requested,mpesa,USD,Cross-border,wallet_hub,submitted,,desktop,Safari,52.60,1145
ses_0032,evt_000196,5,2026-09-04T12:37:28Z,authorization_response,mpesa,USD,Cross-border,wallet_hub,success,,desktop,Safari,52.60,285
ses_0032,evt_000197,6,2026-09-04T12:37:31Z,payment_completed,mpesa,USD,Cross-border,wallet_hub,success,,desktop,Safari,52.60,242
ses_0033,evt_000198,1,2026-09-08T07:23:03Z,checkout_initiated,card_visa,PHP,Philippines,gateway_alpha,started,,mobile,Safari,405.27,1461
ses_0033,evt_000199,2,2026-09-08T07:23:08Z,method_selected,card_visa,PHP,Philippines,gateway_alpha,success,,mobile,Safari,405.27,465
ses_0033,evt_000200,3,2026-09-08T07:23:18Z,details_entered,card_visa,PHP,Philippines,gateway_alpha,abandoned,,mobile,Safari,405.27,1607
ses_0034,evt_000201,1,2026-09-04T00:45:33Z,checkout_initiated,card_mastercard,USD,Cross-border,gateway_alpha,started,,mobile,Chrome,392.33,1603
ses_0034,evt_000202,2,2026-09-04T00:45:44Z,method_selected,card_mastercard,USD,Cross-border,gateway_alpha,success,,mobile,Chrome,392.33,1092
ses_0034,evt_000203,3,2026-09-04T00:45:47Z,details_entered,card_mastercard,USD,Cross-border,gateway_alpha,success,,mobile,Chrome,392.33,692
ses_0034,evt_000204,4,2026-09-04T00:45:58Z,authorization_requested,card_mastercard,USD,Cross-border,gateway_alpha,submitted,,mobile,Chrome,392.33,762
ses_0034,evt_000205,5,2026-09-04T00:46:06Z,3ds_redirect,card_mastercard,USD,Cross-border,gateway_alpha,redirected,,mobile,Chrome,392.33,2331
ses_0034,evt_000206,6,2026-09-04T00:46:14Z,3ds_completed,card_mastercard,USD,Cross-border,gateway_alpha,success,,mobile,Chrome,392.33,2956
ses_0034,evt_000207,7,2026-09-04T00:46:21Z,authorization_response,card_mastercard,USD,Cross-border,gateway_alpha,success,,mobile,Chrome,392.33,1062
ses_0034,evt_000208,8,2026-09-04T00:46:26Z,payment_completed,card_mastercard,USD,Cross-border,gateway_alpha,success,,mobile,Chrome,392.33,1605
ses_0035,evt_000209,1,2026-09-02T01:02:08Z,checkout_initiated,mpesa,KES,Kenya,wallet_hub,started,,mobile,Safari,380.85,740
ses_0035,evt_000210,2,2026-09-02T01:02:17Z,method_selected,mpesa,KES,Kenya,wallet_hub,success,,mobile,Safari,380.85,942
ses_0035,evt_000211,3,2026-09-02T01:02:24Z,details_entered,mpesa,KES,Kenya,wallet_hub,abandoned,,mobile,Safari,380.85,1032
ses_0036,evt_000212,1,2026-09-11T16:11:17Z,checkout_initiated,card_visa,KES,Kenya,gateway_alpha,started,,mobile,Chrome,328.73,894
ses_0036,evt_000213,2,2026-09-11T16:11:24Z,method_selected,card_visa,KES,Kenya,gateway_alpha,success,,mobile,Chrome,328.73,1079
ses_0036,evt_000214,3,2026-09-11T16:11:33Z,details_entered,card_visa,KES,Kenya,gateway_alpha,success,,mobile,Chrome,328.73,903
ses_0036,evt_000215,4,2026-09-11T16:11:42Z,authorization_requested,card_visa,KES,Kenya,gateway_alpha,submitted,,mobile,Chrome,328.73,944
ses_0036,evt_000216,5,2026-09-11T16:11:57Z,3ds_redirect,card_visa,KES,Kenya,gateway_alpha,redirected,,mobile,Chrome,328.73,8511
ses_0036,evt_000217,6,2026-09-11T16:12:15Z,3ds_completed,card_visa,KES,Kenya,gateway_alpha,abandoned,3ds_abandoned,mobile,Chrome,328.73,12352
ses_0037,evt_000218,1,2026-09-03T17:50:17Z,checkout_initiated,mpesa,KES,Kenya,wallet_hub,started,,desktop,Chrome,17.33,209
ses_0037,evt_000219,2,2026-09-03T17:50:26Z,method_selected,mpesa,KES,Kenya,wallet_hub,success,,desktop,Chrome,17.33,628
ses_0037,evt_000220,3,2026-09-03T17:50:33Z,details_entered,mpesa,KES,Kenya,wallet_hub,success,,desktop,Chrome,17.33,352
ses_0037,evt_000221,4,2026-09-03T17:50:44Z,authorization_requested,mpesa,KES,Kenya,wallet_hub,submitted,,desktop,Chrome,17.33,1377
ses_0037,evt_000222,5,2026-09-03T17:50:55Z,authorization_response,mpesa,KES,Kenya,wallet_hub,failed,fraud_suspected,desktop,Chrome,17.33,1423
ses_0038,evt_000223,1,2026-09-05T14:49:05Z,checkout_initiated,bnpl_atome,SGD,Singapore,bnpl_connect,started,,mobile,Chrome,236.66,1767
ses_0038,evt_000224,2,2026-09-05T14:49:09Z,method_selected,bnpl_atome,SGD,Singapore,bnpl_connect,success,,mobile,Chrome,236.66,482
ses_0038,evt_000225,3,2026-09-05T14:49:19Z,details_entered,bnpl_atome,SGD,Singapore,bnpl_connect,success,,mobile,Chrome,236.66,1141
ses_0038,evt_000226,4,2026-09-05T14:49:25Z,authorization_requested,bnpl_atome,SGD,Singapore,bnpl_connect,submitted,,mobile,Chrome,236.66,585
ses_0038,evt_000227,5,2026-09-05T14:49:34Z,authorization_response,bnpl_atome,SGD,Singapore,bnpl_connect,success,,mobile,Chrome,236.66,297
ses_0038,evt_000228,6,2026-09-05T14:49:42Z,payment_completed,bnpl_atome,SGD,Singapore,bnpl_connect,success,,mobile,Chrome,236.66,530
ses_0039,evt_000229,1,2026-09-07T18:41:42Z,checkout_initiated,bank_transfer_local,PHP,Philippines,bank_rail,started,,desktop,Edge,101.95,452
ses_0039,evt_000230,2,2026-09-07T18:41:53Z,method_selected,bank_transfer_local,PHP,Philippines,bank_rail,success,,desktop,Edge,101.95,1702
ses_0039,evt_000231,3,2026-09-07T18:41:57Z,details_entered,bank_transfer_local,PHP,Philippines,bank_rail,success,,desktop,Edge,101.95,1611
ses_0039,evt_000232,4,2026-09-07T18:42:05Z,authorization_requested,bank_transfer_local,PHP,Philippines,bank_rail,submitted,,desktop,Edge,101.95,844
ses_0039,evt_000233,5,2026-09-07T18:42:07Z,authorization_response,bank_transfer_local,PHP,Philippines,bank_rail,pending,,desktop,Edge,101.95,366
ses_0040,evt_000234,1,2026-09-11T21:49:26Z,checkout_initiated,gcash,PHP,Philippines,wallet_hub,started,,desktop,Chrome,197.11,1445
ses_0040,evt_000235,2,2026-09-11T21:49:36Z,method_selected,gcash,PHP,Philippines,wallet_hub,success,,desktop,Chrome,197.11,677
ses_0040,evt_000236,3,2026-09-11T22:21:47Z,details_entered,gcash,PHP,Philippines,wallet_hub,success,,desktop,Chrome,197.11,1059
ses_0040,evt_000237,4,2026-09-11T22:21:49Z,authorization_requested,gcash,PHP,Philippines,wallet_hub,submitted,,desktop,Chrome,197.11,446
ses_0040,evt_000238,5,2026-09-11T22:21:51Z,authorization_response,gcash,PHP,Philippines,wallet_hub,success,,desktop,Chrome,197.11,1046
ses_0040,evt_000239,6,2026-09-11T22:21:57Z,payment_completed,gcash,PHP,Philippines,wallet_hub,success,,desktop,Chrome,197.11,422
ses_0041,evt_000240,1,2026-09-08T02:11:49Z,checkout_initiated,card_mastercard,PHP,Philippines,gateway_beta,started,,desktop,Safari,217.20,477
ses_0041,evt_000241,2,2026-09-08T02:11:52Z,method_selected,card_mastercard,PHP,Philippines,gateway_beta,success,,desktop,Safari,217.20,1714
ses_0041,evt_000242,3,2026-09-08T02:11:54Z,details_entered,card_mastercard,PHP,Philippines,gateway_beta,success,,desktop,Safari,217.20,703
ses_0041,evt_000243,4,2026-09-08T02:12:00Z,authorization_requested,card_mastercard,PHP,Philippines,gateway_beta,submitted,,desktop,Safari,217.20,845
ses_0041,evt_000244,5,2026-09-08T02:12:09Z,3ds_redirect,card_mastercard,PHP,Philippines,gateway_beta,redirected,,desktop,Safari,217.20,1419
ses_0041,evt_000245,6,2026-09-08T02:12:18Z,3ds_completed,card_mastercard,PHP,Philippines,gateway_beta,success,,desktop,Safari,217.20,2771
ses_0041,evt_000246,7,2026-09-08T02:12:28Z,authorization_response,card_mastercard,PHP,Philippines,gateway_beta,success,,desktop,Safari,217.20,1551
ses_0041,evt_000247,8,2026-09-08T02:12:31Z,payment_completed,card_mastercard,PHP,Philippines,gateway_beta,success,,desktop,Safari,217.20,293
ses_0042,evt_000248,1,2026-09-10T14:59:12Z,checkout_initiated,card_mastercard,SGD,Singapore,gateway_beta,started,,mobile,Firefox,128.90,570
ses_0042,evt_000249,2,2026-09-10T14:59:21Z,method_selected,card_mastercard,SGD,Singapore,gateway_beta,success,,mobile,Firefox,128.90,899
ses_0042,evt_000250,3,2026-09-10T14:59:31Z,details_entered,card_mastercard,SGD,Singapore,gateway_beta,success,,mobile,Firefox,128.90,970
ses_0042,evt_000251,4,2026-09-10T14:59:39Z,authorization_requested,card_mastercard,SGD,Singapore,gateway_beta,submitted,,mobile,Firefox,128.90,1009
ses_0042,evt_000252,5,2026-09-10T14:59:56Z,3ds_redirect,card_mastercard,SGD,Singapore,gateway_beta,redirected,,mobile,Firefox,128.90,12864
ses_0042,evt_000253,6,2026-09-10T15:00:08Z,3ds_completed,card_mastercard,SGD,Singapore,gateway_beta,abandoned,3ds_abandoned,mobile,Firefox,128.90,7692
ses_0043,evt_000254,1,2026-09-04T16:07:33Z,checkout_initiated,mpesa,KES,Kenya,wallet_hub,started,,mobile,Chrome,265.12,226
ses_0043,evt_000255,2,2026-09-04T16:07:44Z,method_selected,mpesa,KES,Kenya,wallet_hub,success,,mobile,Chrome,265.12,766
ses_0043,evt_000256,3,2026-09-04T16:07:55Z,details_entered,mpesa,KES,Kenya,wallet_hub,success,,mobile,Chrome,265.12,730
ses_0043,evt_000257,4,2026-09-04T16:08:00Z,authorization_requested,mpesa,KES,Kenya,wallet_hub,submitted,,mobile,Chrome,265.12,1390
ses_0043,evt_000258,5,2026-09-04T16:08:03Z,authorization_response,mpesa,KES,Kenya,wallet_hub,success,,mobile,Chrome,265.12,912
ses_0043,evt_000259,6,2026-09-04T16:08:14Z,payment_completed,mpesa,KES,Kenya,wallet_hub,success,,mobile,Chrome,265.12,619
ses_0044,evt_000260,1,2026-09-04T17:19:08Z,checkout_initiated,card_visa,SGD,Singapore,gateway_beta,started,,mobile,Chrome,402.24,1403
ses_0044,evt_000261,2,2026-09-04T17:19:13Z,method_selected,card_visa,SGD,Singapore,gateway_beta,success,,mobile,Chrome,402.24,1379
ses_0044,evt_000262,3,2026-09-04T17:19:16Z,details_entered,card_visa,SGD,Singapore,gateway_beta,success,,mobile,Chrome,402.24,1145
ses_0044,evt_000263,4,2026-09-04T17:19:20Z,authorization_requested,card_visa,SGD,Singapore,gateway_beta,submitted,,mobile,Chrome,402.24,839
ses_0044,evt_000264,5,2026-09-04T17:19:34Z,3ds_redirect,card_visa,SGD,Singapore,gateway_beta,redirected,,mobile,Chrome,402.24,7693
ses_0044,evt_000265,6,2026-09-04T17:19:52Z,3ds_completed,card_visa,SGD,Singapore,gateway_beta,abandoned,3ds_abandoned,mobile,Chrome,402.24,12463
ses_0045,evt_000266,1,2026-09-05T20:07:41Z,checkout_initiated,card_visa,KES,Kenya,gateway_beta,started,,mobile,Safari,371.06,423
ses_0045,evt_000267,2,2026-09-05T20:07:44Z,method_selected,card_visa,KES,Kenya,gateway_beta,success,,mobile,Safari,371.06,708
ses_0045,evt_000268,3,2026-09-05T20:07:52Z,details_entered,card_visa,KES,Kenya,gateway_beta,success,,mobile,Safari,371.06,1490
ses_0045,evt_000269,4,2026-09-05T20:08:01Z,authorization_requested,card_visa,KES,Kenya,gateway_beta,submitted,,mobile,Safari,371.06,681
ses_0045,evt_000270,5,2026-09-05T20:08:16Z,3ds_redirect,card_visa,KES,Kenya,gateway_beta,redirected,,mobile,Safari,371.06,10348
ses_0045,evt_000271,6,2026-09-05T20:08:35Z,3ds_completed,card_visa,KES,Kenya,gateway_beta,abandoned,3ds_abandoned,mobile,Safari,371.06,12086
ses_0046,evt_000272,1,2026-09-02T16:44:11Z,checkout_initiated,card_visa,SGD,Singapore,gateway_alpha,started,,mobile,Chrome,200.13,1715
ses_0046,evt_000273,2,2026-09-02T16:44:16Z,method_selected,card_visa,SGD,Singapore,gateway_alpha,success,,mobile,Chrome,200.13,802
ses_0046,evt_000274,3,2026-09-02T16:44:22Z,details_entered,card_visa,SGD,Singapore,gateway_alpha,success,,mobile,Chrome,200.13,1397
ses_0046,evt_000275,4,2026-09-02T16:44:30Z,authorization_requested,card_visa,SGD,Singapore,gateway_alpha,submitted,,mobile,Chrome,200.13,862
ses_0046,evt_000276,5,2026-09-02T16:44:32Z,authorization_response,card_visa,SGD,Singapore,gateway_alpha,success,,mobile,Chrome,200.13,684
ses_0046,evt_000277,6,2026-09-02T16:44:37Z,payment_completed,card_visa,SGD,Singapore,gateway_alpha,success,,mobile,Chrome,200.13,1412
ses_0047,evt_000278,1,2026-09-04T00:39:00Z,checkout_initiated,card_mastercard,USD,Cross-border,gateway_alpha,started,,desktop,Chrome,398.28,1796
ses_0047,evt_000279,2,2026-09-04T00:39:06Z,method_selected,card_mastercard,USD,Cross-border,gateway_alpha,success,,desktop,Chrome,398.28,1523
ses_0047,evt_000280,3,2026-09-04T00:39:13Z,details_entered,card_mastercard,USD,Cross-border,gateway_alpha,success,,desktop,Chrome,398.28,841
ses_0047,evt_000281,4,2026-09-04T00:39:20Z,authorization_requested,card_mastercard,USD,Cross-border,gateway_alpha,submitted,,desktop,Chrome,398.28,1485
ses_0047,evt_000282,5,2026-09-04T00:39:33Z,3ds_redirect,card_mastercard,USD,Cross-border,gateway_alpha,redirected,,desktop,Chrome,398.28,4066
ses_0047,evt_000283,6,2026-09-04T00:39:48Z,3ds_completed,card_mastercard,USD,Cross-border,gateway_alpha,success,,desktop,Chrome,398.28,4502
ses_0047,evt_000284,7,2026-09-04T00:39:50Z,authorization_response,card_mastercard,USD,Cross-border,gateway_alpha,success,,desktop,Chrome,398.28,504
ses_0047,evt_000285,8,2026-09-04T00:39:53Z,payment_completed,card_mastercard,USD,Cross-border,gateway_alpha,success,,desktop,Chrome,398.28,916
ses_0048,evt_000286,1,2026-09-06T20:55:02Z,checkout_initiated,mpesa,KES,Kenya,wallet_hub,started,,mobile,Chrome,182.26,939
ses_0048,evt_000287,2,2026-09-06T20:55:10Z,method_selected,mpesa,KES,Kenya,wallet_hub,success,,mobile,Chrome,182.26,614
ses_0048,evt_000288,3,2026-09-06T20:55:18Z,details_entered,mpesa,KES,Kenya,wallet_hub,success,,mobile,Chrome,182.26,1510
ses_0048,evt_000289,4,2026-09-06T20:55:29Z,authorization_requested,mpesa,KES,Kenya,wallet_hub,submitted,,mobile,Chrome,182.26,1177
ses_0048,evt_000290,5,2026-09-06T20:55:38Z,authorization_response,mpesa,KES,Kenya,wallet_hub,success,,mobile,Chrome,182.26,1225
ses_0048,evt_000291,6,2026-09-06T20:55:49Z,payment_completed,mpesa,KES,Kenya,wallet_hub,success,,mobile,Chrome,182.26,413
ses_0049,evt_000292,1,2026-09-14T19:48:25Z,checkout_initiated,card_visa,SGD,Singapore,gateway_beta,started,,mobile,Chrome,414.88,1479
ses_0049,evt_000293,2,2026-09-14T19:48:35Z,method_selected,card_visa,SGD,Singapore,gateway_beta,success,,mobile,Chrome,414.88,758
ses_0049,evt_000294,3,2026-09-14T19:48:45Z,details_entered,card_visa,SGD,Singapore,gateway_beta,success,,mobile,Chrome,414.88,989
ses_0049,evt_000295,4,2026-09-14T19:48:54Z,authorization_requested,card_visa,SGD,Singapore,gateway_beta,submitted,,mobile,Chrome,414.88,715
ses_0049,evt_000296,5,2026-09-14T19:48:56Z,authorization_response,card_visa,SGD,Singapore,gateway_beta,success,,mobile,Chrome,414.88,851
ses_0049,evt_000297,6,2026-09-14T19:49:07Z,payment_completed,card_visa,SGD,Singapore,gateway_beta,success,,mobile,Chrome,414.88,693
ses_0050,evt_000298,1,2026-09-09T02:07:46Z,checkout_initiated,bank_transfer_local,SGD,Singapore,bank_rail,started,,mobile,Safari,438.24,1120
ses_0050,evt_000299,2,2026-09-09T02:07:57Z,method_selected,bank_transfer_local,SGD,Singapore,bank_rail,success,,mobile,Safari,438.24,213
ses_0050,evt_000300,3,2026-09-09T02:08:05Z,details_entered,bank_transfer_local,SGD,Singapore,bank_rail,success,,mobile,Safari,438.24,1057
ses_0050,evt_000301,4,2026-09-09T02:08:11Z,authorization_requested,bank_transfer_local,SGD,Singapore,bank_rail,submitted,,mobile,Safari,438.24,374
ses_0050,evt_000302,5,2026-09-09T02:08:21Z,authorization_response,bank_transfer_local,SGD,Singapore,bank_rail,success,,mobile,Safari,438.24,501
ses_0050,evt_000303,6,2026-09-09T02:08:28Z,payment_completed,bank_transfer_local,SGD,Singapore,bank_rail,success,,mobile,Safari,438.24,335
ses_0051,evt_000304,1,2026-09-01T09:21:55Z,checkout_initiated,gcash,PHP,Philippines,wallet_hub,started,,desktop,Chrome,201.20,640
ses_0051,evt_000305,2,2026-09-01T09:21:57Z,method_selected,gcash,PHP,Philippines,wallet_hub,success,,desktop,Chrome,201.20,198
ses_0051,evt_000306,3,2026-09-01T09:22:08Z,details_entered,gcash,PHP,Philippines,wallet_hub,success,,desktop,Chrome,201.20,495
ses_0051,evt_000307,4,2026-09-01T09:22:13Z,authorization_requested,gcash,PHP,Philippines,wallet_hub,submitted,,desktop,Chrome,201.20,968
ses_0051,evt_000308,5,2026-09-01T09:22:18Z,authorization_response,gcash,PHP,Philippines,wallet_hub,success,,desktop,Chrome,201.20,1587
ses_0051,evt_000309,6,2026-09-01T09:22:29Z,payment_completed,gcash,PHP,Philippines,wallet_hub,success,,desktop,Chrome,201.20,1557
ses_0052,evt_000310,1,2026-09-08T12:57:41Z,checkout_initiated,card_mastercard,KES,Kenya,gateway_alpha,started,,mobile,Safari,439.95,1789
ses_0052,evt_000311,2,2026-09-08T12:57:45Z,method_selected,card_mastercard,KES,Kenya,gateway_alpha,success,,mobile,Safari,439.95,1733
ses_0052,evt_000312,3,2026-09-08T12:57:54Z,details_entered,card_mastercard,KES,Kenya,gateway_alpha,abandoned,,mobile,Safari,439.95,938
ses_0053,evt_000313,1,2026-09-01T08:28:55Z,checkout_initiated,card_visa,PHP,Philippines,gateway_beta,started,,mobile,Chrome,131.84,410
ses_0053,evt_000314,2,2026-09-01T08:28:58Z,method_selected,card_visa,PHP,Philippines,gateway_beta,success,,mobile,Chrome,131.84,824
ses_0053,evt_000315,3,2026-09-01T08:29:05Z,details_entered,card_visa,PHP,Philippines,gateway_beta,success,,mobile,Chrome,131.84,1383
ses_0053,evt_000316,4,2026-09-01T08:29:10Z,authorization_requested,card_visa,PHP,Philippines,gateway_beta,submitted,,mobile,Chrome,131.84,294
ses_0053,evt_000317,5,2026-09-01T08:29:20Z,3ds_redirect,card_visa,PHP,Philippines,gateway_beta,redirected,,mobile,Chrome,131.84,1653
ses_0053,evt_000318,6,2026-09-01T08:29:33Z,3ds_completed,card_visa,PHP,Philippines,gateway_beta,success,,mobile,Chrome,131.84,4544
ses_0053,evt_000319,7,2026-09-01T08:29:41Z,authorization_response,card_visa,PHP,Philippines,gateway_beta,success,,mobile,Chrome,131.84,1696
ses_0053,evt_000320,8,2026-09-01T08:29:45Z,payment_completed,card_visa,PHP,Philippines,gateway_beta,success,,mobile,Chrome,131.84,992
ses_0054,evt_000321,1,2026-09-06T09:17:49Z,checkout_initiated,mpesa,KES,Kenya,wallet_hub,started,,mobile,Chrome,406.50,1758
ses_0054,evt_000322,2,2026-09-06T09:17:51Z,method_selected,mpesa,KES,Kenya,wallet_hub,success,,mobile,Chrome,406.50,1031
ses_0054,evt_000323,3,2026-09-06T09:17:54Z,details_entered,mpesa,KES,Kenya,wallet_hub,success,,mobile,Chrome,406.50,1158
ses_0054,evt_000324,4,2026-09-06T09:18:01Z,authorization_requested,mpesa,KES,Kenya,wallet_hub,submitted,,mobile,Chrome,406.50,938
ses_0054,evt_000325,5,2026-09-06T09:18:12Z,authorization_response,mpesa,KES,Kenya,wallet_hub,success,,mobile,Chrome,406.50,1409
ses_0054,evt_000326,6,2026-09-06T09:18:19Z,payment_completed,mpesa,KES,Kenya,wallet_hub,success,,mobile,Chrome,406.50,1679
ses_0055,evt_000327,1,2026-09-06T20:44:18Z,checkout_initiated,gcash,USD,Cross-border,wallet_hub,started,,mobile,Safari,11.22,929
ses_0055,evt_000328,2,2026-09-06T20:44:29Z,method_selected,gcash,USD,Cross-border,wallet_hub,success,,mobile,Safari,11.22,691
ses_0055,evt_000329,3,2026-09-06T20:44:38Z,details_entered,gcash,USD,Cross-border,wallet_hub,success,,mobile,Safari,11.22,854
ses_0055,evt_000330,4,2026-09-06T20:44:49Z,authorization_requested,gcash,USD,Cross-border,wallet_hub,submitted,,mobile,Safari,11.22,1062
ses_0055,evt_000331,5,2026-09-06T20:44:51Z,authorization_response,gcash,USD,Cross-border,wallet_hub,success,,mobile,Safari,11.22,1127
ses_0055,evt_000332,6,2026-09-06T20:45:00Z,payment_completed,gcash,USD,Cross-border,wallet_hub,success,,mobile,Safari,11.22,553
ses_0056,evt_000333,1,2026-09-08T07:34:54Z,checkout_initiated,mpesa,KES,Kenya,wallet_hub,started,,mobile,Safari,384.15,982
ses_0056,evt_000334,2,2026-09-08T07:35:03Z,method_selected,mpesa,KES,Kenya,wallet_hub,success,,mobile,Safari,384.15,1139
ses_0056,evt_000335,3,2026-09-08T07:35:09Z,details_entered,mpesa,KES,Kenya,wallet_hub,success,,mobile,Safari,384.15,958
ses_0056,evt_000336,4,2026-09-08T07:35:18Z,authorization_requested,mpesa,KES,Kenya,wallet_hub,submitted,,mobile,Safari,384.15,1606
ses_0056,evt_000337,5,2026-09-08T07:35:27Z,authorization_response,mpesa,KES,Kenya,wallet_hub,success,,mobile,Safari,384.15,779
ses_0056,evt_000338,6,2026-09-08T07:35:36Z,payment_completed,mpesa,KES,Kenya,wallet_hub,success,,mobile,Safari,384.15,1145
ses_0057,evt_000339,1,2026-09-02T04:47:38Z,checkout_initiated,card_mastercard,KES,Kenya,gateway_beta,started,,mobile,Firefox,325.90,401
ses_0057,evt_000340,2,2026-09-02T04:47:45Z,method_selected,card_mastercard,KES,Kenya,gateway_beta,success,,mobile,Firefox,325.90,1088
ses_0057,evt_000341,3,2026-09-02T04:47:51Z,details_entered,card_mastercard,KES,Kenya,gateway_beta,success,,mobile,Firefox,325.90,757
ses_0057,evt_000342,4,2026-09-02T04:47:59Z,authorization_requested,card_mastercard,KES,Kenya,gateway_beta,submitted,,mobile,Firefox,325.90,537
ses_0057,evt_000343,5,2026-09-02T04:48:09Z,authorization_response,card_mastercard,KES,Kenya,gateway_beta,failed,fraud_suspected,mobile,Firefox,325.90,1606
ses_0058,evt_000344,1,2026-09-01T17:47:36Z,checkout_initiated,mpesa,KES,Kenya,wallet_hub,started,,mobile,Safari,235.72,1780
ses_0058,evt_000345,2,2026-09-01T17:47:42Z,method_selected,mpesa,KES,Kenya,wallet_hub,success,,mobile,Safari,235.72,608
ses_0058,evt_000346,3,2026-09-01T17:47:46Z,details_entered,mpesa,KES,Kenya,wallet_hub,success,,mobile,Safari,235.72,1623
ses_0058,evt_000347,4,2026-09-01T17:47:52Z,authorization_requested,mpesa,KES,Kenya,wallet_hub,submitted,,mobile,Safari,235.72,1312
ses_0058,evt_000348,5,2026-09-01T17:47:56Z,authorization_response,mpesa,KES,Kenya,wallet_hub,success,,mobile,Safari,235.72,476
ses_0058,evt_000349,6,2026-09-01T17:48:02Z,payment_completed,mpesa,KES,Kenya,wallet_hub,success,,mobile,Safari,235.72,670
ses_0059,evt_000350,1,2026-09-01T09:15:50Z,checkout_initiated,card_visa,KES,Kenya,gateway_beta,started,,desktop,Safari,335.55,1437
ses_0059,evt_000351,2,2026-09-01T09:15:56Z,method_selected,card_visa,KES,Kenya,gateway_beta,success,,desktop,Safari,335.55,1680
ses_0059,evt_000352,3,2026-09-01T09:16:03Z,details_entered,card_visa,KES,Kenya,gateway_beta,success,,desktop,Safari,335.55,1371
ses_0059,evt_000353,4,2026-09-01T09:16:14Z,authorization_requested,card_visa,KES,Kenya,gateway_beta,submitted,,desktop,Safari,335.55,937
ses_0059,evt_000354,5,2026-09-01T09:16:24Z,3ds_redirect,card_visa,KES,Kenya,gateway_beta,redirected,,desktop,Safari,335.55,1292
ses_0059,evt_000355,6,2026-09-01T09:16:30Z,3ds_completed,card_visa,KES,Kenya,gateway_beta,success,,desktop,Safari,335.55,3644
ses_0059,evt_000356,7,2026-09-01T09:16:36Z,authorization_response,card_visa,KES,Kenya,gateway_beta,failed,fraud_suspected,desktop,Safari,335.55,1473
ses_0060,evt_000357,1,2026-09-08T21:30:28Z,checkout_initiated,card_mastercard,SGD,Singapore,gateway_alpha,started,,desktop,Safari,303.59,1789
ses_0060,evt_000358,2,2026-09-08T21:30:35Z,method_selected,card_mastercard,SGD,Singapore,gateway_alpha,success,,desktop,Safari,303.59,1344
ses_0060,evt_000359,3,2026-09-08T21:30:37Z,details_entered,card_mastercard,SGD,Singapore,gateway_alpha,success,,desktop,Safari,303.59,330
ses_0060,evt_000360,4,2026-09-08T21:30:46Z,authorization_requested,card_mastercard,SGD,Singapore,gateway_alpha,submitted,,desktop,Safari,303.59,1326
ses_0060,evt_000361,5,2026-09-08T21:30:58Z,3ds_redirect,card_mastercard,SGD,Singapore,gateway_alpha,redirected,,desktop,Safari,303.59,4235
ses_0060,evt_000362,6,2026-09-08T21:31:06Z,3ds_completed,card_mastercard,SGD,Singapore,gateway_alpha,success,,desktop,Safari,303.59,3694
ses_0060,evt_000363,7,2026-09-08T21:31:17Z,authorization_response,card_mastercard,SGD,Singapore,gateway_alpha,success,,desktop,Safari,303.59,338
ses_0060,evt_000364,8,2026-09-08T21:31:24Z,payment_completed,card_mastercard,SGD,Singapore,gateway_alpha,success,,desktop,Safari,303.59,1152
ses_0061,evt_000365,1,2026-09-14T19:09:35Z,checkout_initiated,card_visa,KES,Kenya,gateway_alpha,started,,desktop,Chrome,140.05,1703
ses_0061,evt_000366,2,2026-09-14T19:09:40Z,method_selected,card_visa,KES,Kenya,gateway_alpha,success,,desktop,Chrome,140.05,696
ses_0061,evt_000367,3,2026-09-14T19:09:51Z,details_entered,card_visa,KES,Kenya,gateway_alpha,success,,desktop,Chrome,140.05,1538
ses_0061,evt_000368,4,2026-09-14T19:10:01Z,authorization_requested,card_visa,KES,Kenya,gateway_alpha,submitted,,desktop,Chrome,140.05,408
ses_0061,evt_000369,5,2026-09-14T19:10:12Z,authorization_response,card_visa,KES,Kenya,gateway_alpha,success,,desktop,Chrome,140.05,792
ses_0061,evt_000370,6,2026-09-14T19:10:19Z,payment_completed,card_visa,KES,Kenya,gateway_alpha,success,,desktop,Chrome,140.05,1232
ses_0062,evt_000371,1,2026-09-07T18:08:06Z,checkout_initiated,card_visa,PHP,Philippines,gateway_beta,started,,mobile,Safari,300.85,1639
ses_0062,evt_000372,2,2026-09-07T18:08:13Z,method_selected,card_visa,PHP,Philippines,gateway_beta,success,,mobile,Safari,300.85,200
ses_0062,evt_000373,3,2026-09-07T18:08:21Z,details_entered,card_visa,PHP,Philippines,gateway_beta,success,,mobile,Safari,300.85,1199
ses_0062,evt_000374,4,2026-09-07T18:08:26Z,authorization_requested,card_visa,PHP,Philippines,gateway_beta,submitted,,mobile,Safari,300.85,1109
ses_0062,evt_000375,5,2026-09-07T18:08:32Z,3ds_redirect,card_visa,PHP,Philippines,gateway_beta,redirected,,mobile,Safari,300.85,5010
ses_0062,evt_000376,6,2026-09-07T18:08:37Z,3ds_completed,card_visa,PHP,Philippines,gateway_beta,success,,mobile,Safari,300.85,2364
ses_0062,evt_000377,7,2026-09-07T18:08:39Z,authorization_response,card_visa,PHP,Philippines,gateway_beta,success,,mobile,Safari,300.85,1043
ses_0062,evt_000378,8,2026-09-07T18:08:45Z,payment_completed,card_visa,PHP,Philippines,gateway_beta,success,,mobile,Safari,300.85,1272
ses_0062,evt_000379,7,2026-09-07T18:08:39Z,authorization_response,card_visa,PHP,Philippines,gateway_beta,success,,mobile,Safari,300.85,1043
ses_0063,evt_000380,1,2026-09-10T12:22:10Z,checkout_initiated,card_mastercard,KES,Kenya,gateway_beta,started,,desktop,Firefox,228.20,1153
ses_0063,evt_000381,2,2026-09-10T12:22:17Z,method_selected,card_mastercard,KES,Kenya,gateway_beta,success,,desktop,Firefox,228.20,427
ses_0063,evt_000382,3,2026-09-10T12:22:22Z,details_entered,card_mastercard,KES,Kenya,gateway_beta,success,,desktop,Firefox,228.20,1084
ses_0063,evt_000383,4,2026-09-10T12:22:25Z,authorization_requested,card_mastercard,KES,Kenya,gateway_beta,submitted,,desktop,Firefox,228.20,206
ses_0063,evt_000384,5,2026-09-10T12:22:36Z,3ds_redirect,card_mastercard,KES,Kenya,gateway_beta,redirected,,desktop,Firefox,228.20,7859
ses_0063,evt_000385,6,2026-09-10T12:22:46Z,3ds_completed,card_mastercard,KES,Kenya,gateway_beta,abandoned,3ds_abandoned,desktop,Firefox,228.20,9281
ses_0064,evt_000386,1,2026-09-09T14:04:10Z,checkout_initiated,mpesa,KES,Kenya,wallet_hub,started,,desktop,Chrome,119.22,540
ses_0064,evt_000387,2,2026-09-09T14:04:19Z,method_selected,mpesa,KES,Kenya,wallet_hub,success,,desktop,Chrome,119.22,394
ses_0064,evt_000388,3,2026-09-09T14:04:22Z,details_entered,mpesa,KES,Kenya,wallet_hub,abandoned,,desktop,Chrome,119.22,305
ses_0065,evt_000389,1,2026-09-05T10:31:29Z,checkout_initiated,card_visa,KES,Kenya,gateway_alpha,started,,mobile,Firefox,268.92,792
ses_0065,evt_000390,2,2026-09-05T10:31:36Z,method_selected,card_visa,KES,Kenya,gateway_alpha,success,,mobile,Firefox,268.92,1066
ses_0065,evt_000391,3,2026-09-05T10:31:43Z,details_entered,card_visa,KES,Kenya,gateway_alpha,success,,mobile,Firefox,268.92,1638
ses_0065,evt_000392,4,2026-09-05T10:31:52Z,authorization_requested,card_visa,KES,Kenya,gateway_alpha,submitted,,mobile,Firefox,268.92,737
ses_0065,evt_000393,5,2026-09-05T10:31:58Z,authorization_response,card_visa,KES,Kenya,gateway_alpha,success,,mobile,Firefox,268.92,528
ses_0065,evt_000394,6,2026-09-05T10:32:02Z,payment_completed,card_visa,KES,Kenya,gateway_alpha,success,,mobile,Firefox,268.92,1278
ses_0066,evt_000395,1,2026-09-10T05:17:41Z,checkout_initiated,card_visa,PHP,Philippines,gateway_alpha,started,,mobile,Firefox,336.66,714
ses_0066,evt_000396,2,2026-09-10T05:17:48Z,method_selected,card_visa,PHP,Philippines,gateway_alpha,success,,mobile,Firefox,336.66,1471
ses_0066,evt_000397,3,2026-09-10T05:17:50Z,details_entered,card_visa,PHP,Philippines,gateway_alpha,success,,mobile,Firefox,336.66,204
ses_0066,evt_000398,4,2026-09-10T05:17:53Z,authorization_requested,card_visa,PHP,Philippines,gateway_alpha,submitted,,mobile,Firefox,336.66,417
ses_0066,evt_000399,5,2026-09-10T05:17:57Z,authorization_response,card_visa,PHP,Philippines,gateway_alpha,success,,mobile,Firefox,336.66,731
ses_0066,evt_000400,6,2026-09-10T05:18:04Z,payment_completed,card_visa,PHP,Philippines,gateway_alpha,success,,mobile,Firefox,336.66,522
ses_0067,evt_000401,1,2026-09-13T10:46:44Z,checkout_initiated,bank_transfer_local,KES,Kenya,bank_rail,started,,mobile,Chrome,217.58,1676
ses_0067,evt_000402,2,2026-09-13T10:46:52Z,method_selected,bank_transfer_local,KES,Kenya,bank_rail,success,,mobile,Chrome,217.58,1577
ses_0067,evt_000403,3,2026-09-13T11:10:49Z,details_entered,bank_transfer_local,KES,Kenya,bank_rail,success,,mobile,Chrome,217.58,916
ses_0067,evt_000404,4,2026-09-13T11:10:53Z,authorization_requested,bank_transfer_local,KES,Kenya,bank_rail,submitted,,mobile,Chrome,217.58,1479
ses_0067,evt_000405,5,2026-09-13T11:11:03Z,authorization_response,bank_transfer_local,KES,Kenya,bank_rail,success,,mobile,Chrome,217.58,633
ses_0067,evt_000406,6,2026-09-13T11:11:12Z,payment_completed,bank_transfer_local,KES,Kenya,bank_rail,success,,mobile,Chrome,217.58,675
ses_0068,evt_000407,1,2026-09-13T21:24:35Z,checkout_initiated,card_visa,PHP,Philippines,gateway_alpha,started,,mobile,Safari,82.78,917
ses_0068,evt_000408,2,2026-09-13T21:24:43Z,method_selected,card_visa,PHP,Philippines,gateway_alpha,success,,mobile,Safari,82.78,707
ses_0068,evt_000409,3,2026-09-13T21:24:47Z,details_entered,card_visa,PHP,Philippines,gateway_alpha,success,,mobile,Safari,82.78,1687
ses_0068,evt_000410,4,2026-09-13T21:24:58Z,authorization_requested,card_visa,PHP,Philippines,gateway_alpha,submitted,,mobile,Safari,82.78,538
ses_0068,evt_000411,5,2026-09-13T21:25:01Z,3ds_redirect,card_visa,PHP,Philippines,gateway_alpha,redirected,,mobile,Safari,82.78,2473
ses_0068,evt_000412,6,2026-09-13T21:25:09Z,3ds_completed,card_visa,PHP,Philippines,gateway_alpha,success,,mobile,Safari,82.78,2145
ses_0068,evt_000413,7,2026-09-13T21:25:20Z,authorization_response,card_visa,PHP,Philippines,gateway_alpha,failed,fraud_suspected,mobile,Safari,82.78,1370
ses_0069,evt_000414,1,2026-09-10T17:38:04Z,checkout_initiated,card_visa,PHP,Philippines,gateway_alpha,started,,mobile,Firefox,256.20,1427
ses_0069,evt_000415,2,2026-09-10T17:38:15Z,method_selected,card_visa,PHP,Philippines,gateway_alpha,success,,mobile,Firefox,256.20,592
ses_0069,evt_000416,3,2026-09-10T17:38:17Z,details_entered,card_visa,PHP,Philippines,gateway_alpha,success,,mobile,Firefox,256.20,198
ses_0069,evt_000417,4,2026-09-10T17:38:23Z,authorization_requested,card_visa,PHP,Philippines,gateway_alpha,submitted,,mobile,Firefox,256.20,954
ses_0069,evt_000418,5,2026-09-10T17:38:31Z,authorization_response,card_visa,PHP,Philippines,gateway_alpha,success,,mobile,Firefox,256.20,1598
ses_0069,evt_000419,6,2026-09-10T17:38:41Z,payment_completed,card_visa,PHP,Philippines,gateway_alpha,success,,mobile,Firefox,256.20,951
ses_0070,evt_000420,1,2026-09-03T01:11:06Z,checkout_initiated,bank_transfer_local,USD,Cross-border,bank_rail,started,,desktop,Edge,82.80,937
ses_0070,evt_000421,2,2026-09-03T01:11:14Z,method_selected,bank_transfer_local,USD,Cross-border,bank_rail,success,,desktop,Edge,82.80,900
ses_0070,evt_000422,3,2026-09-03T01:11:17Z,details_entered,bank_transfer_local,USD,Cross-border,bank_rail,success,,desktop,Edge,82.80,1147
ses_0070,evt_000423,4,2026-09-03T01:11:19Z,authorization_requested,bank_transfer_local,USD,Cross-border,bank_rail,submitted,,desktop,Edge,82.80,240
ses_0070,evt_000424,5,2026-09-03T01:11:24Z,authorization_response,bank_transfer_local,USD,Cross-border,bank_rail,success,,desktop,Edge,82.80,1539
ses_0070,evt_000425,6,2026-09-03T01:11:35Z,payment_completed,bank_transfer_local,USD,Cross-border,bank_rail,success,,desktop,Edge,82.80,333
ses_0071,evt_000426,1,2026-09-08T16:10:39Z,checkout_initiated,card_visa,SGD,Singapore,gateway_alpha,started,,mobile,Chrome,404.53,856
ses_0071,evt_000427,2,2026-09-08T16:10:49Z,method_selected,card_visa,SGD,Singapore,gateway_alpha,success,,mobile,Chrome,404.53,444
ses_0071,evt_000428,3,2026-09-08T16:10:54Z,details_entered,card_visa,SGD,Singapore,gateway_alpha,success,,mobile,Chrome,404.53,296
ses_0071,evt_000429,4,2026-09-08T16:11:05Z,authorization_requested,card_visa,SGD,Singapore,gateway_alpha,submitted,,mobile,Chrome,404.53,236
ses_0071,evt_000430,5,2026-09-08T16:11:07Z,authorization_response,card_visa,SGD,Singapore,gateway_alpha,success,,mobile,Chrome,404.53,1291
ses_0071,evt_000431,6,2026-09-08T16:11:15Z,payment_completed,card_visa,SGD,Singapore,gateway_alpha,success,,mobile,Chrome,404.53,773
ses_0072,evt_000432,1,2026-09-03T17:52:38Z,checkout_initiated,card_visa,PHP,Philippines,gateway_alpha,started,,mobile,Chrome,82.42,1673
ses_0072,evt_000433,2,2026-09-03T17:52:50Z,method_selected,card_visa,PHP,Philippines,gateway_alpha,success,,mobile,Chrome,82.42,1765
ses_0072,evt_000434,3,2026-09-03T17:52:52Z,details_entered,card_visa,PHP,Philippines,gateway_alpha,success,,mobile,Chrome,82.42,1047
ses_0072,evt_000435,4,2026-09-03T17:52:56Z,authorization_requested,card_visa,PHP,Philippines,gateway_alpha,submitted,,mobile,Chrome,82.42,268
ses_0072,evt_000436,5,2026-09-03T17:53:10Z,3ds_redirect,card_visa,PHP,Philippines,gateway_alpha,redirected,,mobile,Chrome,82.42,3755
ses_0072,evt_000437,6,2026-09-03T17:53:22Z,3ds_completed,card_visa,PHP,Philippines,gateway_alpha,success,,mobile,Chrome,82.42,3290
ses_0072,evt_000438,7,2026-09-03T17:53:27Z,authorization_response,card_visa,PHP,Philippines,gateway_alpha,failed,insufficient_funds,mobile,Chrome,82.42,1203
ses_0073,evt_000439,1,2026-09-12T03:47:26Z,checkout_initiated,mpesa,KES,Kenya,wallet_hub,started,,mobile,Chrome,16.15,992
ses_0073,evt_000440,2,2026-09-12T03:47:29Z,method_selected,mpesa,KES,Kenya,wallet_hub,success,,mobile,Chrome,16.15,205
ses_0073,evt_000441,3,2026-09-12T03:47:33Z,details_entered,mpesa,KES,Kenya,wallet_hub,success,,mobile,Chrome,16.15,291
ses_0073,evt_000442,4,2026-09-12T03:47:42Z,authorization_requested,mpesa,KES,Kenya,wallet_hub,submitted,,mobile,Chrome,16.15,1279
ses_0073,evt_000443,5,2026-09-12T03:47:48Z,authorization_response,mpesa,KES,Kenya,wallet_hub,success,,mobile,Chrome,16.15,1636
ses_0073,evt_000444,6,2026-09-12T03:47:56Z,payment_completed,mpesa,KES,Kenya,wallet_hub,success,,mobile,Chrome,16.15,1217
ses_0074,evt_000445,1,2026-09-14T04:52:47Z,checkout_initiated,card_mastercard,PHP,Philippines,gateway_alpha,started,,desktop,Chrome,310.67,526
ses_0074,evt_000446,2,2026-09-14T04:52:56Z,method_selected,card_mastercard,PHP,Philippines,gateway_alpha,success,,desktop,Chrome,310.67,1262
ses_0074,evt_000447,3,2026-09-14T04:53:03Z,details_entered,card_mastercard,PHP,Philippines,gateway_alpha,success,,desktop,Chrome,310.67,180
ses_0074,evt_000448,4,2026-09-14T04:53:05Z,authorization_requested,card_mastercard,PHP,Philippines,gateway_alpha,submitted,,desktop,Chrome,310.67,621
ses_0074,evt_000449,5,2026-09-14T04:53:11Z,3ds_redirect,card_mastercard,PHP,Philippines,gateway_alpha,redirected,,desktop,Chrome,310.67,2812
ses_0074,evt_000450,6,2026-09-14T04:53:22Z,3ds_completed,card_mastercard,PHP,Philippines,gateway_alpha,success,,desktop,Chrome,310.67,1106
ses_0074,evt_000451,7,2026-09-14T04:53:31Z,authorization_response,card_mastercard,PHP,Philippines,gateway_alpha,success,,desktop,Chrome,310.67,594
ses_0074,evt_000452,8,2026-09-14T04:53:37Z,payment_completed,card_mastercard,PHP,Philippines,gateway_alpha,success,,desktop,Chrome,310.67,660
ses_0075,evt_000453,1,2026-09-01T13:05:07Z,checkout_initiated,card_visa,USD,Cross-border,gateway_beta,started,,mobile,Chrome,22.98,850
ses_0075,evt_000454,2,2026-09-01T13:05:18Z,method_selected,card_visa,USD,Cross-border,gateway_beta,success,,mobile,Chrome,22.98,903
ses_0075,evt_000455,3,2026-09-01T13:05:25Z,details_entered,card_visa,USD,Cross-border,gateway_beta,success,,mobile,Chrome,22.98,534
ses_0075,evt_000456,4,2026-09-01T13:05:32Z,authorization_requested,card_visa,USD,Cross-border,gateway_beta,submitted,,mobile,Chrome,22.98,411
ses_0075,evt_000457,5,2026-09-01T13:05:50Z,3ds_redirect,card_visa,USD,Cross-border,gateway_beta,redirected,,mobile,Chrome,22.98,12366
ses_0075,evt_000458,6,2026-09-01T13:06:11Z,3ds_completed,card_visa,USD,Cross-border,gateway_beta,abandoned,3ds_abandoned,mobile,Chrome,22.98,12556
ses_0076,evt_000459,1,2026-09-03T10:12:05Z,checkout_initiated,card_mastercard,PHP,Philippines,gateway_beta,started,,mobile,Chrome,90.84,1343
ses_0076,evt_000460,2,2026-09-03T10:12:11Z,method_selected,card_mastercard,PHP,Philippines,gateway_beta,success,,mobile,Chrome,90.84,507
ses_0076,evt_000461,3,2026-09-03T10:12:13Z,details_entered,card_mastercard,PHP,Philippines,gateway_beta,success,,mobile,Chrome,90.84,1421
ses_0076,evt_000462,4,2026-09-03T10:12:15Z,authorization_requested,card_mastercard,PHP,Philippines,gateway_beta,submitted,,mobile,Chrome,90.84,453
ses_0076,evt_000463,5,2026-09-03T10:12:22Z,3ds_redirect,card_mastercard,PHP,Philippines,gateway_beta,redirected,,mobile,Chrome,90.84,2126
ses_0076,evt_000464,6,2026-09-03T10:12:34Z,3ds_completed,card_mastercard,PHP,Philippines,gateway_beta,success,,mobile,Chrome,90.84,3253
ses_0076,evt_000465,7,2026-09-03T10:12:37Z,authorization_response,card_mastercard,PHP,Philippines,gateway_beta,failed,insufficient_funds,mobile,Chrome,90.84,245
ses_0077,evt_000466,1,2026-09-11T09:33:03Z,checkout_initiated,mpesa,KES,Kenya,wallet_hub,started,,mobile,Chrome,30.31,749
ses_0077,evt_000467,2,2026-09-11T09:33:10Z,method_selected,mpesa,KES,Kenya,wallet_hub,success,,mobile,Chrome,30.31,1048
ses_0077,evt_000468,3,2026-09-11T09:33:16Z,details_entered,mpesa,KES,Kenya,wallet_hub,success,,mobile,Chrome,30.31,1356
ses_0077,evt_000469,4,2026-09-11T09:33:19Z,authorization_requested,mpesa,KES,Kenya,wallet_hub,submitted,,mobile,Chrome,30.31,1489
ses_0077,evt_000470,5,2026-09-11T09:33:27Z,authorization_response,mpesa,KES,Kenya,wallet_hub,success,,mobile,Chrome,30.31,1602
ses_0077,evt_000471,6,2026-09-11T09:33:31Z,payment_completed,mpesa,KES,Kenya,wallet_hub,success,,mobile,Chrome,30.31,1584
ses_0078,evt_000472,1,2026-09-09T11:32:13Z,checkout_initiated,bank_transfer_local,SGD,Singapore,bank_rail,started,,mobile,Safari,179.09,344
ses_0078,evt_000473,2,2026-09-09T11:32:18Z,method_selected,bank_transfer_local,SGD,Singapore,bank_rail,success,,mobile,Safari,179.09,318
ses_0078,evt_000474,3,2026-09-09T11:51:03Z,details_entered,bank_transfer_local,SGD,Singapore,bank_rail,success,,mobile,Safari,179.09,1110
ses_0078,evt_000475,4,2026-09-09T11:51:06Z,authorization_requested,bank_transfer_local,SGD,Singapore,bank_rail,submitted,,mobile,Safari,179.09,1119
ses_0078,evt_000476,5,2026-09-09T11:51:13Z,authorization_response,bank_transfer_local,SGD,Singapore,bank_rail,pending,,mobile,Safari,179.09,846
ses_0079,evt_000477,1,2026-09-13T19:57:54Z,checkout_initiated,card_visa,PHP,Philippines,gateway_beta,started,,mobile,Chrome,408.72,1757
ses_0079,evt_000478,2,2026-09-13T19:57:57Z,method_selected,card_visa,PHP,Philippines,gateway_beta,success,,mobile,Chrome,408.72,341
ses_0079,evt_000479,3,2026-09-13T19:58:06Z,details_entered,card_visa,PHP,Philippines,gateway_beta,success,,mobile,Chrome,408.72,1623
ses_0079,evt_000480,4,2026-09-13T19:58:11Z,authorization_requested,card_visa,PHP,Philippines,gateway_beta,submitted,,mobile,Chrome,408.72,293
ses_0079,evt_000481,5,2026-09-13T19:58:13Z,authorization_response,card_visa,PHP,Philippines,gateway_beta,success,,mobile,Chrome,408.72,304
ses_0079,evt_000482,6,2026-09-13T19:58:16Z,payment_completed,card_visa,PHP,Philippines,gateway_beta,success,,mobile,Chrome,408.72,858
ses_0080,evt_000483,1,2026-09-10T09:14:17Z,checkout_initiated,gcash,PHP,Philippines,wallet_hub,started,,desktop,Firefox,270.27,693
ses_0080,evt_000484,2,2026-09-10T09:14:29Z,method_selected,gcash,PHP,Philippines,wallet_hub,success,,desktop,Firefox,270.27,1792
ses_0080,evt_000485,3,2026-09-10T09:14:32Z,details_entered,gcash,PHP,Philippines,wallet_hub,success,,desktop,Firefox,270.27,907
ses_0080,evt_000486,4,2026-09-10T09:14:38Z,authorization_requested,gcash,PHP,Philippines,wallet_hub,submitted,,desktop,Firefox,270.27,728
ses_0080,evt_000487,5,2026-09-10T09:14:48Z,authorization_response,gcash,PHP,Philippines,wallet_hub,success,,desktop,Firefox,270.27,933
ses_0080,evt_000488,6,2026-09-10T09:14:56Z,payment_completed,gcash,PHP,Philippines,wallet_hub,success,,desktop,Firefox,270.27,367
ses_0081,evt_000489,1,2026-09-13T06:30:26Z,checkout_initiated,mpesa,KES,Kenya,wallet_hub,started,,mobile,Chrome,24.91,356
ses_0081,evt_000490,2,2026-09-13T06:30:30Z,method_selected,mpesa,KES,Kenya,wallet_hub,success,,mobile,Chrome,24.91,1466
ses_0081,evt_000491,3,2026-09-13T06:30:33Z,details_entered,mpesa,KES,Kenya,wallet_hub,success,,mobile,Chrome,24.91,868
ses_0081,evt_000492,4,2026-09-13T06:30:37Z,authorization_requested,mpesa,KES,Kenya,wallet_hub,submitted,,mobile,Chrome,24.91,1469
ses_0081,evt_000493,5,2026-09-13T06:30:45Z,authorization_response,mpesa,KES,Kenya,wallet_hub,success,,mobile,Chrome,24.91,1717
ses_0081,evt_000494,6,2026-09-13T06:30:54Z,payment_completed,mpesa,KES,Kenya,wallet_hub,success,,mobile,Chrome,24.91,1775
ses_0082,evt_000495,1,2026-09-04T22:06:53Z,checkout_initiated,card_visa,PHP,Philippines,gateway_beta,started,,desktop,Chrome,249.69,1003
ses_0082,evt_000496,2,2026-09-04T22:06:57Z,method_selected,card_visa,PHP,Philippines,gateway_beta,success,,desktop,Chrome,249.69,1020
ses_0082,evt_000497,3,2026-09-04T22:06:59Z,details_entered,card_visa,PHP,Philippines,gateway_beta,success,,desktop,Chrome,249.69,571
ses_0082,evt_000498,4,2026-09-04T22:07:08Z,authorization_requested,card_visa,PHP,Philippines,gateway_beta,submitted,,desktop,Chrome,249.69,1430
ses_0082,evt_000499,5,2026-09-04T22:07:23Z,3ds_redirect,card_visa,PHP,Philippines,gateway_beta,redirected,,desktop,Chrome,249.69,4588
ses_0082,evt_000500,6,2026-09-04T22:07:28Z,3ds_completed,card_visa,PHP,Philippines,gateway_beta,success,,desktop,Chrome,249.69,2102
ses_0082,evt_000501,7,2026-09-04T22:07:33Z,authorization_response,card_visa,PHP,Philippines,gateway_beta,failed,insufficient_funds,desktop,Chrome,249.69,624
ses_0083,evt_000502,1,2026-09-03T10:26:15Z,checkout_initiated,card_mastercard,USD,Cross-border,gateway_alpha,started,,mobile,Chrome,157.11,893
ses_0083,evt_000503,2,2026-09-03T10:26:19Z,method_selected,card_mastercard,USD,Cross-border,gateway_alpha,success,,mobile,Chrome,157.11,1116
ses_0083,evt_000504,3,2026-09-03T10:26:29Z,details_entered,card_mastercard,USD,Cross-border,gateway_alpha,success,,mobile,Chrome,157.11,294
ses_0083,evt_000505,4,2026-09-03T10:26:35Z,authorization_requested,card_mastercard,USD,Cross-border,gateway_alpha,abandoned,,mobile,Chrome,157.11,1607
ses_0084,evt_000506,1,2026-09-04T19:59:19Z,checkout_initiated,card_mastercard,USD,Cross-border,gateway_beta,started,,desktop,Edge,371.34,995
ses_0084,evt_000507,2,2026-09-04T19:59:27Z,method_selected,card_mastercard,USD,Cross-border,gateway_beta,success,,desktop,Edge,371.34,822
ses_0084,evt_000508,3,2026-09-04T19:59:29Z,details_entered,card_mastercard,USD,Cross-border,gateway_beta,success,,desktop,Edge,371.34,499
ses_0084,evt_000509,4,2026-09-04T19:59:35Z,authorization_requested,card_mastercard,USD,Cross-border,gateway_beta,submitted,,desktop,Edge,371.34,313
ses_0084,evt_000510,5,2026-09-04T19:59:47Z,3ds_redirect,card_mastercard,USD,Cross-border,gateway_beta,redirected,,desktop,Edge,371.34,10336
ses_0084,evt_000511,6,2026-09-04T19:59:58Z,3ds_completed,card_mastercard,USD,Cross-border,gateway_beta,abandoned,3ds_abandoned,desktop,Edge,371.34,8774
ses_0085,evt_000512,1,2026-09-14T10:26:59Z,checkout_initiated,card_visa,KES,Kenya,gateway_alpha,started,,mobile,Safari,445.28,210
ses_0085,evt_000513,2,2026-09-14T10:27:07Z,method_selected,card_visa,KES,Kenya,gateway_alpha,success,,mobile,Safari,445.28,933
ses_0085,evt_000514,3,2026-09-14T10:27:14Z,details_entered,card_visa,KES,Kenya,gateway_alpha,success,,mobile,Safari,445.28,620
ses_0085,evt_000515,4,2026-09-14T10:27:19Z,authorization_requested,card_visa,KES,Kenya,gateway_alpha,submitted,,mobile,Safari,445.28,314
ses_0085,evt_000516,5,2026-09-14T10:27:32Z,3ds_redirect,card_visa,KES,Kenya,gateway_alpha,redirected,,mobile,Safari,445.28,9096
ses_0085,evt_000517,6,2026-09-14T10:27:43Z,3ds_completed,card_visa,KES,Kenya,gateway_alpha,abandoned,3ds_abandoned,mobile,Safari,445.28,9196
ses_0086,evt_000518,1,2026-09-02T11:32:14Z,checkout_initiated,bank_transfer_local,PHP,Philippines,bank_rail,started,,mobile,Safari,446.66,1430
ses_0086,evt_000519,2,2026-09-02T11:32:23Z,method_selected,bank_transfer_local,PHP,Philippines,bank_rail,success,,mobile,Safari,446.66,269
ses_0086,evt_000520,3,2026-09-02T11:32:28Z,details_entered,bank_transfer_local,PHP,Philippines,bank_rail,success,,mobile,Safari,446.66,1141
ses_0086,evt_000521,4,2026-09-02T11:32:37Z,authorization_requested,bank_transfer_local,PHP,Philippines,bank_rail,submitted,,mobile,Safari,446.66,905
ses_0086,evt_000522,5,2026-09-02T11:32:41Z,authorization_response,bank_transfer_local,PHP,Philippines,bank_rail,success,,mobile,Safari,446.66,656
ses_0086,evt_000523,6,2026-09-02T11:32:51Z,payment_completed,bank_transfer_local,PHP,Philippines,bank_rail,success,,mobile,Safari,446.66,591
ses_0087,evt_000524,1,2026-09-12T13:47:11Z,checkout_initiated,gcash,PHP,Philippines,wallet_hub,started,,mobile,Chrome,14.98,286
ses_0088,evt_000525,1,2026-09-03T07:49:03Z,checkout_initiated,gcash,PHP,Philippines,wallet_hub,started,,mobile,Chrome,455.61,1189
ses_0088,evt_000526,2,2026-09-03T07:49:06Z,method_selected,gcash,PHP,Philippines,wallet_hub,success,,mobile,Chrome,455.61,732
ses_0088,evt_000527,3,2026-09-03T07:49:13Z,details_entered,gcash,PHP,Philippines,wallet_hub,success,,mobile,Chrome,455.61,996
ses_0088,evt_000528,4,2026-09-03T07:49:23Z,authorization_requested,gcash,PHP,Philippines,wallet_hub,submitted,,mobile,Chrome,455.61,587
ses_0088,evt_000529,5,2026-09-03T07:49:34Z,authorization_response,gcash,PHP,Philippines,wallet_hub,failed,invalid_card,mobile,Chrome,455.61,271
ses_0089,evt_000530,1,2026-09-13T06:58:53Z,checkout_initiated,card_mastercard,USD,Cross-border,gateway_alpha,started,,mobile,Chrome,417.08,1301
ses_0089,evt_000531,2,2026-09-13T06:59:02Z,method_selected,card_mastercard,USD,Cross-border,gateway_alpha,success,,mobile,Chrome,417.08,1048
ses_0089,evt_000532,3,2026-09-13T06:59:12Z,details_entered,card_mastercard,USD,Cross-border,gateway_alpha,success,,mobile,Chrome,417.08,879
ses_0089,evt_000533,4,2026-09-13T06:59:14Z,authorization_requested,card_mastercard,USD,Cross-border,gateway_alpha,submitted,,mobile,Chrome,417.08,463
ses_0089,evt_000534,5,2026-09-13T06:59:23Z,3ds_redirect,card_mastercard,USD,Cross-border,gateway_alpha,redirected,,mobile,Chrome,417.08,4955
ses_0089,evt_000535,6,2026-09-13T06:59:34Z,3ds_completed,card_mastercard,USD,Cross-border,gateway_alpha,success,,mobile,Chrome,417.08,1549
ses_0089,evt_000536,7,2026-09-13T06:59:40Z,authorization_response,card_mastercard,USD,Cross-border,gateway_alpha,failed,fraud_suspected,mobile,Chrome,417.08,1286
ses_0090,evt_000537,1,2026-09-07T22:10:09Z,checkout_initiated,card_mastercard,PHP,Philippines,gateway_beta,started,,desktop,Safari,19.55,1431
ses_0091,evt_000538,1,2026-09-13T10:50:50Z,checkout_initiated,card_visa,PHP,Philippines,gateway_alpha,started,,mobile,Safari,298.23,298
ses_0091,evt_000539,2,2026-09-13T10:50:52Z,method_selected,card_visa,PHP,Philippines,gateway_alpha,success,,mobile,Safari,298.23,208
ses_0091,evt_000540,3,2026-09-13T10:51:03Z,details_entered,card_visa,PHP,Philippines,gateway_alpha,success,,mobile,Safari,298.23,1439
ses_0091,evt_000541,4,2026-09-13T10:51:08Z,authorization_requested,card_visa,PHP,Philippines,gateway_alpha,submitted,,mobile,Safari,298.23,832
ses_0091,evt_000542,5,2026-09-13T10:51:13Z,3ds_redirect,card_visa,PHP,Philippines,gateway_alpha,redirected,,mobile,Safari,298.23,2103
ses_0091,evt_000543,6,2026-09-13T10:51:16Z,3ds_completed,card_visa,PHP,Philippines,gateway_alpha,success,,mobile,Safari,298.23,1921
ses_0091,evt_000544,7,2026-09-13T10:51:20Z,authorization_response,card_visa,PHP,Philippines,gateway_alpha,success,,mobile,Safari,298.23,1013
ses_0091,evt_000545,8,2026-09-13T10:51:26Z,payment_completed,card_visa,PHP,Philippines,gateway_alpha,success,,mobile,Safari,298.23,1005
ses_0092,evt_000546,1,2026-09-11T22:17:50Z,checkout_initiated,gcash,PHP,Philippines,wallet_hub,started,,mobile,Edge,160.80,552
ses_0093,evt_000547,1,2026-09-05T19:46:08Z,checkout_initiated,mpesa,KES,Kenya,wallet_hub,started,,mobile,Chrome,205.62,242
ses_0093,evt_000548,2,2026-09-05T19:46:17Z,method_selected,mpesa,KES,Kenya,wallet_hub,success,,mobile,Chrome,205.62,821
ses_0093,evt_000549,3,2026-09-05T19:46:24Z,details_entered,mpesa,KES,Kenya,wallet_hub,success,,mobile,Chrome,205.62,817
ses_0093,evt_000550,4,2026-09-05T19:46:34Z,authorization_requested,mpesa,KES,Kenya,wallet_hub,submitted,,mobile,Chrome,205.62,557
ses_0093,evt_000551,5,2026-09-05T19:46:43Z,authorization_response,mpesa,KES,Kenya,wallet_hub,success,,mobile,Chrome,205.62,942
ses_0093,evt_000552,6,2026-09-05T19:46:49Z,payment_completed,mpesa,KES,Kenya,wallet_hub,success,,mobile,Chrome,205.62,1302
ses_0094,evt_000553,1,2026-09-08T13:59:26Z,checkout_initiated,gcash,PHP,Philippines,wallet_hub,started,,mobile,Chrome,349.62,1314
ses_0094,evt_000554,2,2026-09-08T13:59:37Z,method_selected,gcash,PHP,Philippines,wallet_hub,success,,mobile,Chrome,349.62,1239
ses_0094,evt_000555,3,2026-09-08T13:59:49Z,details_entered,gcash,PHP,Philippines,wallet_hub,success,,mobile,Chrome,349.62,1501
ses_0094,evt_000556,4,2026-09-08T13:59:57Z,authorization_requested,gcash,PHP,Philippines,wallet_hub,submitted,,mobile,Chrome,349.62,1535
ses_0094,evt_000557,5,2026-09-08T13:59:59Z,authorization_response,gcash,PHP,Philippines,wallet_hub,success,,mobile,Chrome,349.62,662
ses_0094,evt_000558,6,2026-09-08T14:00:08Z,payment_completed,gcash,PHP,Philippines,wallet_hub,success,,mobile,Chrome,349.62,678
ses_0095,evt_000559,1,2026-09-11T10:24:44Z,checkout_initiated,card_visa,PHP,Philippines,gateway_beta,started,,mobile,Chrome,110.31,413
ses_0095,evt_000560,2,2026-09-11T10:24:50Z,method_selected,card_visa,PHP,Philippines,gateway_beta,success,,mobile,Chrome,110.31,562
ses_0095,evt_000561,3,2026-09-11T10:24:54Z,details_entered,card_visa,PHP,Philippines,gateway_beta,success,,mobile,Chrome,110.31,1046
ses_0095,evt_000562,4,2026-09-11T10:24:59Z,authorization_requested,card_visa,PHP,Philippines,gateway_beta,submitted,,mobile,Chrome,110.31,326
ses_0095,evt_000563,5,2026-09-11T10:25:11Z,3ds_redirect,card_visa,PHP,Philippines,gateway_beta,redirected,,mobile,Chrome,110.31,2707
ses_0095,evt_000564,6,2026-09-11T10:25:24Z,3ds_completed,card_visa,PHP,Philippines,gateway_beta,success,,mobile,Chrome,110.31,4826
ses_0095,evt_000565,7,2026-09-11T10:25:28Z,authorization_response,card_visa,PHP,Philippines,gateway_beta,failed,invalid_card,mobile,Chrome,110.31,861
ses_0096,evt_000566,1,2026-09-07T06:25:41Z,checkout_initiated,card_mastercard,SGD,Singapore,gateway_alpha,started,,mobile,Safari,130.34,1744
ses_0096,evt_000567,2,2026-09-07T06:25:49Z,method_selected,card_mastercard,SGD,Singapore,gateway_alpha,success,,mobile,Safari,130.34,1773
ses_0096,evt_000568,3,2026-09-07T06:25:56Z,details_entered,card_mastercard,SGD,Singapore,gateway_alpha,success,,mobile,Safari,130.34,1460
ses_0096,evt_000569,4,2026-09-07T06:26:02Z,authorization_requested,card_mastercard,SGD,Singapore,gateway_alpha,submitted,,mobile,Safari,130.34,1511
ses_0096,evt_000570,5,2026-09-07T06:26:06Z,authorization_response,card_mastercard,SGD,Singapore,gateway_alpha,success,,mobile,Safari,130.34,205
ses_0096,evt_000571,6,2026-09-07T06:26:14Z,payment_completed,card_mastercard,SGD,Singapore,gateway_alpha,success,,mobile,Safari,130.34,419
ses_0097,evt_000572,1,2026-09-05T17:23:34Z,checkout_initiated,mpesa,KES,Kenya,wallet_hub,started,,mobile,Safari,192.38,242
ses_0097,evt_000573,2,2026-09-05T17:23:37Z,method_selected,mpesa,KES,Kenya,wallet_hub,success,,mobile,Safari,192.38,870
ses_0097,evt_000574,3,2026-09-05T17:23:45Z,details_entered,mpesa,KES,Kenya,wallet_hub,success,,mobile,Safari,192.38,1283
ses_0097,evt_000575,4,2026-09-05T17:23:50Z,authorization_requested,mpesa,KES,Kenya,wallet_hub,submitted,,mobile,Safari,192.38,1650
ses_0097,evt_000576,5,2026-09-05T17:23:59Z,authorization_response,mpesa,KES,Kenya,wallet_hub,success,,mobile,Safari,192.38,494
ses_0097,evt_000577,6,2026-09-05T17:24:06Z,payment_completed,mpesa,KES,Kenya,wallet_hub,success,,mobile,Safari,192.38,1760
ses_0098,evt_000578,1,2026-09-14T05:59:01Z,checkout_initiated,bnpl_atome,SGD,Singapore,bnpl_connect,started,,desktop,Chrome,341.19,1769
ses_0098,evt_000579,2,2026-09-14T05:59:11Z,method_selected,bnpl_atome,SGD,Singapore,bnpl_connect,success,,desktop,Chrome,341.19,206
ses_0098,evt_000580,3,2026-09-14T05:59:22Z,details_entered,bnpl_atome,SGD,Singapore,bnpl_connect,success,,desktop,Chrome,341.19,1087
ses_0098,evt_000581,4,2026-09-14T05:59:33Z,authorization_requested,bnpl_atome,SGD,Singapore,bnpl_connect,submitted,,desktop,Chrome,341.19,1614
ses_0098,evt_000582,5,2026-09-14T05:59:36Z,authorization_response,bnpl_atome,SGD,Singapore,bnpl_connect,success,,desktop,Chrome,341.19,1765
ses_0098,evt_000583,6,2026-09-14T05:59:41Z,payment_completed,bnpl_atome,SGD,Singapore,bnpl_connect,success,,desktop,Chrome,341.19,1145
ses_0099,evt_000584,1,2026-09-12T12:17:09Z,checkout_initiated,bnpl_atome,SGD,Singapore,bnpl_connect,started,,mobile,Chrome,348.13,369
ses_0099,evt_000585,2,2026-09-12T12:17:12Z,method_selected,bnpl_atome,SGD,Singapore,bnpl_connect,success,,mobile,Chrome,348.13,1377
ses_0099,evt_000586,3,2026-09-12T12:17:18Z,details_entered,bnpl_atome,SGD,Singapore,bnpl_connect,success,,mobile,Chrome,348.13,1764
ses_0099,evt_000587,4,2026-09-12T12:17:30Z,authorization_requested,bnpl_atome,SGD,Singapore,bnpl_connect,submitted,,mobile,Chrome,348.13,1525
ses_0099,evt_000588,5,2026-09-12T12:17:32Z,authorization_response,bnpl_atome,SGD,Singapore,bnpl_connect,success,,mobile,Chrome,348.13,271
ses_0099,evt_000589,6,2026-09-12T12:17:35Z,payment_completed,bnpl_atome,SGD,Singapore,bnpl_connect,success,,mobile,Chrome,348.13,732
ses_0100,evt_000590,1,2026-09-10T04:45:46Z,checkout_initiated,card_visa,KES,Kenya,gateway_alpha,started,,mobile,Safari,229.46,1193
ses_0100,evt_000591,2,2026-09-10T04:45:57Z,method_selected,card_visa,KES,Kenya,gateway_alpha,success,,mobile,Safari,229.46,492
ses_0100,evt_000592,3,2026-09-10T04:46:02Z,details_entered,card_visa,KES,Kenya,gateway_alpha,abandoned,,mobile,Safari,229.46,1326
ses_0101,evt_000593,1,2026-09-01T06:28:55Z,checkout_initiated,card_visa,SGD,Singapore,gateway_beta,started,,desktop,Safari,458.83,1614
ses_0101,evt_000594,2,2026-09-01T06:28:59Z,method_selected,card_visa,SGD,Singapore,gateway_beta,success,,desktop,Safari,458.83,1337
ses_0101,evt_000595,3,2026-09-01T06:29:04Z,details_entered,card_visa,SGD,Singapore,gateway_beta,success,,desktop,Safari,458.83,233
ses_0101,evt_000596,4,2026-09-01T06:29:14Z,authorization_requested,card_visa,SGD,Singapore,gateway_beta,submitted,,desktop,Safari,458.83,264
ses_0101,evt_000597,5,2026-09-01T06:29:17Z,3ds_redirect,card_visa,SGD,Singapore,gateway_beta,redirected,,desktop,Safari,458.83,2225
ses_0101,evt_000598,6,2026-09-01T06:29:22Z,3ds_completed,card_visa,SGD,Singapore,gateway_beta,success,,desktop,Safari,458.83,3201
ses_0101,evt_000599,7,2026-09-01T06:29:31Z,authorization_response,card_visa,SGD,Singapore,gateway_beta,success,,desktop,Safari,458.83,301
ses_0101,evt_000600,8,2026-09-01T06:29:39Z,payment_completed,card_visa,SGD,Singapore,gateway_beta,success,,desktop,Safari,458.83,424
ses_0102,evt_000601,1,2026-09-07T18:14:54Z,checkout_initiated,bnpl_atome,PHP,Philippines,bnpl_connect,started,,mobile,Chrome,401.03,1715
ses_0102,evt_000602,2,2026-09-07T18:15:02Z,method_selected,bnpl_atome,PHP,Philippines,bnpl_connect,success,,mobile,Chrome,401.03,1313
ses_0102,evt_000603,3,2026-09-07T18:15:10Z,details_entered,bnpl_atome,PHP,Philippines,bnpl_connect,success,,mobile,Chrome,401.03,583
ses_0102,evt_000604,4,2026-09-07T18:15:12Z,authorization_requested,bnpl_atome,PHP,Philippines,bnpl_connect,submitted,,mobile,Chrome,401.03,1114
ses_0102,evt_000605,5,2026-09-07T18:15:21Z,authorization_response,bnpl_atome,PHP,Philippines,bnpl_connect,success,,mobile,Chrome,401.03,345
ses_0102,evt_000606,6,2026-09-07T18:15:24Z,payment_completed,bnpl_atome,PHP,Philippines,bnpl_connect,success,,mobile,Chrome,401.03,438
ses_0103,evt_000607,1,2026-09-06T14:34:30Z,checkout_initiated,mpesa,KES,Kenya,wallet_hub,started,,mobile,Safari,252.54,520
ses_0103,evt_000608,2,2026-09-06T14:34:38Z,method_selected,mpesa,KES,Kenya,wallet_hub,success,,mobile,Safari,252.54,1349
ses_0103,evt_000609,3,2026-09-06T14:34:41Z,details_entered,mpesa,KES,Kenya,wallet_hub,abandoned,,mobile,Safari,252.54,987
ses_0104,evt_000610,1,2026-09-01T01:17:29Z,checkout_initiated,gcash,PHP,Philippines,wallet_hub,started,,mobile,Edge,298.13,1308
ses_0104,evt_000611,2,2026-09-01T01:17:31Z,method_selected,gcash,PHP,Philippines,wallet_hub,success,,mobile,Edge,298.13,1439
ses_0104,evt_000612,3,2026-09-01T01:13:35Z,details_entered,gcash,PHP,Philippines,wallet_hub,success,,mobile,Edge,298.13,1724
ses_0104,evt_000613,4,2026-09-01T01:17:42Z,authorization_requested,gcash,PHP,Philippines,wallet_hub,submitted,,mobile,Edge,298.13,1613
ses_0104,evt_000614,5,2026-09-01T01:17:50Z,authorization_response,gcash,PHP,Philippines,wallet_hub,failed,invalid_card,mobile,Edge,298.13,548
ses_0105,evt_000615,1,2026-09-08T13:18:19Z,checkout_initiated,gcash,PHP,Philippines,wallet_hub,started,,mobile,Safari,118.61,184
ses_0105,evt_000616,2,2026-09-08T13:18:25Z,method_selected,gcash,PHP,Philippines,wallet_hub,success,,mobile,Safari,118.61,398
ses_0105,evt_000617,3,2026-09-08T13:48:38Z,details_entered,gcash,PHP,Philippines,wallet_hub,success,,mobile,Safari,118.61,1509
ses_0105,evt_000618,4,2026-09-08T13:48:44Z,authorization_requested,gcash,PHP,Philippines,wallet_hub,submitted,,mobile,Safari,118.61,469
ses_0105,evt_000619,5,2026-09-08T13:48:55Z,authorization_response,gcash,PHP,Philippines,wallet_hub,failed,invalid_card,mobile,Safari,118.61,1444
ses_0106,evt_000620,1,2026-09-08T03:52:45Z,checkout_initiated,gcash,PHP,Philippines,wallet_hub,started,,mobile,Chrome,297.11,1583
ses_0106,evt_000621,2,2026-09-08T03:52:57Z,method_selected,gcash,PHP,Philippines,wallet_hub,success,,mobile,Chrome,297.11,1536
ses_0106,evt_000622,3,2026-09-08T03:53:00Z,details_entered,gcash,PHP,Philippines,wallet_hub,success,,mobile,Chrome,297.11,1109
ses_0106,evt_000623,4,2026-09-08T03:53:10Z,authorization_requested,gcash,PHP,Philippines,wallet_hub,submitted,,mobile,Chrome,297.11,1206
ses_0106,evt_000624,5,2026-09-08T03:53:12Z,authorization_response,gcash,PHP,Philippines,wallet_hub,success,,mobile,Chrome,297.11,528
ses_0106,evt_000625,6,2026-09-08T03:53:20Z,payment_completed,gcash,PHP,Philippines,wallet_hub,success,,mobile,Chrome,297.11,950
ses_0107,evt_000626,1,2026-09-12T07:02:50Z,checkout_initiated,card_mastercard,KES,Kenya,gateway_beta,started,,desktop,Safari,9.56,1362
ses_0107,evt_000627,2,2026-09-12T07:02:55Z,method_selected,card_mastercard,KES,Kenya,gateway_beta,success,,desktop,Safari,9.56,778
ses_0107,evt_000628,3,2026-09-12T07:02:59Z,details_entered,card_mastercard,KES,Kenya,gateway_beta,success,,desktop,Safari,9.56,393
ses_0107,evt_000629,4,2026-09-12T07:03:06Z,authorization_requested,card_mastercard,KES,Kenya,gateway_beta,submitted,,desktop,Safari,9.56,706
ses_0107,evt_000630,5,2026-09-12T07:03:26Z,3ds_redirect,card_mastercard,KES,Kenya,gateway_beta,redirected,,desktop,Safari,9.56,10292
ses_0107,evt_000631,6,2026-09-12T07:03:46Z,3ds_completed,card_mastercard,KES,Kenya,gateway_beta,abandoned,3ds_abandoned,desktop,Safari,9.56,10470
ses_0108,evt_000632,1,2026-09-04T13:06:26Z,checkout_initiated,card_visa,SGD,Singapore,gateway_alpha,started,,desktop,Safari,282.82,1748
ses_0108,evt_000633,2,2026-09-04T13:06:37Z,method_selected,card_visa,SGD,Singapore,gateway_alpha,success,,desktop,Safari,282.82,705
ses_0108,evt_000634,3,2026-09-04T13:06:41Z,details_entered,card_visa,SGD,Singapore,gateway_alpha,success,,desktop,Safari,282.82,1001
ses_0108,evt_000635,4,2026-09-04T13:06:46Z,authorization_requested,card_visa,SGD,Singapore,gateway_alpha,submitted,,desktop,Safari,282.82,1430
ses_0108,evt_000636,5,2026-09-04T13:07:00Z,3ds_redirect,card_visa,SGD,Singapore,gateway_alpha,redirected,,desktop,Safari,282.82,5122
ses_0108,evt_000637,6,2026-09-04T13:07:07Z,3ds_completed,card_visa,SGD,Singapore,gateway_alpha,success,,desktop,Safari,282.82,4007
ses_0108,evt_000638,7,2026-09-04T13:07:11Z,authorization_response,card_visa,SGD,Singapore,gateway_alpha,failed,invalid_card,desktop,Safari,282.82,901
ses_0109,evt_000639,1,2026-09-06T00:49:26Z,checkout_initiated,card_visa,PHP,Philippines,gateway_alpha,started,,desktop,Safari,143.26,1506
ses_0109,evt_000640,2,2026-09-06T00:49:28Z,method_selected,card_visa,PHP,Philippines,gateway_alpha,success,,desktop,Safari,143.26,1483
ses_0109,evt_000641,3,2026-09-06T00:49:38Z,details_entered,card_visa,PHP,Philippines,gateway_alpha,success,,desktop,Safari,143.26,493
ses_0109,evt_000642,4,2026-09-06T00:49:47Z,authorization_requested,card_visa,PHP,Philippines,gateway_alpha,submitted,,desktop,Safari,143.26,1675
ses_0109,evt_000643,5,2026-09-06T00:49:56Z,authorization_response,card_visa,PHP,Philippines,gateway_alpha,failed,insufficient_funds,desktop,Safari,143.26,1433
ses_0110,evt_000644,1,2026-09-10T16:44:01Z,checkout_initiated,gcash,PHP,Philippines,wallet_hub,started,,desktop,Chrome,147.47,1748
ses_0110,evt_000645,2,2026-09-10T16:44:11Z,method_selected,gcash,PHP,Philippines,wallet_hub,success,,desktop,Chrome,147.47,1419
ses_0110,evt_000646,3,2026-09-10T16:44:21Z,details_entered,gcash,PHP,Philippines,wallet_hub,success,,desktop,Chrome,147.47,1692
ses_0110,evt_000647,4,2026-09-10T16:44:32Z,authorization_requested,gcash,PHP,Philippines,wallet_hub,submitted,,desktop,Chrome,147.47,936
ses_0110,evt_000648,5,2026-09-10T16:44:36Z,authorization_response,gcash,PHP,Philippines,wallet_hub,success,,desktop,Chrome,147.47,664
ses_0110,evt_000649,6,2026-09-10T16:44:39Z,payment_completed,gcash,PHP,Philippines,wallet_hub,success,,desktop,Chrome,147.47,589
ses_0111,evt_000650,1,2026-09-14T07:09:13Z,checkout_initiated,card_visa,PHP,Philippines,gateway_beta,started,,mobile,Edge,443.63,509
ses_0111,evt_000651,2,2026-09-14T07:09:21Z,method_selected,card_visa,PHP,Philippines,gateway_beta,success,,mobile,Edge,443.63,296
ses_0111,evt_000652,3,2026-09-14T07:09:29Z,details_entered,card_visa,PHP,Philippines,gateway_beta,success,,mobile,Edge,443.63,310
ses_0111,evt_000653,4,2026-09-14T07:09:31Z,authorization_requested,card_visa,PHP,Philippines,gateway_beta,submitted,,mobile,Edge,443.63,994
ses_0111,evt_000654,5,2026-09-14T07:09:37Z,3ds_redirect,card_visa,PHP,Philippines,gateway_beta,redirected,,mobile,Edge,443.63,3078
ses_0111,evt_000655,6,2026-09-14T07:09:52Z,3ds_completed,card_visa,PHP,Philippines,gateway_beta,success,,mobile,Edge,443.63,4984
ses_0111,evt_000656,7,2026-09-14T07:09:55Z,authorization_response,card_visa,PHP,Philippines,gateway_beta,success,,mobile,Edge,443.63,1616
ses_0111,evt_000657,8,2026-09-14T07:10:00Z,payment_completed,card_visa,PHP,Philippines,gateway_beta,success,,mobile,Edge,443.63,1365
ses_0111,evt_000658,7,2026-09-14T07:09:55Z,authorization_response,card_visa,PHP,Philippines,gateway_beta,success,,mobile,Edge,443.63,1616
ses_0112,evt_000659,1,2026-09-13T21:40:33Z,checkout_initiated,mpesa,KES,Kenya,wallet_hub,started,,desktop,Firefox,28.72,1020
ses_0112,evt_000660,2,2026-09-13T21:40:45Z,method_selected,mpesa,KES,Kenya,wallet_hub,success,,desktop,Firefox,28.72,1768
ses_0112,evt_000661,3,2026-09-13T21:40:53Z,details_entered,mpesa,KES,Kenya,wallet_hub,success,,desktop,Firefox,28.72,1530
ses_0112,evt_000662,4,2026-09-13T21:40:59Z,authorization_requested,mpesa,KES,Kenya,wallet_hub,submitted,,desktop,Firefox,28.72,846
ses_0112,evt_000663,5,2026-09-13T21:41:05Z,authorization_response,mpesa,KES,Kenya,wallet_hub,success,,desktop,Firefox,28.72,1514
ses_0112,evt_000664,6,2026-09-13T21:41:13Z,payment_completed,mpesa,KES,Kenya,wallet_hub,success,,desktop,Firefox,28.72,1086
ses_0113,evt_000665,1,2026-09-05T22:24:55Z,checkout_initiated,card_mastercard,PHP,Philippines,gateway_beta,started,,mobile,Chrome,422.79,438
ses_0113,evt_000666,2,2026-09-05T22:25:01Z,method_selected,card_mastercard,PHP,Philippines,gateway_beta,success,,mobile,Chrome,422.79,846
ses_0113,evt_000667,3,2026-09-05T22:25:03Z,details_entered,card_mastercard,PHP,Philippines,gateway_beta,success,,mobile,Chrome,422.79,1361
ses_0113,evt_000668,4,2026-09-05T22:25:08Z,authorization_requested,card_mastercard,PHP,Philippines,gateway_beta,submitted,,mobile,Chrome,422.79,1047
ses_0113,evt_000669,5,2026-09-05T22:25:15Z,3ds_redirect,card_mastercard,PHP,Philippines,gateway_beta,redirected,,mobile,Chrome,422.79,2376
ses_0113,evt_000670,6,2026-09-05T22:25:23Z,3ds_completed,card_mastercard,PHP,Philippines,gateway_beta,success,,mobile,Chrome,422.79,3212
ses_0113,evt_000671,7,2026-09-05T22:25:42Z,authorization_response,card_mastercard,PHP,Philippines,gateway_beta,failed,timeout,mobile,Chrome,422.79,9002
ses_0114,evt_000672,1,2026-09-13T15:52:15Z,checkout_initiated,card_visa,KES,Kenya,gateway_alpha,started,,mobile,Chrome,381.58,1626
ses_0114,evt_000673,2,2026-09-13T15:52:19Z,method_selected,card_visa,KES,Kenya,gateway_alpha,success,,mobile,Chrome,381.58,843
ses_0114,evt_000674,3,2026-09-13T15:52:28Z,details_entered,card_visa,KES,Kenya,gateway_alpha,success,,mobile,Chrome,381.58,827
ses_0114,evt_000675,4,2026-09-13T15:52:36Z,authorization_requested,card_visa,KES,Kenya,gateway_alpha,submitted,,mobile,Chrome,381.58,1558
ses_0114,evt_000676,5,2026-09-13T15:52:42Z,3ds_redirect,card_visa,KES,Kenya,gateway_alpha,redirected,,mobile,Chrome,381.58,4762
ses_0114,evt_000677,6,2026-09-13T15:52:51Z,3ds_completed,card_visa,KES,Kenya,gateway_alpha,success,,mobile,Chrome,381.58,2893
ses_0114,evt_000678,7,2026-09-13T15:53:02Z,authorization_response,card_visa,KES,Kenya,gateway_alpha,success,,mobile,Chrome,381.58,1612
ses_0114,evt_000679,8,2026-09-13T15:53:07Z,payment_completed,card_visa,KES,Kenya,gateway_alpha,success,,mobile,Chrome,381.58,1395
ses_0115,evt_000680,1,2026-09-10T23:41:04Z,checkout_initiated,card_mastercard,PHP,Philippines,gateway_beta,started,,mobile,Safari,330.44,890
ses_0115,evt_000681,2,2026-09-10T23:41:06Z,method_selected,card_mastercard,PHP,Philippines,gateway_beta,success,,mobile,Safari,330.44,754
ses_0115,evt_000682,3,2026-09-10T23:41:17Z,details_entered,card_mastercard,PHP,Philippines,gateway_beta,success,,mobile,Safari,330.44,295
ses_0115,evt_000683,4,2026-09-10T23:41:27Z,authorization_requested,card_mastercard,PHP,Philippines,gateway_beta,submitted,,mobile,Safari,330.44,1390
ses_0115,evt_000684,5,2026-09-10T23:41:45Z,authorization_response,card_mastercard,PHP,Philippines,gateway_beta,failed,timeout,mobile,Safari,330.44,8044
ses_0116,evt_000685,1,2026-09-07T08:11:24Z,checkout_initiated,gcash,PHP,Philippines,wallet_hub,started,,desktop,Safari,411.90,1319
ses_0116,evt_000686,2,2026-09-07T08:11:31Z,method_selected,gcash,PHP,Philippines,wallet_hub,success,,desktop,Safari,411.90,1338
ses_0116,evt_000687,3,2026-09-07T08:11:40Z,details_entered,gcash,PHP,Philippines,wallet_hub,success,,desktop,Safari,411.90,1647
ses_0116,evt_000688,4,2026-09-07T08:11:42Z,authorization_requested,gcash,PHP,Philippines,wallet_hub,submitted,,desktop,Safari,411.90,1484
ses_0116,evt_000689,5,2026-09-07T08:11:53Z,authorization_response,gcash,PHP,Philippines,wallet_hub,success,,desktop,Safari,411.90,744
ses_0116,evt_000690,6,2026-09-07T08:12:04Z,payment_completed,gcash,PHP,Philippines,wallet_hub,success,,desktop,Safari,411.90,1708
ses_0117,evt_000691,1,2026-09-12T19:01:47Z,checkout_initiated,card_visa,KES,Kenya,gateway_alpha,started,,desktop,Safari,260.13,226
ses_0117,evt_000692,2,2026-09-12T19:01:58Z,method_selected,card_visa,KES,Kenya,gateway_alpha,success,,desktop,Safari,260.13,409
ses_0117,evt_000693,3,2026-09-12T19:02:05Z,details_entered,card_visa,KES,Kenya,gateway_alpha,success,,desktop,Safari,260.13,563
ses_0117,evt_000694,4,2026-09-12T19:02:15Z,authorization_requested,card_visa,KES,Kenya,gateway_alpha,submitted,,desktop,Safari,260.13,180
ses_0117,evt_000695,5,2026-09-12T19:02:26Z,authorization_response,card_visa,KES,Kenya,gateway_alpha,success,,desktop,Safari,260.13,853
ses_0117,evt_000696,6,2026-09-12T19:02:29Z,payment_completed,card_visa,KES,Kenya,gateway_alpha,success,,desktop,Safari,260.13,1720
ses_0118,evt_000697,1,2026-09-05T05:09:35Z,checkout_initiated,card_visa,PHP,Philippines,gateway_alpha,started,,mobile,Chrome,84.47,542
ses_0118,evt_000698,2,2026-09-05T05:09:37Z,method_selected,card_visa,PHP,Philippines,gateway_alpha,success,,mobile,Chrome,84.47,827
ses_0118,evt_000699,3,2026-09-05T05:09:48Z,details_entered,card_visa,PHP,Philippines,gateway_alpha,success,,mobile,Chrome,84.47,214
ses_0118,evt_000700,4,2026-09-05T05:09:55Z,authorization_requested,card_visa,PHP,Philippines,gateway_alpha,submitted,,mobile,Chrome,84.47,483
ses_0118,evt_000701,5,2026-09-05T05:10:03Z,3ds_redirect,card_visa,PHP,Philippines,gateway_alpha,redirected,,mobile,Chrome,84.47,4314
ses_0118,evt_000702,6,2026-09-05T05:10:12Z,3ds_completed,card_visa,PHP,Philippines,gateway_alpha,success,,mobile,Chrome,84.47,5187
ses_0118,evt_000703,7,2026-09-05T05:10:22Z,authorization_response,card_visa,PHP,Philippines,gateway_alpha,success,,mobile,Chrome,84.47,1292
ses_0118,evt_000704,8,2026-09-05T05:10:27Z,payment_completed,card_visa,PHP,Philippines,gateway_alpha,success,,mobile,Chrome,84.47,1536
ses_0119,evt_000705,1,2026-09-06T21:44:34Z,checkout_initiated,card_visa,KES,Kenya,gateway_alpha,started,,mobile,Safari,342.83,1327
ses_0119,evt_000706,2,2026-09-06T21:44:40Z,method_selected,card_visa,KES,Kenya,gateway_alpha,success,,mobile,Safari,342.83,1759
ses_0119,evt_000707,3,2026-09-06T21:44:50Z,details_entered,card_visa,KES,Kenya,gateway_alpha,success,,mobile,Safari,342.83,1359
ses_0119,evt_000708,4,2026-09-06T21:44:58Z,authorization_requested,card_visa,KES,Kenya,gateway_alpha,submitted,,mobile,Safari,342.83,495
ses_0119,evt_000709,5,2026-09-06T21:45:13Z,3ds_redirect,card_visa,KES,Kenya,gateway_alpha,redirected,,mobile,Safari,342.83,10559
ses_0119,evt_000710,6,2026-09-06T21:45:27Z,3ds_completed,card_visa,KES,Kenya,gateway_alpha,abandoned,3ds_abandoned,mobile,Safari,342.83,10211
ses_0120,evt_000711,1,2026-09-01T07:15:07Z,checkout_initiated,card_mastercard,PHP,Philippines,gateway_alpha,started,,desktop,Firefox,193.31,1767
ses_0120,evt_000712,2,2026-09-01T07:15:17Z,method_selected,card_mastercard,PHP,Philippines,gateway_alpha,success,,desktop,Firefox,193.31,519
ses_0120,evt_000713,3,2026-09-01T07:15:21Z,details_entered,card_mastercard,PHP,Philippines,gateway_alpha,success,,desktop,Firefox,193.31,1763
ses_0120,evt_000714,4,2026-09-01T07:15:24Z,authorization_requested,card_mastercard,PHP,Philippines,gateway_alpha,submitted,,desktop,Firefox,193.31,1482
ses_0120,evt_000715,5,2026-09-01T07:15:38Z,3ds_redirect,card_mastercard,PHP,Philippines,gateway_alpha,redirected,,desktop,Firefox,193.31,5150
ses_0120,evt_000716,6,2026-09-01T07:15:48Z,3ds_completed,card_mastercard,PHP,Philippines,gateway_alpha,success,,desktop,Firefox,193.31,3419
ses_0120,evt_000717,7,2026-09-01T07:15:55Z,authorization_response,card_mastercard,PHP,Philippines,gateway_alpha,success,,desktop,Firefox,193.31,862
ses_0120,evt_000718,8,2026-09-01T07:16:04Z,payment_completed,card_mastercard,PHP,Philippines,gateway_alpha,success,,desktop,Firefox,193.31,1285
ses_0121,evt_000719,1,2026-09-09T16:34:00Z,checkout_initiated,card_visa,USD,Cross-border,gateway_alpha,started,,desktop,Chrome,447.92,406
ses_0121,evt_000720,2,2026-09-09T16:34:11Z,method_selected,card_visa,USD,Cross-border,gateway_alpha,success,,desktop,Chrome,447.92,899
ses_0121,evt_000721,3,2026-09-09T16:34:15Z,details_entered,card_visa,USD,Cross-border,gateway_alpha,success,,desktop,Chrome,447.92,454
ses_0121,evt_000722,4,2026-09-09T16:34:22Z,authorization_requested,card_visa,USD,Cross-border,gateway_alpha,submitted,,desktop,Chrome,447.92,743
ses_0121,evt_000723,5,2026-09-09T16:34:39Z,3ds_redirect,card_visa,USD,Cross-border,gateway_alpha,redirected,,desktop,Chrome,447.92,12768
ses_0121,evt_000724,6,2026-09-09T16:34:55Z,3ds_completed,card_visa,USD,Cross-border,gateway_alpha,abandoned,3ds_abandoned,desktop,Chrome,447.92,8817
ses_0122,evt_000725,1,2026-09-08T21:26:37Z,checkout_initiated,gcash,PHP,Philippines,wallet_hub,started,,mobile,Safari,302.86,1247
ses_0122,evt_000726,2,2026-09-08T21:26:39Z,method_selected,gcash,PHP,Philippines,wallet_hub,success,,mobile,Safari,302.86,1440
ses_0122,evt_000727,3,2026-09-08T21:26:45Z,details_entered,gcash,PHP,Philippines,wallet_hub,success,,mobile,Safari,302.86,1719
ses_0122,evt_000728,4,2026-09-08T21:26:56Z,authorization_requested,gcash,PHP,Philippines,wallet_hub,submitted,,mobile,Safari,302.86,1042
ses_0122,evt_000729,5,2026-09-08T21:27:07Z,authorization_response,gcash,PHP,Philippines,wallet_hub,success,,mobile,Safari,302.86,1507
ses_0122,evt_000730,6,2026-09-08T21:27:14Z,payment_completed,gcash,PHP,Philippines,wallet_hub,success,,mobile,Safari,302.86,1744
ses_0123,evt_000731,1,2026-09-02T19:23:23Z,checkout_initiated,card_visa,KES,Kenya,gateway_beta,started,,desktop,Chrome,79.51,1566
ses_0123,evt_000732,2,2026-09-02T19:23:30Z,method_selected,card_visa,KES,Kenya,gateway_beta,success,,desktop,Chrome,79.51,1310
ses_0123,evt_000733,3,2026-09-02T19:23:36Z,details_entered,card_visa,KES,Kenya,gateway_beta,success,,desktop,Chrome,79.51,1278
ses_0123,evt_000734,4,2026-09-02T19:23:41Z,authorization_requested,card_visa,KES,Kenya,gateway_beta,submitted,,desktop,Chrome,79.51,562
ses_0123,evt_000735,5,2026-09-02T19:23:51Z,3ds_redirect,card_visa,KES,Kenya,gateway_beta,redirected,,desktop,Chrome,79.51,4723
ses_0123,evt_000736,6,2026-09-02T19:24:01Z,3ds_completed,card_visa,KES,Kenya,gateway_beta,success,,desktop,Chrome,79.51,4797
ses_0123,evt_000737,7,2026-09-02T19:24:06Z,authorization_response,card_visa,KES,Kenya,gateway_beta,success,,desktop,Chrome,79.51,897
ses_0123,evt_000738,8,2026-09-02T19:24:09Z,payment_completed,card_visa,KES,Kenya,gateway_beta,success,,desktop,Chrome,79.51,564
ses_0124,evt_000739,1,2026-09-07T10:13:09Z,checkout_initiated,card_visa,KES,Kenya,gateway_alpha,started,,desktop,Chrome,289.03,1627
ses_0124,evt_000740,2,2026-09-07T10:13:14Z,method_selected,card_visa,KES,Kenya,gateway_alpha,success,,desktop,Chrome,289.03,654
ses_0124,evt_000741,3,2026-09-07T10:13:18Z,details_entered,card_visa,KES,Kenya,gateway_alpha,success,,desktop,Chrome,289.03,489
ses_0124,evt_000742,4,2026-09-07T10:13:22Z,authorization_requested,card_visa,KES,Kenya,gateway_alpha,submitted,,desktop,Chrome,289.03,723
ses_0124,evt_000743,5,2026-09-07T10:13:25Z,authorization_response,card_visa,KES,Kenya,gateway_alpha,failed,insufficient_funds,desktop,Chrome,289.03,1329
ses_0125,evt_000744,1,2026-09-06T19:53:47Z,checkout_initiated,bnpl_atome,SGD,Singapore,bnpl_connect,started,,mobile,Firefox,388.37,1143
ses_0125,evt_000745,2,2026-09-06T19:53:55Z,method_selected,bnpl_atome,SGD,Singapore,bnpl_connect,success,,mobile,Firefox,388.37,765
ses_0125,evt_000746,3,2026-09-06T19:54:06Z,details_entered,bnpl_atome,SGD,Singapore,bnpl_connect,success,,mobile,Firefox,388.37,508
ses_0125,evt_000747,4,2026-09-06T19:54:15Z,authorization_requested,bnpl_atome,SGD,Singapore,bnpl_connect,submitted,,mobile,Firefox,388.37,376
ses_0125,evt_000748,5,2026-09-06T19:54:17Z,authorization_response,bnpl_atome,SGD,Singapore,bnpl_connect,failed,insufficient_funds,mobile,Firefox,388.37,1386
ses_0126,evt_000749,1,2026-09-04T09:26:44Z,checkout_initiated,card_mastercard,KES,Kenya,gateway_alpha,started,,desktop,Safari,300.09,875
ses_0126,evt_000750,2,2026-09-04T09:26:47Z,method_selected,card_mastercard,KES,Kenya,gateway_alpha,success,,desktop,Safari,300.09,753
ses_0126,evt_000751,3,2026-09-04T09:26:52Z,details_entered,card_mastercard,KES,Kenya,gateway_alpha,success,,desktop,Safari,300.09,1276
ses_0126,evt_000752,4,2026-09-04T09:27:00Z,authorization_requested,card_mastercard,KES,Kenya,gateway_alpha,submitted,,desktop,Safari,300.09,955
ses_0126,evt_000753,5,2026-09-04T09:27:11Z,3ds_redirect,card_mastercard,KES,Kenya,gateway_alpha,redirected,,desktop,Safari,300.09,1763
ses_0126,evt_000754,6,2026-09-04T09:27:18Z,3ds_completed,card_mastercard,KES,Kenya,gateway_alpha,success,,desktop,Safari,300.09,4869
ses_0126,evt_000755,7,2026-09-04T09:27:28Z,authorization_response,card_mastercard,KES,Kenya,gateway_alpha,success,,desktop,Safari,300.09,698
ses_0126,evt_000756,8,2026-09-04T09:27:35Z,payment_completed,card_mastercard,KES,Kenya,gateway_alpha,success,,desktop,Safari,300.09,1404
ses_0127,evt_000757,1,2026-09-09T02:46:52Z,checkout_initiated,bnpl_atome,SGD,Singapore,bnpl_connect,started,,desktop,Chrome,343.59,1749
ses_0127,evt_000758,2,2026-09-09T02:47:01Z,method_selected,bnpl_atome,SGD,Singapore,bnpl_connect,success,,desktop,Chrome,343.59,1383
ses_0127,evt_000759,3,2026-09-09T02:47:11Z,details_entered,bnpl_atome,SGD,Singapore,bnpl_connect,success,,desktop,Chrome,343.59,1723
ses_0127,evt_000760,4,2026-09-09T02:47:18Z,authorization_requested,bnpl_atome,SGD,Singapore,bnpl_connect,submitted,,desktop,Chrome,343.59,267
ses_0127,evt_000761,5,2026-09-09T02:47:22Z,authorization_response,bnpl_atome,SGD,Singapore,bnpl_connect,failed,insufficient_funds,desktop,Chrome,343.59,766
ses_0128,evt_000762,1,2026-09-08T08:57:15Z,checkout_initiated,mpesa,KES,Kenya,wallet_hub,started,,desktop,Firefox,168.38,1013
ses_0128,evt_000763,2,2026-09-08T08:57:24Z,method_selected,mpesa,KES,Kenya,wallet_hub,success,,desktop,Firefox,168.38,1499
ses_0128,evt_000764,3,2026-09-08T08:57:35Z,details_entered,mpesa,KES,Kenya,wallet_hub,success,,desktop,Firefox,168.38,1108
ses_0128,evt_000765,4,2026-09-08T08:57:37Z,authorization_requested,mpesa,KES,Kenya,wallet_hub,submitted,,desktop,Firefox,168.38,1466
ses_0128,evt_000766,5,2026-09-08T08:57:47Z,authorization_response,mpesa,KES,Kenya,wallet_hub,success,,desktop,Firefox,168.38,191
ses_0128,evt_000767,6,2026-09-08T08:57:54Z,payment_completed,mpesa,KES,Kenya,wallet_hub,success,,desktop,Firefox,168.38,1289
ses_0129,evt_000768,1,2026-09-02T09:52:31Z,checkout_initiated,card_mastercard,USD,Cross-border,gateway_alpha,started,,desktop,Chrome,101.34,958
ses_0129,evt_000769,2,2026-09-02T09:52:38Z,method_selected,card_mastercard,USD,Cross-border,gateway_alpha,success,,desktop,Chrome,101.34,1478
ses_0129,evt_000770,3,2026-09-02T09:52:46Z,details_entered,card_mastercard,USD,Cross-border,gateway_alpha,success,,desktop,Chrome,101.34,595
ses_0129,evt_000771,4,2026-09-02T09:52:49Z,authorization_requested,card_mastercard,USD,Cross-border,gateway_alpha,submitted,,desktop,Chrome,101.34,373
ses_0129,evt_000772,5,2026-09-02T09:52:57Z,3ds_redirect,card_mastercard,USD,Cross-border,gateway_alpha,redirected,,desktop,Chrome,101.34,3845
ses_0129,evt_000773,6,2026-09-02T09:53:04Z,3ds_completed,card_mastercard,USD,Cross-border,gateway_alpha,success,,desktop,Chrome,101.34,1302
ses_0129,evt_000774,7,2026-09-02T09:53:14Z,authorization_response,card_mastercard,USD,Cross-border,gateway_alpha,success,,desktop,Chrome,101.34,868
ses_0129,evt_000775,8,2026-09-02T09:53:21Z,payment_completed,card_mastercard,USD,Cross-border,gateway_alpha,success,,desktop,Chrome,101.34,552
ses_0130,evt_000776,1,2026-09-08T20:48:12Z,checkout_initiated,mpesa,KES,Kenya,wallet_hub,started,,desktop,Chrome,8.13,753
ses_0130,evt_000777,2,2026-09-08T20:48:18Z,method_selected,mpesa,KES,Kenya,wallet_hub,success,,desktop,Chrome,8.13,1484
ses_0130,evt_000778,3,2026-09-08T20:48:29Z,details_entered,mpesa,KES,Kenya,wallet_hub,success,,desktop,Chrome,8.13,367
ses_0130,evt_000779,4,2026-09-08T20:48:40Z,authorization_requested,mpesa,KES,Kenya,wallet_hub,submitted,,desktop,Chrome,8.13,788
ses_0130,evt_000780,5,2026-09-08T20:48:43Z,authorization_response,mpesa,KES,Kenya,wallet_hub,success,,desktop,Chrome,8.13,1516
ses_0130,evt_000781,6,2026-09-08T20:48:48Z,payment_completed,mpesa,KES,Kenya,wallet_hub,success,,desktop,Chrome,8.13,1752
ses_0131,evt_000782,1,2026-09-06T02:34:08Z,checkout_initiated,card_mastercard,PHP,Philippines,gateway_alpha,started,,desktop,Safari,34.52,1559
ses_0131,evt_000783,2,2026-09-06T02:34:19Z,method_selected,card_mastercard,PHP,Philippines,gateway_alpha,success,,desktop,Safari,34.52,1589
ses_0131,evt_000784,3,2026-09-06T02:34:30Z,details_entered,card_mastercard,PHP,Philippines,gateway_alpha,success,,desktop,Safari,34.52,1494
ses_0131,evt_000785,4,2026-09-06T02:34:33Z,authorization_requested,card_mastercard,PHP,Philippines,gateway_alpha,submitted,,desktop,Safari,34.52,1303
ses_0131,evt_000786,5,2026-09-06T02:34:37Z,3ds_redirect,card_mastercard,PHP,Philippines,gateway_alpha,redirected,,desktop,Safari,34.52,1506
ses_0131,evt_000787,6,2026-09-06T02:34:42Z,3ds_completed,card_mastercard,PHP,Philippines,gateway_alpha,success,,desktop,Safari,34.52,1401
ses_0131,evt_000788,7,2026-09-06T02:34:53Z,authorization_response,card_mastercard,PHP,Philippines,gateway_alpha,success,,desktop,Safari,34.52,1545
ses_0131,evt_000789,8,2026-09-06T02:34:57Z,payment_completed,card_mastercard,PHP,Philippines,gateway_alpha,success,,desktop,Safari,34.52,969
ses_0132,evt_000790,1,2026-09-03T20:42:00Z,checkout_initiated,card_mastercard,KES,Kenya,gateway_alpha,started,,desktop,Chrome,121.48,1743
ses_0132,evt_000791,2,2026-09-03T20:42:02Z,method_selected,card_mastercard,KES,Kenya,gateway_alpha,success,,desktop,Chrome,121.48,812
ses_0132,evt_000792,3,2026-09-03T20:42:07Z,details_entered,card_mastercard,KES,Kenya,gateway_alpha,success,,desktop,Chrome,121.48,1154
ses_0132,evt_000793,4,2026-09-03T20:42:13Z,authorization_requested,card_mastercard,KES,Kenya,gateway_alpha,submitted,,desktop,Chrome,121.48,519
ses_0132,evt_000794,5,2026-09-03T20:42:18Z,3ds_redirect,card_mastercard,KES,Kenya,gateway_alpha,redirected,,desktop,Chrome,121.48,1883
ses_0132,evt_000795,6,2026-09-03T20:42:21Z,3ds_completed,card_mastercard,KES,Kenya,gateway_alpha,success,,desktop,Chrome,121.48,2153
ses_0132,evt_000796,7,2026-09-03T20:42:31Z,authorization_response,card_mastercard,KES,Kenya,gateway_alpha,success,,desktop,Chrome,121.48,686
ses_0132,evt_000797,8,2026-09-03T20:42:41Z,payment_completed,card_mastercard,KES,Kenya,gateway_alpha,success,,desktop,Chrome,121.48,815
ses_0133,evt_000798,1,2026-09-09T10:01:48Z,checkout_initiated,gcash,USD,Cross-border,wallet_hub,started,,mobile,Chrome,109.47,1036
ses_0133,evt_000799,2,2026-09-09T10:01:57Z,method_selected,gcash,USD,Cross-border,wallet_hub,success,,mobile,Chrome,109.47,1105
ses_0133,evt_000800,3,2026-09-09T10:02:05Z,details_entered,gcash,USD,Cross-border,wallet_hub,success,,mobile,Chrome,109.47,284
ses_0133,evt_000801,4,2026-09-09T10:02:12Z,authorization_requested,gcash,USD,Cross-border,wallet_hub,submitted,,mobile,Chrome,109.47,427
ses_0133,evt_000802,5,2026-09-09T10:02:16Z,authorization_response,gcash,USD,Cross-border,wallet_hub,success,,mobile,Chrome,109.47,926
ses_0133,evt_000803,6,2026-09-09T10:02:25Z,payment_completed,gcash,USD,Cross-border,wallet_hub,success,,mobile,Chrome,109.47,951
ses_0134,evt_000804,1,2026-09-02T12:45:06Z,checkout_initiated,card_mastercard,KES,Kenya,gateway_alpha,started,,mobile,Chrome,72.81,379
ses_0134,evt_000805,2,2026-09-02T12:45:09Z,method_selected,card_mastercard,KES,Kenya,gateway_alpha,success,,mobile,Chrome,72.81,369
ses_0134,evt_000806,3,2026-09-02T12:45:13Z,details_entered,card_mastercard,KES,Kenya,gateway_alpha,success,,mobile,Chrome,72.81,1045
ses_0134,evt_000807,4,2026-09-02T12:45:20Z,authorization_requested,card_mastercard,KES,Kenya,gateway_alpha,submitted,,mobile,Chrome,72.81,1729
ses_0134,evt_000808,5,2026-09-02T12:45:29Z,3ds_redirect,card_mastercard,KES,Kenya,gateway_alpha,redirected,,mobile,Chrome,72.81,2753
ses_0134,evt_000809,6,2026-09-02T12:45:35Z,3ds_completed,card_mastercard,KES,Kenya,gateway_alpha,success,,mobile,Chrome,72.81,2886
ses_0134,evt_000810,7,2026-09-02T12:45:46Z,authorization_response,card_mastercard,KES,Kenya,gateway_alpha,success,,mobile,Chrome,72.81,1398
ses_0134,evt_000811,8,2026-09-02T12:45:54Z,payment_completed,card_mastercard,KES,Kenya,gateway_alpha,success,,mobile,Chrome,72.81,180
ses_0135,evt_000812,1,2026-09-13T17:44:51Z,checkout_initiated,bnpl_atome,SGD,Singapore,bnpl_connect,started,,desktop,Chrome,301.42,721
ses_0135,evt_000813,2,2026-09-13T17:44:58Z,method_selected,bnpl_atome,SGD,Singapore,bnpl_connect,success,,desktop,Chrome,301.42,232
ses_0135,evt_000814,3,2026-09-13T17:45:08Z,details_entered,bnpl_atome,SGD,Singapore,bnpl_connect,success,,desktop,Chrome,301.42,223
ses_0135,evt_000815,4,2026-09-13T17:45:13Z,authorization_requested,bnpl_atome,SGD,Singapore,bnpl_connect,submitted,,desktop,Chrome,301.42,1564
ses_0135,evt_000816,5,2026-09-13T17:45:20Z,authorization_response,bnpl_atome,SGD,Singapore,bnpl_connect,success,,desktop,Chrome,301.42,1069
ses_0135,evt_000817,6,2026-09-13T17:45:23Z,payment_completed,bnpl_atome,SGD,Singapore,bnpl_connect,success,,desktop,Chrome,301.42,1157
ses_0136,evt_000818,1,2026-09-04T05:50:43Z,checkout_initiated,bank_transfer_local,KES,Kenya,bank_rail,started,,mobile,Chrome,255.75,1095
ses_0136,evt_000819,2,2026-09-04T05:50:53Z,method_selected,bank_transfer_local,KES,Kenya,bank_rail,success,,mobile,Chrome,255.75,259
ses_0136,evt_000820,3,2026-09-04T05:51:00Z,details_entered,bank_transfer_local,KES,Kenya,bank_rail,success,,mobile,Chrome,255.75,269
ses_0136,evt_000821,4,2026-09-04T05:51:09Z,authorization_requested,bank_transfer_local,KES,Kenya,bank_rail,submitted,,mobile,Chrome,255.75,483
ses_0136,evt_000822,5,2026-09-04T05:51:12Z,authorization_response,bank_transfer_local,KES,Kenya,bank_rail,failed,invalid_card,mobile,Chrome,255.75,186
ses_0137,evt_000823,1,2026-09-07T18:30:51Z,checkout_initiated,card_visa,SGD,Singapore,gateway_alpha,started,,mobile,Safari,367.51,410
ses_0137,evt_000824,2,2026-09-07T18:30:56Z,method_selected,card_visa,SGD,Singapore,gateway_alpha,success,,mobile,Safari,367.51,1154
ses_0137,evt_000825,3,2026-09-07T18:31:04Z,details_entered,card_visa,SGD,Singapore,gateway_alpha,success,,mobile,Safari,367.51,1613
ses_0137,evt_000826,4,2026-09-07T18:31:11Z,authorization_requested,card_visa,SGD,Singapore,gateway_alpha,submitted,,mobile,Safari,367.51,973
ses_0137,evt_000827,5,2026-09-07T18:31:19Z,3ds_redirect,card_visa,SGD,Singapore,gateway_alpha,redirected,,mobile,Safari,367.51,2076
ses_0137,evt_000828,6,2026-09-07T18:31:32Z,3ds_completed,card_visa,SGD,Singapore,gateway_alpha,success,,mobile,Safari,367.51,4117
ses_0137,evt_000829,7,2026-09-07T18:31:37Z,authorization_response,card_visa,SGD,Singapore,gateway_alpha,failed,invalid_card,mobile,Safari,367.51,813
ses_0138,evt_000830,1,2026-09-03T17:47:01Z,checkout_initiated,mpesa,KES,Kenya,wallet_hub,started,,mobile,Firefox,418.62,197
ses_0138,evt_000831,2,2026-09-03T17:47:12Z,method_selected,mpesa,KES,Kenya,wallet_hub,success,,mobile,Firefox,418.62,1766
ses_0138,evt_000832,3,2026-09-03T17:47:21Z,details_entered,mpesa,KES,Kenya,wallet_hub,success,,mobile,Firefox,418.62,1551
ses_0138,evt_000833,4,2026-09-03T17:47:32Z,authorization_requested,mpesa,KES,Kenya,wallet_hub,submitted,,mobile,Firefox,418.62,1295
ses_0138,evt_000834,5,2026-09-03T17:47:43Z,authorization_response,mpesa,KES,Kenya,wallet_hub,success,,mobile,Firefox,418.62,522
ses_0138,evt_000835,6,2026-09-03T17:47:48Z,payment_completed,mpesa,KES,Kenya,wallet_hub,success,,mobile,Firefox,418.62,550
ses_0139,evt_000836,1,2026-09-06T11:33:09Z,checkout_initiated,card_visa,USD,Cross-border,gateway_beta,started,,mobile,Safari,437.24,718
ses_0139,evt_000837,2,2026-09-06T11:33:14Z,method_selected,card_visa,USD,Cross-border,gateway_beta,success,,mobile,Safari,437.24,1715
ses_0139,evt_000838,3,2026-09-06T11:33:25Z,details_entered,card_visa,USD,Cross-border,gateway_beta,abandoned,,mobile,Safari,437.24,1159
ses_0140,evt_000839,1,2026-09-09T03:13:32Z,checkout_initiated,card_visa,KES,Kenya,gateway_beta,started,,mobile,Safari,232.55,378
ses_0140,evt_000840,2,2026-09-09T03:13:41Z,method_selected,card_visa,KES,Kenya,gateway_beta,success,,mobile,Safari,232.55,306
ses_0140,evt_000841,3,2026-09-09T03:13:45Z,details_entered,card_visa,KES,Kenya,gateway_beta,success,,mobile,Safari,232.55,236
ses_0140,evt_000842,4,2026-09-09T03:13:54Z,authorization_requested,card_visa,KES,Kenya,gateway_beta,submitted,,mobile,Safari,232.55,1615
ses_0140,evt_000843,5,2026-09-09T03:14:02Z,3ds_redirect,card_visa,KES,Kenya,gateway_beta,redirected,,mobile,Safari,232.55,4833
ses_0140,evt_000844,6,2026-09-09T03:14:11Z,3ds_completed,card_visa,KES,Kenya,gateway_beta,success,,mobile,Safari,232.55,2115
ses_0140,evt_000845,7,2026-09-09T03:14:13Z,authorization_response,card_visa,KES,Kenya,gateway_beta,success,,mobile,Safari,232.55,368
ses_0140,evt_000846,8,2026-09-09T03:14:15Z,payment_completed,card_visa,KES,Kenya,gateway_beta,success,,mobile,Safari,232.55,466
ses_0141,evt_000847,1,2026-09-06T05:12:34Z,checkout_initiated,card_mastercard,KES,Kenya,gateway_beta,started,,desktop,Chrome,39.13,1621
ses_0141,evt_000848,2,2026-09-06T05:12:39Z,method_selected,card_mastercard,KES,Kenya,gateway_beta,success,,desktop,Chrome,39.13,226
ses_0141,evt_000849,3,2026-09-06T05:12:41Z,details_entered,card_mastercard,KES,Kenya,gateway_beta,success,,desktop,Chrome,39.13,1197
ses_0141,evt_000850,4,2026-09-06T05:12:53Z,authorization_requested,card_mastercard,KES,Kenya,gateway_beta,submitted,,desktop,Chrome,39.13,1756
ses_0141,evt_000851,5,2026-09-06T05:13:02Z,authorization_response,card_mastercard,KES,Kenya,gateway_beta,success,,desktop,Chrome,39.13,1738
ses_0141,evt_000852,6,2026-09-06T05:13:08Z,payment_completed,card_mastercard,KES,Kenya,gateway_beta,success,,desktop,Chrome,39.13,823
ses_0142,evt_000853,1,2026-09-07T01:57:09Z,checkout_initiated,mpesa,KES,Kenya,wallet_hub,started,,desktop,Chrome,159.68,715
ses_0142,evt_000854,2,2026-09-07T01:57:18Z,method_selected,mpesa,KES,Kenya,wallet_hub,success,,desktop,Chrome,159.68,1568
ses_0142,evt_000855,3,2026-09-07T01:57:29Z,details_entered,mpesa,KES,Kenya,wallet_hub,success,,desktop,Chrome,159.68,651
ses_0142,evt_000856,4,2026-09-07T01:57:40Z,authorization_requested,mpesa,KES,Kenya,wallet_hub,submitted,,desktop,Chrome,159.68,1686
ses_0142,evt_000857,5,2026-09-07T01:57:48Z,authorization_response,mpesa,KES,Kenya,wallet_hub,success,,desktop,Chrome,159.68,500
ses_0142,evt_000858,6,2026-09-07T01:57:53Z,payment_completed,mpesa,KES,Kenya,wallet_hub,success,,desktop,Chrome,159.68,236
ses_0143,evt_000859,1,2026-09-02T02:41:04Z,checkout_initiated,card_mastercard,USD,Cross-border,gateway_alpha,started,,mobile,Safari,331.12,1165
ses_0143,evt_000860,2,2026-09-02T02:41:12Z,method_selected,card_mastercard,USD,Cross-border,gateway_alpha,success,,mobile,Safari,331.12,1501
ses_0143,evt_000861,3,2026-09-02T02:41:21Z,details_entered,card_mastercard,USD,Cross-border,gateway_alpha,success,,mobile,Safari,331.12,1729
ses_0143,evt_000862,4,2026-09-02T02:41:29Z,authorization_requested,card_mastercard,USD,Cross-border,gateway_alpha,submitted,,mobile,Safari,331.12,197
ses_0143,evt_000863,5,2026-09-02T02:41:42Z,3ds_redirect,card_mastercard,USD,Cross-border,gateway_alpha,redirected,,mobile,Safari,331.12,2611
ses_0143,evt_000864,6,2026-09-02T02:41:45Z,3ds_completed,card_mastercard,USD,Cross-border,gateway_alpha,success,,mobile,Safari,331.12,1661
ses_0143,evt_000865,7,2026-09-02T02:41:52Z,authorization_response,card_mastercard,USD,Cross-border,gateway_alpha,success,,mobile,Safari,331.12,1187
ses_0143,evt_000866,8,2026-09-02T02:41:54Z,payment_completed,card_mastercard,USD,Cross-border,gateway_alpha,success,,mobile,Safari,331.12,1131
ses_0144,evt_000867,1,2026-09-03T19:13:03Z,checkout_initiated,gcash,PHP,Philippines,wallet_hub,started,,desktop,Edge,349.22,1068
ses_0144,evt_000868,2,2026-09-03T19:13:14Z,method_selected,gcash,PHP,Philippines,wallet_hub,success,,desktop,Edge,349.22,1173
ses_0144,evt_000869,3,2026-09-03T19:13:21Z,details_entered,gcash,PHP,Philippines,wallet_hub,success,,desktop,Edge,349.22,334
ses_0144,evt_000870,4,2026-09-03T19:13:32Z,authorization_requested,gcash,PHP,Philippines,wallet_hub,submitted,,desktop,Edge,349.22,1187
ses_0144,evt_000871,5,2026-09-03T19:13:39Z,authorization_response,gcash,PHP,Philippines,wallet_hub,success,,desktop,Edge,349.22,743
ses_0144,evt_000872,6,2026-09-03T19:13:45Z,payment_completed,gcash,PHP,Philippines,wallet_hub,success,,desktop,Edge,349.22,1155
ses_0145,evt_000873,1,2026-09-05T09:46:35Z,checkout_initiated,card_visa,PHP,Philippines,gateway_alpha,started,,desktop,Chrome,322.25,1665
ses_0145,evt_000874,2,2026-09-05T09:46:37Z,method_selected,card_visa,PHP,Philippines,gateway_alpha,success,,desktop,Chrome,322.25,957
ses_0145,evt_000875,3,2026-09-05T09:46:40Z,details_entered,card_visa,PHP,Philippines,gateway_alpha,success,,desktop,Chrome,322.25,321
ses_0145,evt_000876,4,2026-09-05T09:46:46Z,authorization_requested,card_visa,PHP,Philippines,gateway_alpha,submitted,,desktop,Chrome,322.25,1178
ses_0145,evt_000877,5,2026-09-05T09:47:01Z,3ds_redirect,card_visa,PHP,Philippines,gateway_alpha,redirected,,desktop,Chrome,322.25,11589
ses_0145,evt_000878,6,2026-09-05T09:47:13Z,3ds_completed,card_visa,PHP,Philippines,gateway_alpha,abandoned,3ds_abandoned,desktop,Chrome,322.25,7972
ses_0146,evt_000879,1,2026-09-04T10:03:24Z,checkout_initiated,card_visa,SGD,Singapore,gateway_beta,started,,desktop,Chrome,147.32,779
ses_0146,evt_000880,2,2026-09-04T10:03:27Z,method_selected,card_visa,SGD,Singapore,gateway_beta,success,,desktop,Chrome,147.32,1687
ses_0146,evt_000881,3,2026-09-04T10:03:30Z,details_entered,card_visa,SGD,Singapore,gateway_beta,success,,desktop,Chrome,147.32,925
ses_0146,evt_000882,4,2026-09-04T10:03:40Z,authorization_requested,card_visa,SGD,Singapore,gateway_beta,submitted,,desktop,Chrome,147.32,976
ses_0146,evt_000883,5,2026-09-04T10:03:47Z,3ds_redirect,card_visa,SGD,Singapore,gateway_beta,redirected,,desktop,Chrome,147.32,4327
ses_0146,evt_000884,6,2026-09-04T10:03:52Z,3ds_completed,card_visa,SGD,Singapore,gateway_beta,success,,desktop,Chrome,147.32,4068
ses_0146,evt_000885,7,2026-09-04T10:03:59Z,authorization_response,card_visa,SGD,Singapore,gateway_beta,success,,desktop,Chrome,147.32,425
ses_0146,evt_000886,8,2026-09-04T10:04:05Z,payment_completed,card_visa,SGD,Singapore,gateway_beta,success,,desktop,Chrome,147.32,272
ses_0147,evt_000887,1,2026-09-14T02:37:12Z,checkout_initiated,card_mastercard,KES,Kenya,gateway_alpha,started,,mobile,Chrome,131.84,1499
ses_0147,evt_000888,2,2026-09-14T02:37:18Z,method_selected,card_mastercard,KES,Kenya,gateway_alpha,success,,mobile,Chrome,131.84,607
ses_0147,evt_000889,3,2026-09-14T02:37:21Z,details_entered,card_mastercard,KES,Kenya,gateway_alpha,success,,mobile,Chrome,131.84,683
ses_0147,evt_000890,4,2026-09-14T02:37:29Z,authorization_requested,card_mastercard,KES,Kenya,gateway_alpha,submitted,,mobile,Chrome,131.84,1036
ses_0147,evt_000891,5,2026-09-14T02:37:39Z,3ds_redirect,card_mastercard,KES,Kenya,gateway_alpha,redirected,,mobile,Chrome,131.84,2199
ses_0147,evt_000892,6,2026-09-14T02:37:45Z,3ds_completed,card_mastercard,KES,Kenya,gateway_alpha,success,,mobile,Chrome,131.84,2797
ses_0147,evt_000893,7,2026-09-14T02:37:50Z,authorization_response,card_mastercard,KES,Kenya,gateway_alpha,success,,mobile,Chrome,131.84,661
ses_0147,evt_000894,8,2026-09-14T02:37:55Z,payment_completed,card_mastercard,KES,Kenya,gateway_alpha,success,,mobile,Chrome,131.84,1208
ses_0148,evt_000895,1,2026-09-04T19:50:54Z,checkout_initiated,card_visa,SGD,Singapore,gateway_beta,started,,mobile,Chrome,408.80,1422
ses_0148,evt_000896,2,2026-09-04T19:51:02Z,method_selected,card_visa,SGD,Singapore,gateway_beta,success,,mobile,Chrome,408.80,307
ses_0148,evt_000897,3,2026-09-04T19:51:07Z,details_entered,card_visa,SGD,Singapore,gateway_beta,success,,mobile,Chrome,408.80,309
ses_0148,evt_000898,4,2026-09-04T19:51:17Z,authorization_requested,card_visa,SGD,Singapore,gateway_beta,submitted,,mobile,Chrome,408.80,757
ses_0148,evt_000899,5,2026-09-04T19:51:21Z,authorization_response,card_visa,SGD,Singapore,gateway_beta,success,,mobile,Chrome,408.80,1028
ses_0148,evt_000900,6,2026-09-04T19:51:23Z,payment_completed,card_visa,SGD,Singapore,gateway_beta,success,,mobile,Chrome,408.80,1372
ses_0149,evt_000901,1,2026-09-10T00:48:05Z,checkout_initiated,bnpl_atome,SGD,Singapore,bnpl_connect,started,,mobile,Chrome,209.33,290
ses_0149,evt_000902,2,2026-09-10T00:48:11Z,method_selected,bnpl_atome,SGD,Singapore,bnpl_connect,success,,mobile,Chrome,209.33,696
ses_0149,evt_000903,3,2026-09-10T00:48:21Z,details_entered,bnpl_atome,SGD,Singapore,bnpl_connect,success,,mobile,Chrome,209.33,212
ses_0149,evt_000904,4,2026-09-10T00:48:30Z,authorization_requested,bnpl_atome,SGD,Singapore,bnpl_connect,submitted,,mobile,Chrome,209.33,496
ses_0149,evt_000905,5,2026-09-10T00:48:39Z,authorization_response,bnpl_atome,SGD,Singapore,bnpl_connect,success,,mobile,Chrome,209.33,794
ses_0149,evt_000906,6,2026-09-10T00:48:49Z,payment_completed,bnpl_atome,SGD,Singapore,bnpl_connect,success,,mobile,Chrome,209.33,417
ses_0150,evt_000907,1,2026-09-11T15:19:10Z,checkout_initiated,gcash,PHP,Philippines,wallet_hub,started,,desktop,Firefox,402.94,971
ses_0150,evt_000908,2,2026-09-11T15:19:20Z,method_selected,gcash,PHP,Philippines,wallet_hub,success,,desktop,Firefox,402.94,1607
ses_0150,evt_000909,3,2026-09-11T15:19:22Z,details_entered,gcash,PHP,Philippines,wallet_hub,success,,desktop,Firefox,402.94,571
ses_0150,evt_000910,4,2026-09-11T15:19:29Z,authorization_requested,gcash,PHP,Philippines,wallet_hub,submitted,,desktop,Firefox,402.94,1432
ses_0150,evt_000911,5,2026-09-11T15:19:40Z,authorization_response,gcash,PHP,Philippines,wallet_hub,success,,desktop,Firefox,402.94,1718
ses_0150,evt_000912,6,2026-09-11T15:19:50Z,payment_completed,gcash,PHP,Philippines,wallet_hub,success,,desktop,Firefox,402.94,1199
ses_0151,evt_000913,1,2026-09-04T08:42:50Z,checkout_initiated,card_mastercard,USD,Cross-border,gateway_alpha,started,,mobile,Safari,123.79,293
ses_0151,evt_000914,2,2026-09-04T08:42:57Z,method_selected,card_mastercard,USD,Cross-border,gateway_alpha,success,,mobile,Safari,123.79,1199
ses_0151,evt_000915,3,2026-09-04T08:43:01Z,details_entered,card_mastercard,USD,Cross-border,gateway_alpha,success,,mobile,Safari,123.79,1168
ses_0151,evt_000916,4,2026-09-04T08:43:04Z,authorization_requested,card_mastercard,USD,Cross-border,gateway_alpha,submitted,,mobile,Safari,123.79,675
ses_0151,evt_000917,5,2026-09-04T08:43:10Z,3ds_redirect,card_mastercard,USD,Cross-border,gateway_alpha,redirected,,mobile,Safari,123.79,1548
ses_0151,evt_000918,6,2026-09-04T08:43:24Z,3ds_completed,card_mastercard,USD,Cross-border,gateway_alpha,success,,mobile,Safari,123.79,4885
ses_0151,evt_000919,7,2026-09-04T08:43:34Z,authorization_response,card_mastercard,USD,Cross-border,gateway_alpha,failed,fraud_suspected,mobile,Safari,123.79,1285
ses_0152,evt_000920,1,2026-09-04T02:56:05Z,checkout_initiated,bank_transfer_local,PHP,Philippines,bank_rail,started,,mobile,Edge,310.04,952
ses_0152,evt_000921,2,2026-09-04T02:56:15Z,method_selected,bank_transfer_local,PHP,Philippines,bank_rail,success,,mobile,Edge,310.04,917
ses_0152,evt_000922,3,2026-09-04T02:56:23Z,details_entered,bank_transfer_local,PHP,Philippines,bank_rail,success,,mobile,Edge,310.04,1751
ses_0152,evt_000923,4,2026-09-04T02:56:26Z,authorization_requested,bank_transfer_local,PHP,Philippines,bank_rail,submitted,,mobile,Edge,310.04,485
ses_0152,evt_000924,5,2026-09-04T02:56:29Z,authorization_response,bank_transfer_local,PHP,Philippines,bank_rail,success,,mobile,Edge,310.04,290
ses_0152,evt_000925,6,2026-09-04T02:56:36Z,payment_completed,bank_transfer_local,PHP,Philippines,bank_rail,success,,mobile,Edge,310.04,1575
ses_0153,evt_000926,1,2026-09-02T21:58:45Z,checkout_initiated,bnpl_atome,SGD,Singapore,bnpl_connect,started,,desktop,Chrome,255.39,712
ses_0153,evt_000927,2,2026-09-02T21:58:56Z,method_selected,bnpl_atome,SGD,Singapore,bnpl_connect,success,,desktop,Chrome,255.39,1011
ses_0153,evt_000928,3,2026-09-02T21:59:06Z,details_entered,bnpl_atome,SGD,Singapore,bnpl_connect,success,,desktop,Chrome,255.39,396
ses_0153,evt_000929,4,2026-09-02T21:59:08Z,authorization_requested,bnpl_atome,SGD,Singapore,bnpl_connect,submitted,,desktop,Chrome,255.39,1476
ses_0153,evt_000930,5,2026-09-02T21:59:15Z,authorization_response,bnpl_atome,SGD,Singapore,bnpl_connect,failed,fraud_suspected,desktop,Chrome,255.39,689
ses_0154,evt_000931,1,2026-09-01T19:44:17Z,checkout_initiated,card_visa,PHP,Philippines,gateway_beta,started,,mobile,Safari,363.82,1267
ses_0154,evt_000932,2,2026-09-01T19:44:25Z,method_selected,card_visa,PHP,Philippines,gateway_beta,success,,mobile,Safari,363.82,630
ses_0154,evt_000933,3,2026-09-01T19:44:30Z,details_entered,card_visa,PHP,Philippines,gateway_beta,success,,mobile,Safari,363.82,1414
ses_0154,evt_000934,4,2026-09-01T19:44:36Z,authorization_requested,card_visa,PHP,Philippines,gateway_beta,submitted,,mobile,Safari,363.82,1109
ses_0154,evt_000935,5,2026-09-01T19:44:48Z,3ds_redirect,card_visa,PHP,Philippines,gateway_beta,redirected,,mobile,Safari,363.82,9224
ses_0154,evt_000936,6,2026-09-01T19:45:03Z,3ds_completed,card_visa,PHP,Philippines,gateway_beta,abandoned,3ds_abandoned,mobile,Safari,363.82,8821
ses_0155,evt_000937,1,2026-09-07T04:13:42Z,checkout_initiated,card_mastercard,KES,Kenya,gateway_alpha,started,,mobile,Safari,288.63,1432
ses_0155,evt_000938,2,2026-09-07T04:13:46Z,method_selected,card_mastercard,KES,Kenya,gateway_alpha,success,,mobile,Safari,288.63,1273
ses_0155,evt_000939,3,2026-09-07T04:13:51Z,details_entered,card_mastercard,KES,Kenya,gateway_alpha,success,,mobile,Safari,288.63,1095
ses_0155,evt_000940,4,2026-09-07T04:13:54Z,authorization_requested,card_mastercard,KES,Kenya,gateway_alpha,submitted,,mobile,Safari,288.63,389
ses_0155,evt_000941,5,2026-09-07T04:14:04Z,authorization_response,card_mastercard,KES,Kenya,gateway_alpha,failed,insufficient_funds,mobile,Safari,288.63,369
ses_0156,evt_000942,1,2026-09-08T09:03:55Z,checkout_initiated,mpesa,KES,Kenya,wallet_hub,started,,mobile,Edge,372.51,957
ses_0156,evt_000943,2,2026-09-08T09:03:57Z,method_selected,mpesa,KES,Kenya,wallet_hub,success,,mobile,Edge,372.51,1323
ses_0156,evt_000944,3,2026-09-08T09:04:06Z,details_entered,mpesa,KES,Kenya,wallet_hub,success,,mobile,Edge,372.51,336
ses_0156,evt_000945,4,2026-09-08T09:04:11Z,authorization_requested,mpesa,KES,Kenya,wallet_hub,submitted,,mobile,Edge,372.51,1697
ses_0156,evt_000946,5,2026-09-08T09:04:14Z,authorization_response,mpesa,KES,Kenya,wallet_hub,success,,mobile,Edge,372.51,543
ses_0156,evt_000947,6,2026-09-08T09:04:20Z,payment_completed,mpesa,KES,Kenya,wallet_hub,success,,mobile,Edge,372.51,1309
ses_0156,evt_000948,5,2026-09-08T09:04:14Z,authorization_response,mpesa,KES,Kenya,wallet_hub,success,,mobile,Edge,372.51,543
ses_0157,evt_000949,1,2026-09-08T19:43:40Z,checkout_initiated,card_visa,PHP,Philippines,gateway_alpha,started,,mobile,Safari,34.03,994
ses_0157,evt_000950,2,2026-09-08T19:43:45Z,method_selected,card_visa,PHP,Philippines,gateway_alpha,success,,mobile,Safari,34.03,1069
ses_0157,evt_000951,3,2026-09-08T19:43:51Z,details_entered,card_visa,PHP,Philippines,gateway_alpha,success,,mobile,Safari,34.03,1220
ses_0157,evt_000952,4,2026-09-08T19:43:59Z,authorization_requested,card_visa,PHP,Philippines,gateway_alpha,submitted,,mobile,Safari,34.03,1644
ses_0157,evt_000953,5,2026-09-08T19:44:03Z,3ds_redirect,card_visa,PHP,Philippines,gateway_alpha,redirected,,mobile,Safari,34.03,1427
ses_0157,evt_000954,6,2026-09-08T19:44:09Z,3ds_completed,card_visa,PHP,Philippines,gateway_alpha,success,,mobile,Safari,34.03,2108
ses_0157,evt_000955,7,2026-09-08T19:44:12Z,authorization_response,card_visa,PHP,Philippines,gateway_alpha,success,,mobile,Safari,34.03,1368
ses_0157,evt_000956,8,2026-09-08T19:44:16Z,payment_completed,card_visa,PHP,Philippines,gateway_alpha,success,,mobile,Safari,34.03,351
ses_0158,evt_000957,1,2026-09-08T21:49:23Z,checkout_initiated,bank_transfer_local,KES,Kenya,bank_rail,started,,mobile,Chrome,17.42,494
ses_0158,evt_000958,2,2026-09-08T21:49:27Z,method_selected,bank_transfer_local,KES,Kenya,bank_rail,success,,mobile,Chrome,17.42,725
ses_0158,evt_000959,3,2026-09-08T21:49:30Z,details_entered,bank_transfer_local,KES,Kenya,bank_rail,success,,mobile,Chrome,17.42,1322
ses_0158,evt_000960,4,2026-09-08T21:49:40Z,authorization_requested,bank_transfer_local,KES,Kenya,bank_rail,submitted,,mobile,Chrome,17.42,1549
ses_0158,evt_000961,5,2026-09-08T21:49:51Z,authorization_response,bank_transfer_local,KES,Kenya,bank_rail,failed,fraud_suspected,mobile,Chrome,17.42,247
ses_0159,evt_000962,1,2026-09-04T06:59:37Z,checkout_initiated,card_visa,SGD,Singapore,gateway_alpha,started,,desktop,Chrome,191.04,1204
ses_0159,evt_000963,2,2026-09-04T06:59:47Z,method_selected,card_visa,SGD,Singapore,gateway_alpha,success,,desktop,Chrome,191.04,1491
ses_0159,evt_000964,3,2026-09-04T06:59:52Z,details_entered,card_visa,SGD,Singapore,gateway_alpha,success,,desktop,Chrome,191.04,543
ses_0159,evt_000965,4,2026-09-04T06:59:56Z,authorization_requested,card_visa,SGD,Singapore,gateway_alpha,submitted,,desktop,Chrome,191.04,531
ses_0159,evt_000966,5,2026-09-04T07:00:03Z,3ds_redirect,card_visa,SGD,Singapore,gateway_alpha,redirected,,desktop,Chrome,191.04,1850
ses_0159,evt_000967,6,2026-09-04T07:00:13Z,3ds_completed,card_visa,SGD,Singapore,gateway_alpha,success,,desktop,Chrome,191.04,1747
ses_0159,evt_000968,7,2026-09-04T07:00:17Z,authorization_response,card_visa,SGD,Singapore,gateway_alpha,success,,desktop,Chrome,191.04,1181
ses_0159,evt_000969,8,2026-09-04T07:00:19Z,payment_completed,card_visa,SGD,Singapore,gateway_alpha,success,,desktop,Chrome,191.04,347
ses_0160,evt_000970,1,2026-09-06T06:13:24Z,checkout_initiated,card_visa,PHP,Philippines,gateway_beta,started,,mobile,Firefox,412.77,579
ses_0160,evt_000971,2,2026-09-06T06:13:34Z,method_selected,card_visa,PHP,Philippines,gateway_beta,success,,mobile,Firefox,412.77,549
ses_0160,evt_000972,3,2026-09-06T06:13:39Z,details_entered,card_visa,PHP,Philippines,gateway_beta,success,,mobile,Firefox,412.77,949
ses_0160,evt_000973,4,2026-09-06T06:13:42Z,authorization_requested,card_visa,PHP,Philippines,gateway_beta,submitted,,mobile,Firefox,412.77,1605
ses_0160,evt_000974,5,2026-09-06T06:13:45Z,authorization_response,card_visa,PHP,Philippines,gateway_beta,success,,mobile,Firefox,412.77,415
ses_0160,evt_000975,6,2026-09-06T06:13:53Z,payment_completed,card_visa,PHP,Philippines,gateway_beta,success,,mobile,Firefox,412.77,237
ses_0161,evt_000976,1,2026-09-08T22:45:44Z,checkout_initiated,mpesa,KES,Kenya,wallet_hub,started,,desktop,Chrome,459.15,1230
ses_0161,evt_000977,2,2026-09-08T22:45:48Z,method_selected,mpesa,KES,Kenya,wallet_hub,success,,desktop,Chrome,459.15,1030
ses_0161,evt_000978,3,2026-09-08T22:45:50Z,details_entered,mpesa,KES,Kenya,wallet_hub,success,,desktop,Chrome,459.15,675
ses_0161,evt_000979,4,2026-09-08T22:45:58Z,authorization_requested,mpesa,KES,Kenya,wallet_hub,submitted,,desktop,Chrome,459.15,1439
ses_0161,evt_000980,5,2026-09-08T22:46:00Z,authorization_response,mpesa,KES,Kenya,wallet_hub,success,,desktop,Chrome,459.15,323
ses_0161,evt_000981,6,2026-09-08T22:46:07Z,payment_completed,mpesa,KES,Kenya,wallet_hub,success,,desktop,Chrome,459.15,1662
ses_0162,evt_000982,1,2026-09-02T14:16:45Z,checkout_initiated,gcash,PHP,Philippines,wallet_hub,started,,desktop,Firefox,52.28,1119
ses_0162,evt_000983,2,2026-09-02T14:16:48Z,method_selected,gcash,PHP,Philippines,wallet_hub,success,,desktop,Firefox,52.28,1284
ses_0162,evt_000984,3,2026-09-02T14:16:59Z,details_entered,gcash,PHP,Philippines,wallet_hub,success,,desktop,Firefox,52.28,1387
ses_0162,evt_000985,4,2026-09-02T14:17:02Z,authorization_requested,gcash,PHP,Philippines,wallet_hub,submitted,,desktop,Firefox,52.28,624
ses_0162,evt_000986,5,2026-09-02T14:17:11Z,authorization_response,gcash,PHP,Philippines,wallet_hub,success,,desktop,Firefox,52.28,996
ses_0162,evt_000987,6,2026-09-02T14:17:19Z,payment_completed,gcash,PHP,Philippines,wallet_hub,success,,desktop,Firefox,52.28,1210
ses_0163,evt_000988,1,2026-09-02T00:27:09Z,checkout_initiated,gcash,PHP,Philippines,wallet_hub,started,,mobile,Chrome,284.16,908
ses_0163,evt_000989,2,2026-09-02T00:27:11Z,method_selected,gcash,PHP,Philippines,wallet_hub,success,,mobile,Chrome,284.16,725
ses_0163,evt_000990,3,2026-09-02T00:27:18Z,details_entered,gcash,PHP,Philippines,wallet_hub,success,,mobile,Chrome,284.16,277
ses_0163,evt_000991,4,2026-09-02T00:27:22Z,authorization_requested,gcash,PHP,Philippines,wallet_hub,submitted,,mobile,Chrome,284.16,468
ses_0163,evt_000992,5,2026-09-02T00:27:29Z,authorization_response,gcash,PHP,Philippines,wallet_hub,success,,mobile,Chrome,284.16,1739
ses_0163,evt_000993,6,2026-09-02T00:27:40Z,payment_completed,gcash,PHP,Philippines,wallet_hub,success,,mobile,Chrome,284.16,1094
ses_0164,evt_000994,1,2026-09-10T12:54:08Z,checkout_initiated,mpesa,KES,Kenya,wallet_hub,started,,mobile,Safari,222.88,1299
ses_0164,evt_000995,2,2026-09-10T12:54:11Z,method_selected,mpesa,KES,Kenya,wallet_hub,success,,mobile,Safari,222.88,939
ses_0164,evt_000996,3,2026-09-10T12:54:14Z,details_entered,mpesa,KES,Kenya,wallet_hub,success,,mobile,Safari,222.88,1601
ses_0164,evt_000997,4,2026-09-10T12:54:24Z,authorization_requested,mpesa,KES,Kenya,wallet_hub,submitted,,mobile,Safari,222.88,337
ses_0164,evt_000998,5,2026-09-10T12:54:33Z,authorization_response,mpesa,KES,Kenya,wallet_hub,failed,invalid_card,mobile,Safari,222.88,241
ses_0165,evt_000999,1,2026-09-06T02:34:42Z,checkout_initiated,card_visa,PHP,Philippines,gateway_alpha,started,,mobile,Edge,180.25,1786
ses_0165,evt_001000,2,2026-09-06T02:34:49Z,method_selected,card_visa,PHP,Philippines,gateway_alpha,success,,mobile,Edge,180.25,1009
ses_0165,evt_001001,3,2026-09-06T02:34:52Z,details_entered,card_visa,PHP,Philippines,gateway_alpha,success,,mobile,Edge,180.25,1723
ses_0165,evt_001002,4,2026-09-06T02:34:57Z,authorization_requested,card_visa,PHP,Philippines,gateway_alpha,submitted,,mobile,Edge,180.25,1691
ses_0165,evt_001003,5,2026-09-06T02:35:18Z,3ds_redirect,card_visa,PHP,Philippines,gateway_alpha,redirected,,mobile,Edge,180.25,10819
ses_0165,evt_001004,6,2026-09-06T02:35:32Z,3ds_completed,card_visa,PHP,Philippines,gateway_alpha,abandoned,3ds_abandoned,mobile,Edge,180.25,10148
ses_0166,evt_001005,1,2026-09-09T09:59:29Z,checkout_initiated,bank_transfer_local,PHP,Philippines,bank_rail,started,,mobile,Safari,259.52,230
ses_0166,evt_001006,2,2026-09-09T09:59:35Z,method_selected,bank_transfer_local,PHP,Philippines,bank_rail,success,,mobile,Safari,259.52,1111
ses_0166,evt_001007,3,2026-09-09T09:59:42Z,details_entered,bank_transfer_local,PHP,Philippines,bank_rail,success,,mobile,Safari,259.52,219
ses_0166,evt_001008,4,2026-09-09T09:59:47Z,authorization_requested,bank_transfer_local,PHP,Philippines,bank_rail,submitted,,mobile,Safari,259.52,300
ses_0166,evt_001009,5,2026-09-09T09:59:49Z,authorization_response,bank_transfer_local,PHP,Philippines,bank_rail,pending,,mobile,Safari,259.52,1300
ses_0167,evt_001010,1,2026-09-04T06:15:17Z,checkout_initiated,card_visa,KES,Kenya,gateway_beta,started,,mobile,Safari,25.38,706
ses_0167,evt_001011,2,2026-09-04T06:15:21Z,method_selected,card_visa,KES,Kenya,gateway_beta,success,,mobile,Safari,25.38,1609
ses_0167,evt_001012,3,2026-09-04T06:15:31Z,details_entered,card_visa,KES,Kenya,gateway_beta,success,,mobile,Safari,25.38,1022
ses_0167,evt_001013,4,2026-09-04T06:15:36Z,authorization_requested,card_visa,KES,Kenya,gateway_beta,submitted,,mobile,Safari,25.38,1281
ses_0167,evt_001014,5,2026-09-04T06:15:50Z,3ds_redirect,card_visa,KES,Kenya,gateway_beta,redirected,,mobile,Safari,25.38,12142
ses_0167,evt_001015,6,2026-09-04T06:16:07Z,3ds_completed,card_visa,KES,Kenya,gateway_beta,abandoned,3ds_abandoned,mobile,Safari,25.38,10765
ses_0168,evt_001016,1,2026-09-03T21:55:23Z,checkout_initiated,gcash,PHP,Philippines,wallet_hub,started,,desktop,Chrome,110.67,1274
ses_0168,evt_001017,2,2026-09-03T21:55:31Z,method_selected,gcash,PHP,Philippines,wallet_hub,success,,desktop,Chrome,110.67,885
ses_0168,evt_001018,3,2026-09-03T21:55:41Z,details_entered,gcash,PHP,Philippines,wallet_hub,success,,desktop,Chrome,110.67,1648
ses_0168,evt_001019,4,2026-09-03T21:55:48Z,authorization_requested,gcash,PHP,Philippines,wallet_hub,submitted,,desktop,Chrome,110.67,1680
ses_0168,evt_001020,5,2026-09-03T21:55:59Z,authorization_response,gcash,PHP,Philippines,wallet_hub,success,,desktop,Chrome,110.67,1195
ses_0168,evt_001021,6,2026-09-03T21:56:03Z,payment_completed,gcash,PHP,Philippines,wallet_hub,success,,desktop,Chrome,110.67,268
ses_0169,evt_001022,1,2026-09-03T06:01:05Z,checkout_initiated,card_mastercard,KES,Kenya,gateway_alpha,started,,mobile,Safari,183.58,483
ses_0169,evt_001023,2,2026-09-03T06:01:08Z,method_selected,card_mastercard,KES,Kenya,gateway_alpha,success,,mobile,Safari,183.58,685
ses_0169,evt_001024,3,2026-09-03T06:01:13Z,details_entered,card_mastercard,KES,Kenya,gateway_alpha,success,,mobile,Safari,183.58,512
ses_0169,evt_001025,4,2026-09-03T06:01:15Z,authorization_requested,card_mastercard,KES,Kenya,gateway_alpha,submitted,,mobile,Safari,183.58,604
ses_0169,evt_001026,5,2026-09-03T06:01:24Z,authorization_response,card_mastercard,KES,Kenya,gateway_alpha,success,,mobile,Safari,183.58,1221
ses_0169,evt_001027,6,2026-09-03T06:01:30Z,payment_completed,card_mastercard,KES,Kenya,gateway_alpha,success,,mobile,Safari,183.58,238
ses_0170,evt_001028,1,2026-09-01T03:47:15Z,checkout_initiated,card_mastercard,SGD,Singapore,gateway_alpha,started,,desktop,Chrome,385.71,745
ses_0170,evt_001029,2,2026-09-01T03:47:24Z,method_selected,card_mastercard,SGD,Singapore,gateway_alpha,success,,desktop,Chrome,385.71,1390
ses_0170,evt_001030,3,2026-09-01T03:47:26Z,details_entered,card_mastercard,SGD,Singapore,gateway_alpha,success,,desktop,Chrome,385.71,521
ses_0170,evt_001031,4,2026-09-01T03:47:31Z,authorization_requested,card_mastercard,SGD,Singapore,gateway_alpha,submitted,,desktop,Chrome,385.71,1483
ses_0170,evt_001032,5,2026-09-01T03:47:35Z,authorization_response,card_mastercard,SGD,Singapore,gateway_alpha,success,,desktop,Chrome,385.71,237
ses_0170,evt_001033,6,2026-09-01T03:47:47Z,payment_completed,card_mastercard,SGD,Singapore,gateway_alpha,success,,desktop,Chrome,385.71,1726
ses_0171,evt_001034,1,2026-09-13T07:11:16Z,checkout_initiated,card_visa,PHP,Philippines,gateway_alpha,started,,desktop,Chrome,389.73,1213
ses_0171,evt_001035,2,2026-09-13T07:11:18Z,method_selected,card_visa,PHP,Philippines,gateway_alpha,success,,desktop,Chrome,389.73,1155
ses_0171,evt_001036,3,2026-09-13T07:11:22Z,details_entered,card_visa,PHP,Philippines,gateway_alpha,success,,desktop,Chrome,389.73,934
ses_0171,evt_001037,4,2026-09-13T07:11:29Z,authorization_requested,card_visa,PHP,Philippines,gateway_alpha,submitted,,desktop,Chrome,389.73,930
ses_0171,evt_001038,5,2026-09-13T07:11:39Z,3ds_redirect,card_visa,PHP,Philippines,gateway_alpha,redirected,,desktop,Chrome,389.73,6532
ses_0171,evt_001039,6,2026-09-13T07:12:00Z,3ds_completed,card_visa,PHP,Philippines,gateway_alpha,abandoned,3ds_abandoned,desktop,Chrome,389.73,11762
ses_0172,evt_001040,1,2026-09-08T12:33:58Z,checkout_initiated,card_visa,PHP,Philippines,gateway_alpha,started,,desktop,Safari,132.43,1410
ses_0172,evt_001041,2,2026-09-08T12:34:04Z,method_selected,card_visa,PHP,Philippines,gateway_alpha,success,,desktop,Safari,132.43,1380
ses_0172,evt_001042,3,2026-09-08T12:34:15Z,details_entered,card_visa,PHP,Philippines,gateway_alpha,success,,desktop,Safari,132.43,1637
ses_0172,evt_001043,4,2026-09-08T12:34:17Z,authorization_requested,card_visa,PHP,Philippines,gateway_alpha,submitted,,desktop,Safari,132.43,1102
ses_0172,evt_001044,5,2026-09-08T12:34:22Z,3ds_redirect,card_visa,PHP,Philippines,gateway_alpha,redirected,,desktop,Safari,132.43,1911
ses_0172,evt_001045,6,2026-09-08T12:34:29Z,3ds_completed,card_visa,PHP,Philippines,gateway_alpha,success,,desktop,Safari,132.43,2092
ses_0172,evt_001046,7,2026-09-08T12:34:36Z,authorization_response,card_visa,PHP,Philippines,gateway_alpha,success,,desktop,Safari,132.43,1198
ses_0172,evt_001047,8,2026-09-08T12:34:39Z,payment_completed,card_visa,PHP,Philippines,gateway_alpha,success,,desktop,Safari,132.43,1542
ses_0173,evt_001048,1,2026-09-08T07:30:21Z,checkout_initiated,gcash,PHP,Philippines,wallet_hub,started,,mobile,Chrome,109.96,833
ses_0173,evt_001049,2,2026-09-08T07:30:30Z,method_selected,gcash,PHP,Philippines,wallet_hub,success,,mobile,Chrome,109.96,1761
ses_0173,evt_001050,3,2026-09-08T07:30:41Z,details_entered,gcash,PHP,Philippines,wallet_hub,success,,mobile,Chrome,109.96,494
ses_0173,evt_001051,4,2026-09-08T07:30:44Z,authorization_requested,gcash,PHP,Philippines,wallet_hub,submitted,,mobile,Chrome,109.96,971
ses_0173,evt_001052,5,2026-09-08T07:30:55Z,authorization_response,gcash,PHP,Philippines,wallet_hub,success,,mobile,Chrome,109.96,1721
ses_0173,evt_001053,6,2026-09-08T07:30:59Z,payment_completed,gcash,PHP,Philippines,wallet_hub,success,,mobile,Chrome,109.96,1297
ses_0174,evt_001054,1,2026-09-09T01:08:12Z,checkout_initiated,gcash,PHP,Philippines,wallet_hub,started,,mobile,Firefox,455.45,1038
ses_0174,evt_001055,2,2026-09-09T01:08:21Z,method_selected,gcash,PHP,Philippines,wallet_hub,success,,mobile,Firefox,455.45,1557
ses_0174,evt_001056,3,2026-09-09T01:08:31Z,details_entered,gcash,PHP,Philippines,wallet_hub,success,,mobile,Firefox,455.45,537
ses_0174,evt_001057,4,2026-09-09T01:08:38Z,authorization_requested,gcash,PHP,Philippines,wallet_hub,submitted,,mobile,Firefox,455.45,1159
ses_0174,evt_001058,5,2026-09-09T01:08:45Z,authorization_response,gcash,PHP,Philippines,wallet_hub,success,,mobile,Firefox,455.45,1498
ses_0174,evt_001059,6,2026-09-09T01:08:51Z,payment_completed,gcash,PHP,Philippines,wallet_hub,success,,mobile,Firefox,455.45,692
ses_0175,evt_001060,1,2026-09-04T16:44:17Z,checkout_initiated,mpesa,KES,Kenya,wallet_hub,started,,desktop,Chrome,204.76,316
ses_0175,evt_001061,2,2026-09-04T16:44:20Z,method_selected,mpesa,KES,Kenya,wallet_hub,success,,desktop,Chrome,204.76,1101
ses_0175,evt_001062,3,2026-09-04T16:44:31Z,details_entered,mpesa,KES,Kenya,wallet_hub,success,,desktop,Chrome,204.76,321
ses_0175,evt_001063,4,2026-09-04T16:44:37Z,authorization_requested,mpesa,KES,Kenya,wallet_hub,submitted,,desktop,Chrome,204.76,1075
ses_0175,evt_001064,5,2026-09-04T16:44:39Z,authorization_response,mpesa,KES,Kenya,wallet_hub,success,,desktop,Chrome,204.76,1036
ses_0175,evt_001065,6,2026-09-04T16:44:41Z,payment_completed,mpesa,KES,Kenya,wallet_hub,success,,desktop,Chrome,204.76,456
ses_0176,evt_001066,1,2026-09-14T22:20:04Z,checkout_initiated,bank_transfer_local,PHP,Philippines,bank_rail,started,,mobile,Safari,469.43,1373
ses_0176,evt_001067,2,2026-09-14T22:20:14Z,method_selected,bank_transfer_local,PHP,Philippines,bank_rail,success,,mobile,Safari,469.43,1495
ses_0176,evt_001068,3,2026-09-14T22:16:17Z,details_entered,bank_transfer_local,PHP,Philippines,bank_rail,success,,mobile,Safari,469.43,845
ses_0176,evt_001069,4,2026-09-14T22:20:28Z,authorization_requested,bank_transfer_local,PHP,Philippines,bank_rail,submitted,,mobile,Safari,469.43,1642
ses_0176,evt_001070,5,2026-09-14T22:20:32Z,authorization_response,bank_transfer_local,PHP,Philippines,bank_rail,pending,,mobile,Safari,469.43,946
ses_0177,evt_001071,1,2026-09-03T02:08:23Z,checkout_initiated,mpesa,KES,Kenya,wallet_hub,started,,mobile,Chrome,128.86,466
ses_0177,evt_001072,2,2026-09-03T02:08:26Z,method_selected,mpesa,KES,Kenya,wallet_hub,success,,mobile,Chrome,128.86,1035
ses_0177,evt_001073,3,2026-09-03T02:08:34Z,details_entered,mpesa,KES,Kenya,wallet_hub,abandoned,,mobile,Chrome,128.86,650
ses_0178,evt_001074,1,2026-09-04T01:50:00Z,checkout_initiated,card_visa,PHP,Philippines,gateway_alpha,started,,desktop,Firefox,352.66,1564
ses_0179,evt_001075,1,2026-09-10T02:53:21Z,checkout_initiated,card_visa,KES,Kenya,gateway_alpha,started,,desktop,Chrome,374.37,872
ses_0179,evt_001076,2,2026-09-10T02:53:31Z,method_selected,card_visa,KES,Kenya,gateway_alpha,success,,desktop,Chrome,374.37,1549
ses_0179,evt_001077,3,2026-09-10T02:53:37Z,details_entered,card_visa,KES,Kenya,gateway_alpha,success,,desktop,Chrome,374.37,446
ses_0179,evt_001078,4,2026-09-10T02:53:45Z,authorization_requested,card_visa,KES,Kenya,gateway_alpha,submitted,,desktop,Chrome,374.37,850
ses_0179,evt_001079,5,2026-09-10T02:53:56Z,3ds_redirect,card_visa,KES,Kenya,gateway_alpha,redirected,,desktop,Chrome,374.37,3243
ses_0179,evt_001080,6,2026-09-10T02:54:03Z,3ds_completed,card_visa,KES,Kenya,gateway_alpha,success,,desktop,Chrome,374.37,4704
ses_0179,evt_001081,7,2026-09-10T02:54:08Z,authorization_response,card_visa,KES,Kenya,gateway_alpha,failed,insufficient_funds,desktop,Chrome,374.37,286
ses_0180,evt_001082,1,2026-09-07T18:54:58Z,checkout_initiated,gcash,PHP,Philippines,wallet_hub,started,,mobile,Chrome,334.97,583
ses_0180,evt_001083,2,2026-09-07T18:55:09Z,method_selected,gcash,PHP,Philippines,wallet_hub,success,,mobile,Chrome,334.97,1362
ses_0180,evt_001084,3,2026-09-07T18:55:17Z,details_entered,gcash,PHP,Philippines,wallet_hub,success,,mobile,Chrome,334.97,450
ses_0180,evt_001085,4,2026-09-07T18:55:19Z,authorization_requested,gcash,PHP,Philippines,wallet_hub,submitted,,mobile,Chrome,334.97,343
ses_0180,evt_001086,5,2026-09-07T18:55:23Z,authorization_response,gcash,PHP,Philippines,wallet_hub,failed,fraud_suspected,mobile,Chrome,334.97,1431
ses_0181,evt_001087,1,2026-09-13T19:26:05Z,checkout_initiated,bnpl_atome,SGD,Singapore,bnpl_connect,started,,mobile,Edge,185.25,353
ses_0181,evt_001088,2,2026-09-13T19:26:15Z,method_selected,bnpl_atome,SGD,Singapore,bnpl_connect,success,,mobile,Edge,185.25,804
ses_0181,evt_001089,3,2026-09-13T19:26:24Z,details_entered,bnpl_atome,SGD,Singapore,bnpl_connect,success,,mobile,Edge,185.25,1644
ses_0181,evt_001090,4,2026-09-13T19:26:27Z,authorization_requested,bnpl_atome,SGD,Singapore,bnpl_connect,submitted,,mobile,Edge,185.25,830
ses_0181,evt_001091,5,2026-09-13T19:26:36Z,authorization_response,bnpl_atome,SGD,Singapore,bnpl_connect,success,,mobile,Edge,185.25,1151
ses_0181,evt_001092,6,2026-09-13T19:26:44Z,payment_completed,bnpl_atome,SGD,Singapore,bnpl_connect,success,,mobile,Edge,185.25,1167
ses_0182,evt_001093,1,2026-09-11T10:28:46Z,checkout_initiated,mpesa,KES,Kenya,wallet_hub,started,,mobile,Safari,54.34,1535
ses_0182,evt_001094,2,2026-09-11T10:28:50Z,method_selected,mpesa,KES,Kenya,wallet_hub,success,,mobile,Safari,54.34,760
ses_0182,evt_001095,3,2026-09-11T10:28:52Z,details_entered,mpesa,KES,Kenya,wallet_hub,success,,mobile,Safari,54.34,462
ses_0182,evt_001096,4,2026-09-11T10:29:03Z,authorization_requested,mpesa,KES,Kenya,wallet_hub,submitted,,mobile,Safari,54.34,380
ses_0182,evt_001097,5,2026-09-11T10:29:14Z,authorization_response,mpesa,KES,Kenya,wallet_hub,success,,mobile,Safari,54.34,1124
ses_0182,evt_001098,6,2026-09-11T10:29:22Z,payment_completed,mpesa,KES,Kenya,wallet_hub,success,,mobile,Safari,54.34,1143
ses_0183,evt_001099,1,2026-09-09T17:57:03Z,checkout_initiated,mpesa,KES,Kenya,wallet_hub,started,,mobile,Chrome,268.89,1158
ses_0183,evt_001100,2,2026-09-09T17:57:11Z,method_selected,mpesa,KES,Kenya,wallet_hub,success,,mobile,Chrome,268.89,1449
ses_0183,evt_001101,3,2026-09-09T17:57:22Z,details_entered,mpesa,KES,Kenya,wallet_hub,success,,mobile,Chrome,268.89,948
ses_0183,evt_001102,4,2026-09-09T17:57:30Z,authorization_requested,mpesa,KES,Kenya,wallet_hub,submitted,,mobile,Chrome,268.89,613
ses_0183,evt_001103,5,2026-09-09T17:57:35Z,authorization_response,mpesa,KES,Kenya,wallet_hub,success,,mobile,Chrome,268.89,1470
ses_0183,evt_001104,6,2026-09-09T17:57:40Z,payment_completed,mpesa,KES,Kenya,wallet_hub,success,,mobile,Chrome,268.89,1095
ses_0184,evt_001105,1,2026-09-11T17:04:25Z,checkout_initiated,card_visa,SGD,Singapore,gateway_alpha,started,,desktop,Chrome,459.58,739
ses_0184,evt_001106,2,2026-09-11T17:04:32Z,method_selected,card_visa,SGD,Singapore,gateway_alpha,success,,desktop,Chrome,459.58,450
ses_0184,evt_001107,3,2026-09-11T17:04:42Z,details_entered,card_visa,SGD,Singapore,gateway_alpha,success,,desktop,Chrome,459.58,1354
ses_0184,evt_001108,4,2026-09-11T17:04:52Z,authorization_requested,card_visa,SGD,Singapore,gateway_alpha,submitted,,desktop,Chrome,459.58,590
ses_0184,evt_001109,5,2026-09-11T17:05:01Z,3ds_redirect,card_visa,SGD,Singapore,gateway_alpha,redirected,,desktop,Chrome,459.58,2315
ses_0184,evt_001110,6,2026-09-11T17:05:07Z,3ds_completed,card_visa,SGD,Singapore,gateway_alpha,success,,desktop,Chrome,459.58,2115
ses_0184,evt_001111,7,2026-09-11T17:05:17Z,authorization_response,card_visa,SGD,Singapore,gateway_alpha,success,,desktop,Chrome,459.58,674
ses_0184,evt_001112,8,2026-09-11T17:05:28Z,payment_completed,card_visa,SGD,Singapore,gateway_alpha,success,,desktop,Chrome,459.58,491
ses_0185,evt_001113,1,2026-09-08T20:56:00Z,checkout_initiated,gcash,USD,Cross-border,wallet_hub,started,,desktop,Chrome,149.65,436
ses_0185,evt_001114,2,2026-09-08T20:56:09Z,method_selected,gcash,USD,Cross-border,wallet_hub,success,,desktop,Chrome,149.65,494
ses_0185,evt_001115,3,2026-09-08T20:56:16Z,details_entered,gcash,USD,Cross-border,wallet_hub,success,,desktop,Chrome,149.65,607
ses_0185,evt_001116,4,2026-09-08T20:56:20Z,authorization_requested,gcash,USD,Cross-border,wallet_hub,submitted,,desktop,Chrome,149.65,1790
ses_0185,evt_001117,5,2026-09-08T20:56:29Z,authorization_response,gcash,USD,Cross-border,wallet_hub,success,,desktop,Chrome,149.65,290
ses_0185,evt_001118,6,2026-09-08T20:56:35Z,payment_completed,gcash,USD,Cross-border,wallet_hub,success,,desktop,Chrome,149.65,1624
ses_0186,evt_001119,1,2026-09-09T22:14:36Z,checkout_initiated,card_visa,PHP,Philippines,gateway_alpha,started,,desktop,Safari,218.28,934
ses_0186,evt_001120,2,2026-09-09T22:14:42Z,method_selected,card_visa,PHP,Philippines,gateway_alpha,success,,desktop,Safari,218.28,1401
ses_0186,evt_001121,3,2026-09-09T22:14:45Z,details_entered,card_visa,PHP,Philippines,gateway_alpha,success,,desktop,Safari,218.28,1265
ses_0186,evt_001122,4,2026-09-09T22:14:50Z,authorization_requested,card_visa,PHP,Philippines,gateway_alpha,submitted,,desktop,Safari,218.28,956
ses_0186,evt_001123,5,2026-09-09T22:14:55Z,3ds_redirect,card_visa,PHP,Philippines,gateway_alpha,redirected,,desktop,Safari,218.28,3612
ses_0186,evt_001124,6,2026-09-09T22:15:01Z,3ds_completed,card_visa,PHP,Philippines,gateway_alpha,success,,desktop,Safari,218.28,1492
ses_0186,evt_001125,7,2026-09-09T22:15:09Z,authorization_response,card_visa,PHP,Philippines,gateway_alpha,failed,insufficient_funds,desktop,Safari,218.28,351
ses_0187,evt_001126,1,2026-09-05T17:57:57Z,checkout_initiated,card_visa,USD,Cross-border,gateway_beta,started,,desktop,Safari,157.30,1464
ses_0187,evt_001127,2,2026-09-05T17:58:01Z,method_selected,card_visa,USD,Cross-border,gateway_beta,success,,desktop,Safari,157.30,803
ses_0187,evt_001128,3,2026-09-05T17:58:12Z,details_entered,card_visa,USD,Cross-border,gateway_beta,success,,desktop,Safari,157.30,854
ses_0187,evt_001129,4,2026-09-05T17:58:16Z,authorization_requested,card_visa,USD,Cross-border,gateway_beta,submitted,,desktop,Safari,157.30,331
ses_0187,evt_001130,5,2026-09-05T17:58:30Z,3ds_redirect,card_visa,USD,Cross-border,gateway_beta,redirected,,desktop,Safari,157.30,11041
ses_0187,evt_001131,6,2026-09-05T17:58:43Z,3ds_completed,card_visa,USD,Cross-border,gateway_beta,abandoned,3ds_abandoned,desktop,Safari,157.30,9640
ses_0188,evt_001132,1,2026-09-03T10:42:49Z,checkout_initiated,bnpl_atome,PHP,Philippines,bnpl_connect,started,,mobile,Safari,339.97,1506
ses_0188,evt_001133,2,2026-09-03T10:42:53Z,method_selected,bnpl_atome,PHP,Philippines,bnpl_connect,success,,mobile,Safari,339.97,1483
ses_0188,evt_001134,3,2026-09-03T10:42:57Z,details_entered,bnpl_atome,PHP,Philippines,bnpl_connect,success,,mobile,Safari,339.97,464
ses_0188,evt_001135,4,2026-09-03T10:43:00Z,authorization_requested,bnpl_atome,PHP,Philippines,bnpl_connect,submitted,,mobile,Safari,339.97,425
ses_0188,evt_001136,5,2026-09-03T10:43:09Z,authorization_response,bnpl_atome,PHP,Philippines,bnpl_connect,failed,fraud_suspected,mobile,Safari,339.97,1558
ses_0189,evt_001137,1,2026-09-13T13:23:22Z,checkout_initiated,card_mastercard,SGD,Singapore,gateway_alpha,started,,mobile,Safari,427.17,362
ses_0189,evt_001138,2,2026-09-13T13:23:32Z,method_selected,card_mastercard,SGD,Singapore,gateway_alpha,success,,mobile,Safari,427.17,341
ses_0189,evt_001139,3,2026-09-13T13:23:35Z,details_entered,card_mastercard,SGD,Singapore,gateway_alpha,success,,mobile,Safari,427.17,1158
ses_0189,evt_001140,4,2026-09-13T13:23:41Z,authorization_requested,card_mastercard,SGD,Singapore,gateway_alpha,submitted,,mobile,Safari,427.17,1347
ses_0189,evt_001141,5,2026-09-13T13:24:01Z,3ds_redirect,card_mastercard,SGD,Singapore,gateway_alpha,redirected,,mobile,Safari,427.17,10935
ses_0189,evt_001142,6,2026-09-13T13:24:18Z,3ds_completed,card_mastercard,SGD,Singapore,gateway_alpha,abandoned,3ds_abandoned,mobile,Safari,427.17,12675
ses_0190,evt_001143,1,2026-09-08T21:55:01Z,checkout_initiated,bnpl_atome,SGD,Singapore,bnpl_connect,started,,mobile,Safari,400.81,602
ses_0190,evt_001144,2,2026-09-08T21:55:09Z,method_selected,bnpl_atome,SGD,Singapore,bnpl_connect,success,,mobile,Safari,400.81,1139
ses_0190,evt_001145,3,2026-09-08T21:55:21Z,details_entered,bnpl_atome,SGD,Singapore,bnpl_connect,success,,mobile,Safari,400.81,1788
ses_0190,evt_001146,4,2026-09-08T21:55:27Z,authorization_requested,bnpl_atome,SGD,Singapore,bnpl_connect,submitted,,mobile,Safari,400.81,534
ses_0190,evt_001147,5,2026-09-08T21:55:37Z,authorization_response,bnpl_atome,SGD,Singapore,bnpl_connect,failed,insufficient_funds,mobile,Safari,400.81,875
ses_0191,evt_001148,1,2026-09-09T22:27:21Z,checkout_initiated,card_mastercard,USD,Cross-border,gateway_alpha,started,,mobile,Chrome,79.25,1196
ses_0191,evt_001149,2,2026-09-09T22:27:31Z,method_selected,card_mastercard,USD,Cross-border,gateway_alpha,success,,mobile,Chrome,79.25,1660
ses_0191,evt_001150,3,2026-09-09T22:27:36Z,details_entered,card_mastercard,USD,Cross-border,gateway_alpha,success,,mobile,Chrome,79.25,300
ses_0191,evt_001151,4,2026-09-09T22:27:46Z,authorization_requested,card_mastercard,USD,Cross-border,gateway_alpha,submitted,,mobile,Chrome,79.25,1504
ses_0191,evt_001152,5,2026-09-09T22:27:52Z,3ds_redirect,card_mastercard,USD,Cross-border,gateway_alpha,redirected,,mobile,Chrome,79.25,1765
ses_0191,evt_001153,6,2026-09-09T22:28:03Z,3ds_completed,card_mastercard,USD,Cross-border,gateway_alpha,success,,mobile,Chrome,79.25,2387
ses_0191,evt_001154,7,2026-09-09T22:28:09Z,authorization_response,card_mastercard,USD,Cross-border,gateway_alpha,failed,invalid_card,mobile,Chrome,79.25,1584
ses_0192,evt_001155,1,2026-09-05T09:28:13Z,checkout_initiated,bnpl_atome,SGD,Singapore,bnpl_connect,started,,mobile,Chrome,223.61,1797
ses_0192,evt_001156,2,2026-09-05T09:28:17Z,method_selected,bnpl_atome,SGD,Singapore,bnpl_connect,success,,mobile,Chrome,223.61,1367
ses_0192,evt_001157,3,2026-09-05T09:28:21Z,details_entered,bnpl_atome,SGD,Singapore,bnpl_connect,success,,mobile,Chrome,223.61,568
ses_0192,evt_001158,4,2026-09-05T09:28:26Z,authorization_requested,bnpl_atome,SGD,Singapore,bnpl_connect,submitted,,mobile,Chrome,223.61,1552
ses_0192,evt_001159,5,2026-09-05T09:28:28Z,authorization_response,bnpl_atome,SGD,Singapore,bnpl_connect,failed,fraud_suspected,mobile,Chrome,223.61,848
ses_0193,evt_001160,1,2026-09-10T10:37:41Z,checkout_initiated,gcash,PHP,Philippines,wallet_hub,started,,desktop,Edge,289.15,1616
ses_0193,evt_001161,2,2026-09-10T10:37:45Z,method_selected,gcash,PHP,Philippines,wallet_hub,success,,desktop,Edge,289.15,938
ses_0193,evt_001162,3,2026-09-10T10:37:55Z,details_entered,gcash,PHP,Philippines,wallet_hub,success,,desktop,Edge,289.15,1774
ses_0193,evt_001163,4,2026-09-10T10:37:57Z,authorization_requested,gcash,PHP,Philippines,wallet_hub,submitted,,desktop,Edge,289.15,424
ses_0193,evt_001164,5,2026-09-10T10:38:09Z,authorization_response,gcash,PHP,Philippines,wallet_hub,success,,desktop,Edge,289.15,1717
ses_0193,evt_001165,6,2026-09-10T10:38:15Z,payment_completed,gcash,PHP,Philippines,wallet_hub,success,,desktop,Edge,289.15,1609
ses_0194,evt_001166,1,2026-09-10T15:48:49Z,checkout_initiated,card_mastercard,KES,Kenya,gateway_beta,started,,mobile,Safari,396.60,488
ses_0194,evt_001167,2,2026-09-10T15:48:53Z,method_selected,card_mastercard,KES,Kenya,gateway_beta,success,,mobile,Safari,396.60,1107
ses_0194,evt_001168,3,2026-09-10T15:49:01Z,details_entered,card_mastercard,KES,Kenya,gateway_beta,success,,mobile,Safari,396.60,206
ses_0194,evt_001169,4,2026-09-10T15:49:04Z,authorization_requested,card_mastercard,KES,Kenya,gateway_beta,submitted,,mobile,Safari,396.60,784
ses_0194,evt_001170,5,2026-09-10T15:49:20Z,authorization_response,card_mastercard,KES,Kenya,gateway_beta,failed,timeout,mobile,Safari,396.60,9678
ses_0195,evt_001171,1,2026-09-11T11:26:31Z,checkout_initiated,card_visa,PHP,Philippines,gateway_alpha,started,,mobile,Safari,274.56,554
ses_0195,evt_001172,2,2026-09-11T11:26:39Z,method_selected,card_visa,PHP,Philippines,gateway_alpha,success,,mobile,Safari,274.56,1790
ses_0195,evt_001173,3,2026-09-11T11:26:42Z,details_entered,card_visa,PHP,Philippines,gateway_alpha,success,,mobile,Safari,274.56,1305
ses_0195,evt_001174,4,2026-09-11T11:26:52Z,authorization_requested,card_visa,PHP,Philippines,gateway_alpha,submitted,,mobile,Safari,274.56,262
ses_0195,evt_001175,5,2026-09-11T11:26:54Z,authorization_response,card_visa,PHP,Philippines,gateway_alpha,failed,fraud_suspected,mobile,Safari,274.56,384
ses_0196,evt_001176,1,2026-09-03T22:29:39Z,checkout_initiated,card_visa,KES,Kenya,gateway_alpha,started,,mobile,Safari,107.98,673
ses_0196,evt_001177,2,2026-09-03T22:29:51Z,method_selected,card_visa,KES,Kenya,gateway_alpha,success,,mobile,Safari,107.98,1771
ses_0196,evt_001178,3,2026-09-03T22:29:54Z,details_entered,card_visa,KES,Kenya,gateway_alpha,success,,mobile,Safari,107.98,699
ses_0196,evt_001179,4,2026-09-03T22:29:59Z,authorization_requested,card_visa,KES,Kenya,gateway_alpha,submitted,,mobile,Safari,107.98,545
ses_0196,evt_001180,5,2026-09-03T22:30:01Z,authorization_response,card_visa,KES,Kenya,gateway_alpha,success,,mobile,Safari,107.98,1327
ses_0196,evt_001181,6,2026-09-03T22:30:07Z,payment_completed,card_visa,KES,Kenya,gateway_alpha,success,,mobile,Safari,107.98,475
ses_0197,evt_001182,1,2026-09-04T17:16:19Z,checkout_initiated,bnpl_atome,SGD,Singapore,bnpl_connect,started,,mobile,Firefox,415.12,373
ses_0197,evt_001183,2,2026-09-04T17:16:24Z,method_selected,bnpl_atome,SGD,Singapore,bnpl_connect,success,,mobile,Firefox,415.12,1038
ses_0197,evt_001184,3,2026-09-04T17:16:32Z,details_entered,bnpl_atome,SGD,Singapore,bnpl_connect,success,,mobile,Firefox,415.12,1079
ses_0197,evt_001185,4,2026-09-04T17:16:34Z,authorization_requested,bnpl_atome,SGD,Singapore,bnpl_connect,submitted,,mobile,Firefox,415.12,1215
ses_0197,evt_001186,5,2026-09-04T17:16:37Z,authorization_response,bnpl_atome,SGD,Singapore,bnpl_connect,success,,mobile,Firefox,415.12,943
ses_0197,evt_001187,6,2026-09-04T17:16:44Z,payment_completed,bnpl_atome,SGD,Singapore,bnpl_connect,success,,mobile,Firefox,415.12,197
ses_0198,evt_001188,1,2026-09-12T22:48:24Z,checkout_initiated,gcash,PHP,Philippines,wallet_hub,started,,mobile,Safari,442.45,1354
ses_0198,evt_001189,2,2026-09-12T22:48:35Z,method_selected,gcash,PHP,Philippines,wallet_hub,success,,mobile,Safari,442.45,603
ses_0198,evt_001190,3,2026-09-12T22:48:47Z,details_entered,gcash,PHP,Philippines,wallet_hub,success,,mobile,Safari,442.45,1525
ses_0198,evt_001191,4,2026-09-12T22:48:57Z,authorization_requested,gcash,PHP,Philippines,wallet_hub,submitted,,mobile,Safari,442.45,224
ses_0198,evt_001192,5,2026-09-12T22:49:00Z,authorization_response,gcash,PHP,Philippines,wallet_hub,success,,mobile,Safari,442.45,199
ses_0198,evt_001193,6,2026-09-12T22:49:08Z,payment_completed,gcash,PHP,Philippines,wallet_hub,success,,mobile,Safari,442.45,728
ses_0199,evt_001194,1,2026-09-10T14:09:10Z,checkout_initiated,card_visa,SGD,Singapore,gateway_alpha,started,,mobile,Chrome,439.43,535
ses_0199,evt_001195,2,2026-09-10T14:09:18Z,method_selected,card_visa,SGD,Singapore,gateway_alpha,success,,mobile,Chrome,439.43,1098
ses_0199,evt_001196,3,2026-09-10T14:09:28Z,details_entered,card_visa,SGD,Singapore,gateway_alpha,success,,mobile,Chrome,439.43,442
ses_0199,evt_001197,4,2026-09-10T14:09:32Z,authorization_requested,card_visa,SGD,Singapore,gateway_alpha,submitted,,mobile,Chrome,439.43,1167
ses_0199,evt_001198,5,2026-09-10T14:09:45Z,3ds_redirect,card_visa,SGD,Singapore,gateway_alpha,redirected,,mobile,Chrome,439.43,4624
ses_0199,evt_001199,6,2026-09-10T14:09:50Z,3ds_completed,card_visa,SGD,Singapore,gateway_alpha,success,,mobile,Chrome,439.43,4498
ses_0199,evt_001200,7,2026-09-10T14:10:01Z,authorization_response,card_visa,SGD,Singapore,gateway_alpha,success,,mobile,Chrome,439.43,203
ses_0199,evt_001201,8,2026-09-10T14:10:10Z,payment_completed,card_visa,SGD,Singapore,gateway_alpha,success,,mobile,Chrome,439.43,839
ses_0200,evt_001202,1,2026-09-14T04:02:39Z,checkout_initiated,card_visa,PHP,Philippines,gateway_alpha,started,,desktop,Safari,86.41,1133
ses_0200,evt_001203,2,2026-09-14T04:02:41Z,method_selected,card_visa,PHP,Philippines,gateway_alpha,success,,desktop,Safari,86.41,775
ses_0200,evt_001204,3,2026-09-14T04:02:48Z,details_entered,card_visa,PHP,Philippines,gateway_alpha,success,,desktop,Safari,86.41,263
ses_0200,evt_001205,4,2026-09-14T04:02:54Z,authorization_requested,card_visa,PHP,Philippines,gateway_alpha,submitted,,desktop,Safari,86.41,1799
ses_0200,evt_001206,5,2026-09-14T04:03:05Z,authorization_response,card_visa,PHP,Philippines,gateway_alpha,success,,desktop,Safari,86.41,1410
ses_0200,evt_001207,6,2026-09-14T04:03:15Z,payment_completed,card_visa,PHP,Philippines,gateway_alpha,success,,desktop,Safari,86.41,236
ses_0201,evt_001208,1,2026-09-12T12:17:36Z,checkout_initiated,mpesa,KES,Kenya,wallet_hub,started,,mobile,Chrome,322.37,407
ses_0201,evt_001209,2,2026-09-12T12:17:41Z,method_selected,mpesa,KES,Kenya,wallet_hub,success,,mobile,Chrome,322.37,865
ses_0201,evt_001210,3,2026-09-12T12:17:46Z,details_entered,mpesa,KES,Kenya,wallet_hub,success,,mobile,Chrome,322.37,1282
ses_0201,evt_001211,4,2026-09-12T12:17:52Z,authorization_requested,mpesa,KES,Kenya,wallet_hub,submitted,,mobile,Chrome,322.37,1349
ses_0201,evt_001212,5,2026-09-12T12:17:58Z,authorization_response,mpesa,KES,Kenya,wallet_hub,success,,mobile,Chrome,322.37,340
ses_0201,evt_001213,6,2026-09-12T12:18:06Z,payment_completed,mpesa,KES,Kenya,wallet_hub,success,,mobile,Chrome,322.37,633
ses_0202,evt_001214,1,2026-09-03T04:23:05Z,checkout_initiated,card_visa,SGD,Singapore,gateway_alpha,started,,mobile,Safari,444.36,443
ses_0202,evt_001215,2,2026-09-03T04:23:13Z,method_selected,card_visa,SGD,Singapore,gateway_alpha,success,,mobile,Safari,444.36,965
ses_0202,evt_001216,3,2026-09-03T04:23:15Z,details_entered,card_visa,SGD,Singapore,gateway_alpha,success,,mobile,Safari,444.36,1305
ses_0202,evt_001217,4,2026-09-03T04:23:26Z,authorization_requested,card_visa,SGD,Singapore,gateway_alpha,submitted,,mobile,Safari,444.36,1182
ses_0202,evt_001218,5,2026-09-03T04:23:31Z,3ds_redirect,card_visa,SGD,Singapore,gateway_alpha,redirected,,mobile,Safari,444.36,2872
ses_0202,evt_001219,6,2026-09-03T04:23:37Z,3ds_completed,card_visa,SGD,Singapore,gateway_alpha,success,,mobile,Safari,444.36,3321
ses_0202,evt_001220,7,2026-09-03T04:23:41Z,authorization_response,card_visa,SGD,Singapore,gateway_alpha,failed,insufficient_funds,mobile,Safari,444.36,1353
ses_0203,evt_001221,1,2026-09-02T19:53:36Z,checkout_initiated,card_mastercard,KES,Kenya,gateway_alpha,started,,mobile,Safari,115.72,510
ses_0203,evt_001222,2,2026-09-02T19:53:44Z,method_selected,card_mastercard,KES,Kenya,gateway_alpha,success,,mobile,Safari,115.72,931
ses_0203,evt_001223,3,2026-09-02T19:53:51Z,details_entered,card_mastercard,KES,Kenya,gateway_alpha,success,,mobile,Safari,115.72,714
ses_0203,evt_001224,4,2026-09-02T19:53:57Z,authorization_requested,card_mastercard,KES,Kenya,gateway_alpha,submitted,,mobile,Safari,115.72,1330
ses_0203,evt_001225,5,2026-09-02T19:54:09Z,3ds_redirect,card_mastercard,KES,Kenya,gateway_alpha,redirected,,mobile,Safari,115.72,2148
ses_0203,evt_001226,6,2026-09-02T19:54:19Z,3ds_completed,card_mastercard,KES,Kenya,gateway_alpha,success,,mobile,Safari,115.72,4041
ses_0203,evt_001227,7,2026-09-02T19:54:23Z,authorization_response,card_mastercard,KES,Kenya,gateway_alpha,success,,mobile,Safari,115.72,1480
ses_0203,evt_001228,8,2026-09-02T19:54:26Z,payment_completed,card_mastercard,KES,Kenya,gateway_alpha,success,,mobile,Safari,115.72,1717
ses_0204,evt_001229,1,2026-09-08T09:50:53Z,checkout_initiated,card_visa,USD,Cross-border,gateway_beta,started,,desktop,Chrome,473.11,1075
ses_0204,evt_001230,2,2026-09-08T09:50:58Z,method_selected,card_visa,USD,Cross-border,gateway_beta,success,,desktop,Chrome,473.11,749
ses_0204,evt_001231,3,2026-09-08T09:51:09Z,details_entered,card_visa,USD,Cross-border,gateway_beta,success,,desktop,Chrome,473.11,267
ses_0204,evt_001232,4,2026-09-08T09:51:20Z,authorization_requested,card_visa,USD,Cross-border,gateway_beta,submitted,,desktop,Chrome,473.11,1136
ses_0204,evt_001233,5,2026-09-08T09:51:31Z,authorization_response,card_visa,USD,Cross-border,gateway_beta,failed,insufficient_funds,desktop,Chrome,473.11,1679
ses_0205,evt_001234,1,2026-09-06T06:44:39Z,checkout_initiated,card_visa,PHP,Philippines,gateway_alpha,started,,desktop,Safari,413.07,1258
ses_0205,evt_001235,2,2026-09-06T06:44:45Z,method_selected,card_visa,PHP,Philippines,gateway_alpha,success,,desktop,Safari,413.07,1642
ses_0205,evt_001236,3,2026-09-06T06:44:52Z,details_entered,card_visa,PHP,Philippines,gateway_alpha,success,,desktop,Safari,413.07,510
ses_0205,evt_001237,4,2026-09-06T06:45:01Z,authorization_requested,card_visa,PHP,Philippines,gateway_alpha,submitted,,desktop,Safari,413.07,1117
ses_0205,evt_001238,5,2026-09-06T06:45:09Z,3ds_redirect,card_visa,PHP,Philippines,gateway_alpha,redirected,,desktop,Safari,413.07,3161
ses_0205,evt_001239,6,2026-09-06T06:45:18Z,3ds_completed,card_visa,PHP,Philippines,gateway_alpha,success,,desktop,Safari,413.07,2344
ses_0205,evt_001240,7,2026-09-06T06:45:29Z,authorization_response,card_visa,PHP,Philippines,gateway_alpha,success,,desktop,Safari,413.07,366
ses_0205,evt_001241,8,2026-09-06T06:45:35Z,payment_completed,card_visa,PHP,Philippines,gateway_alpha,success,,desktop,Safari,413.07,390
ses_0206,evt_001242,1,2026-09-13T20:12:32Z,checkout_initiated,card_visa,USD,Cross-border,gateway_alpha,started,,mobile,Chrome,51.04,1685
ses_0206,evt_001243,2,2026-09-13T20:12:40Z,method_selected,card_visa,USD,Cross-border,gateway_alpha,success,,mobile,Chrome,51.04,537
ses_0206,evt_001244,3,2026-09-13T20:12:44Z,details_entered,card_visa,USD,Cross-border,gateway_alpha,success,,mobile,Chrome,51.04,861
ses_0206,evt_001245,4,2026-09-13T20:12:53Z,authorization_requested,card_visa,USD,Cross-border,gateway_alpha,submitted,,mobile,Chrome,51.04,420
ses_0206,evt_001246,5,2026-09-13T20:12:59Z,3ds_redirect,card_visa,USD,Cross-border,gateway_alpha,redirected,,mobile,Chrome,51.04,4558
ses_0206,evt_001247,6,2026-09-13T20:13:13Z,3ds_completed,card_visa,USD,Cross-border,gateway_alpha,success,,mobile,Chrome,51.04,4058
ses_0206,evt_001248,7,2026-09-13T20:13:15Z,authorization_response,card_visa,USD,Cross-border,gateway_alpha,failed,invalid_card,mobile,Chrome,51.04,1482
ses_0207,evt_001249,1,2026-09-08T09:30:47Z,checkout_initiated,card_visa,USD,Cross-border,gateway_alpha,started,,mobile,Safari,445.64,639
ses_0207,evt_001250,2,2026-09-08T09:30:54Z,method_selected,card_visa,USD,Cross-border,gateway_alpha,success,,mobile,Safari,445.64,1404
ses_0207,evt_001251,3,2026-09-08T09:31:03Z,details_entered,card_visa,USD,Cross-border,gateway_alpha,success,,mobile,Safari,445.64,801
ses_0207,evt_001252,4,2026-09-08T09:31:11Z,authorization_requested,card_visa,USD,Cross-border,gateway_alpha,submitted,,mobile,Safari,445.64,1694
ses_0207,evt_001253,5,2026-09-08T09:31:22Z,3ds_redirect,card_visa,USD,Cross-border,gateway_alpha,redirected,,mobile,Safari,445.64,1707
ses_0207,evt_001254,6,2026-09-08T09:31:28Z,3ds_completed,card_visa,USD,Cross-border,gateway_alpha,success,,mobile,Safari,445.64,5131
ses_0207,evt_001255,7,2026-09-08T09:31:38Z,authorization_response,card_visa,USD,Cross-border,gateway_alpha,success,,mobile,Safari,445.64,791
ses_0207,evt_001256,8,2026-09-08T09:31:41Z,payment_completed,card_visa,USD,Cross-border,gateway_alpha,success,,mobile,Safari,445.64,1091
ses_0208,evt_001257,1,2026-09-03T05:52:30Z,checkout_initiated,card_mastercard,PHP,Philippines,gateway_beta,started,,mobile,Edge,183.33,1315
ses_0208,evt_001258,2,2026-09-03T05:52:34Z,method_selected,card_mastercard,PHP,Philippines,gateway_beta,success,,mobile,Edge,183.33,568
ses_0208,evt_001259,3,2026-09-03T05:52:37Z,details_entered,card_mastercard,PHP,Philippines,gateway_beta,success,,mobile,Edge,183.33,215
ses_0208,evt_001260,4,2026-09-03T05:52:42Z,authorization_requested,card_mastercard,PHP,Philippines,gateway_beta,submitted,,mobile,Edge,183.33,348
ses_0208,evt_001261,5,2026-09-03T05:52:47Z,3ds_redirect,card_mastercard,PHP,Philippines,gateway_beta,redirected,,mobile,Edge,183.33,3456
ses_0208,evt_001262,6,2026-09-03T05:52:57Z,3ds_completed,card_mastercard,PHP,Philippines,gateway_beta,success,,mobile,Edge,183.33,4156
ses_0208,evt_001263,7,2026-09-03T05:53:03Z,authorization_response,card_mastercard,PHP,Philippines,gateway_beta,success,,mobile,Edge,183.33,475
ses_0208,evt_001264,8,2026-09-03T05:53:12Z,payment_completed,card_mastercard,PHP,Philippines,gateway_beta,success,,mobile,Edge,183.33,1678
ses_0209,evt_001265,1,2026-09-04T12:44:05Z,checkout_initiated,bnpl_atome,SGD,Singapore,bnpl_connect,started,,mobile,Chrome,13.72,1013
ses_0209,evt_001266,2,2026-09-04T12:44:11Z,method_selected,bnpl_atome,SGD,Singapore,bnpl_connect,success,,mobile,Chrome,13.72,181
ses_0209,evt_001267,3,2026-09-04T12:44:15Z,details_entered,bnpl_atome,SGD,Singapore,bnpl_connect,success,,mobile,Chrome,13.72,510
ses_0209,evt_001268,4,2026-09-04T12:44:18Z,authorization_requested,bnpl_atome,SGD,Singapore,bnpl_connect,submitted,,mobile,Chrome,13.72,1476
ses_0209,evt_001269,5,2026-09-04T12:44:24Z,authorization_response,bnpl_atome,SGD,Singapore,bnpl_connect,success,,mobile,Chrome,13.72,1157
ses_0209,evt_001270,6,2026-09-04T12:44:33Z,payment_completed,bnpl_atome,SGD,Singapore,bnpl_connect,success,,mobile,Chrome,13.72,1582
ses_0210,evt_001271,1,2026-09-08T16:28:43Z,checkout_initiated,card_visa,PHP,Philippines,gateway_beta,started,,mobile,Firefox,154.39,1507
ses_0210,evt_001272,2,2026-09-08T16:28:54Z,method_selected,card_visa,PHP,Philippines,gateway_beta,success,,mobile,Firefox,154.39,1367
ses_0210,evt_001273,3,2026-09-08T16:28:59Z,details_entered,card_visa,PHP,Philippines,gateway_beta,success,,mobile,Firefox,154.39,1231
ses_0210,evt_001274,4,2026-09-08T16:29:03Z,authorization_requested,card_visa,PHP,Philippines,gateway_beta,submitted,,mobile,Firefox,154.39,209
ses_0210,evt_001275,5,2026-09-08T16:29:13Z,3ds_redirect,card_visa,PHP,Philippines,gateway_beta,redirected,,mobile,Firefox,154.39,1198
ses_0210,evt_001276,6,2026-09-08T16:29:28Z,3ds_completed,card_visa,PHP,Philippines,gateway_beta,success,,mobile,Firefox,154.39,4557
ses_0210,evt_001277,7,2026-09-08T16:29:35Z,authorization_response,card_visa,PHP,Philippines,gateway_beta,success,,mobile,Firefox,154.39,1273
ses_0210,evt_001278,8,2026-09-08T16:29:39Z,payment_completed,card_visa,PHP,Philippines,gateway_beta,success,,mobile,Firefox,154.39,271
ses_0210,evt_001279,7,2026-09-08T16:29:35Z,authorization_response,card_visa,PHP,Philippines,gateway_beta,success,,mobile,Firefox,154.39,1273
ses_0211,evt_001280,1,2026-09-11T07:18:24Z,checkout_initiated,card_mastercard,PHP,Philippines,gateway_beta,started,,mobile,Chrome,434.36,586
ses_0211,evt_001281,2,2026-09-11T07:18:32Z,method_selected,card_mastercard,PHP,Philippines,gateway_beta,success,,mobile,Chrome,434.36,1669
ses_0211,evt_001282,3,2026-09-11T07:18:34Z,details_entered,card_mastercard,PHP,Philippines,gateway_beta,success,,mobile,Chrome,434.36,867
ses_0211,evt_001283,4,2026-09-11T07:18:41Z,authorization_requested,card_mastercard,PHP,Philippines,gateway_beta,submitted,,mobile,Chrome,434.36,776
ses_0211,evt_001284,5,2026-09-11T07:18:45Z,3ds_redirect,card_mastercard,PHP,Philippines,gateway_beta,redirected,,mobile,Chrome,434.36,2201
ses_0211,evt_001285,6,2026-09-11T07:18:51Z,3ds_completed,card_mastercard,PHP,Philippines,gateway_beta,success,,mobile,Chrome,434.36,5065
ses_0211,evt_001286,7,2026-09-11T07:18:54Z,authorization_response,card_mastercard,PHP,Philippines,gateway_beta,success,,mobile,Chrome,434.36,363
ses_0211,evt_001287,8,2026-09-11T07:19:04Z,payment_completed,card_mastercard,PHP,Philippines,gateway_beta,success,,mobile,Chrome,434.36,1749
ses_0212,evt_001288,1,2026-09-11T08:31:11Z,checkout_initiated,bank_transfer_local,KES,Kenya,bank_rail,started,,desktop,Chrome,435.73,1033
ses_0212,evt_001289,2,2026-09-11T08:31:17Z,method_selected,bank_transfer_local,KES,Kenya,bank_rail,success,,desktop,Chrome,435.73,900
ses_0212,evt_001290,3,2026-09-11T08:31:24Z,details_entered,bank_transfer_local,KES,Kenya,bank_rail,success,,desktop,Chrome,435.73,713
ses_0212,evt_001291,4,2026-09-11T08:31:30Z,authorization_requested,bank_transfer_local,KES,Kenya,bank_rail,submitted,,desktop,Chrome,435.73,1132
ses_0212,evt_001292,5,2026-09-11T08:31:35Z,authorization_response,bank_transfer_local,KES,Kenya,bank_rail,failed,fraud_suspected,desktop,Chrome,435.73,409
ses_0213,evt_001293,1,2026-09-04T01:29:48Z,checkout_initiated,card_mastercard,PHP,Philippines,gateway_alpha,started,,mobile,Chrome,136.35,1749
ses_0213,evt_001294,2,2026-09-04T01:29:52Z,method_selected,card_mastercard,PHP,Philippines,gateway_alpha,success,,mobile,Chrome,136.35,1357
ses_0213,evt_001295,3,2026-09-04T01:29:58Z,details_entered,card_mastercard,PHP,Philippines,gateway_alpha,success,,mobile,Chrome,136.35,203
ses_0213,evt_001296,4,2026-09-04T01:30:03Z,authorization_requested,card_mastercard,PHP,Philippines,gateway_alpha,submitted,,mobile,Chrome,136.35,1107
ses_0213,evt_001297,5,2026-09-04T01:30:08Z,3ds_redirect,card_mastercard,PHP,Philippines,gateway_alpha,redirected,,mobile,Chrome,136.35,1172
ses_0213,evt_001298,6,2026-09-04T01:30:15Z,3ds_completed,card_mastercard,PHP,Philippines,gateway_alpha,success,,mobile,Chrome,136.35,2677
ses_0213,evt_001299,7,2026-09-04T01:30:18Z,authorization_response,card_mastercard,PHP,Philippines,gateway_alpha,success,,mobile,Chrome,136.35,794
ses_0213,evt_001300,8,2026-09-04T01:30:23Z,payment_completed,card_mastercard,PHP,Philippines,gateway_alpha,success,,mobile,Chrome,136.35,1750
ses_0214,evt_001301,1,2026-09-10T05:30:10Z,checkout_initiated,card_mastercard,USD,Cross-border,gateway_alpha,started,,desktop,Chrome,171.26,636
ses_0214,evt_001302,2,2026-09-10T05:30:15Z,method_selected,card_mastercard,USD,Cross-border,gateway_alpha,success,,desktop,Chrome,171.26,1215
ses_0214,evt_001303,3,2026-09-10T05:30:19Z,details_entered,card_mastercard,USD,Cross-border,gateway_alpha,success,,desktop,Chrome,171.26,1077
ses_0214,evt_001304,4,2026-09-10T05:30:26Z,authorization_requested,card_mastercard,USD,Cross-border,gateway_alpha,submitted,,desktop,Chrome,171.26,586
ses_0214,evt_001305,5,2026-09-10T05:30:37Z,3ds_redirect,card_mastercard,USD,Cross-border,gateway_alpha,redirected,,desktop,Chrome,171.26,1974
ses_0214,evt_001306,6,2026-09-10T05:30:45Z,3ds_completed,card_mastercard,USD,Cross-border,gateway_alpha,success,,desktop,Chrome,171.26,1523
ses_0214,evt_001307,7,2026-09-10T05:30:52Z,authorization_response,card_mastercard,USD,Cross-border,gateway_alpha,success,,desktop,Chrome,171.26,1324
ses_0214,evt_001308,8,2026-09-10T05:31:03Z,payment_completed,card_mastercard,USD,Cross-border,gateway_alpha,success,,desktop,Chrome,171.26,697
ses_0215,evt_001309,1,2026-09-04T12:24:36Z,checkout_initiated,gcash,PHP,Philippines,wallet_hub,started,,desktop,Chrome,287.83,904
ses_0215,evt_001310,2,2026-09-04T12:24:45Z,method_selected,gcash,PHP,Philippines,wallet_hub,success,,desktop,Chrome,287.83,994
ses_0215,evt_001311,3,2026-09-04T12:24:55Z,details_entered,gcash,PHP,Philippines,wallet_hub,success,,desktop,Chrome,287.83,329
ses_0215,evt_001312,4,2026-09-04T12:24:59Z,authorization_requested,gcash,PHP,Philippines,wallet_hub,submitted,,desktop,Chrome,287.83,1687
ses_0215,evt_001313,5,2026-09-04T12:25:01Z,authorization_response,gcash,PHP,Philippines,wallet_hub,success,,desktop,Chrome,287.83,183
ses_0215,evt_001314,6,2026-09-04T12:25:06Z,payment_completed,gcash,PHP,Philippines,wallet_hub,success,,desktop,Chrome,287.83,912
ses_0216,evt_001315,1,2026-09-12T22:13:10Z,checkout_initiated,gcash,PHP,Philippines,wallet_hub,started,,desktop,Edge,129.58,1445
ses_0216,evt_001316,2,2026-09-12T22:13:18Z,method_selected,gcash,PHP,Philippines,wallet_hub,success,,desktop,Edge,129.58,1096
ses_0216,evt_001317,3,2026-09-12T22:13:22Z,details_entered,gcash,PHP,Philippines,wallet_hub,success,,desktop,Edge,129.58,1480
ses_0216,evt_001318,4,2026-09-12T22:13:27Z,authorization_requested,gcash,PHP,Philippines,wallet_hub,submitted,,desktop,Edge,129.58,320
ses_0216,evt_001319,5,2026-09-12T22:13:31Z,authorization_response,gcash,PHP,Philippines,wallet_hub,success,,desktop,Edge,129.58,1064
ses_0216,evt_001320,6,2026-09-12T22:13:43Z,payment_completed,gcash,PHP,Philippines,wallet_hub,success,,desktop,Edge,129.58,1512
ses_0217,evt_001321,1,2026-09-11T19:27:49Z,checkout_initiated,mpesa,KES,Kenya,wallet_hub,started,,desktop,Safari,67.75,1013
ses_0217,evt_001322,2,2026-09-11T19:28:00Z,method_selected,mpesa,KES,Kenya,wallet_hub,success,,desktop,Safari,67.75,357
ses_0217,evt_001323,3,2026-09-11T19:28:06Z,details_entered,mpesa,KES,Kenya,wallet_hub,success,,desktop,Safari,67.75,1340
ses_0217,evt_001324,4,2026-09-11T19:28:17Z,authorization_requested,mpesa,KES,Kenya,wallet_hub,submitted,,desktop,Safari,67.75,694
ses_0217,evt_001325,5,2026-09-11T19:28:25Z,authorization_response,mpesa,KES,Kenya,wallet_hub,success,,desktop,Safari,67.75,1421
ses_0217,evt_001326,6,2026-09-11T19:28:33Z,payment_completed,mpesa,KES,Kenya,wallet_hub,success,,desktop,Safari,67.75,734
ses_0218,evt_001327,1,2026-09-14T04:58:36Z,checkout_initiated,card_visa,USD,Cross-border,gateway_beta,started,,desktop,Chrome,171.29,674
ses_0218,evt_001328,2,2026-09-14T04:58:43Z,method_selected,card_visa,USD,Cross-border,gateway_beta,success,,desktop,Chrome,171.29,1472
ses_0218,evt_001329,3,2026-09-14T04:58:55Z,details_entered,card_visa,USD,Cross-border,gateway_beta,success,,desktop,Chrome,171.29,1783
ses_0218,evt_001330,4,2026-09-14T04:59:06Z,authorization_requested,card_visa,USD,Cross-border,gateway_beta,submitted,,desktop,Chrome,171.29,1572
ses_0218,evt_001331,5,2026-09-14T04:59:08Z,authorization_response,card_visa,USD,Cross-border,gateway_beta,failed,invalid_card,desktop,Chrome,171.29,190
ses_0219,evt_001332,1,2026-09-08T10:27:26Z,checkout_initiated,mpesa,KES,Kenya,wallet_hub,started,,desktop,Chrome,13.07,682
ses_0219,evt_001333,2,2026-09-08T10:27:32Z,method_selected,mpesa,KES,Kenya,wallet_hub,success,,desktop,Chrome,13.07,1557
ses_0219,evt_001334,3,2026-09-08T10:27:39Z,details_entered,mpesa,KES,Kenya,wallet_hub,success,,desktop,Chrome,13.07,734
ses_0219,evt_001335,4,2026-09-08T10:27:41Z,authorization_requested,mpesa,KES,Kenya,wallet_hub,submitted,,desktop,Chrome,13.07,510
ses_0219,evt_001336,5,2026-09-08T10:27:44Z,authorization_response,mpesa,KES,Kenya,wallet_hub,success,,desktop,Chrome,13.07,821
ses_0219,evt_001337,6,2026-09-08T10:27:47Z,payment_completed,mpesa,KES,Kenya,wallet_hub,success,,desktop,Chrome,13.07,1398
ses_0220,evt_001338,1,2026-09-08T17:21:00Z,checkout_initiated,card_visa,SGD,Singapore,gateway_beta,started,,mobile,Edge,221.54,839
ses_0220,evt_001339,2,2026-09-08T17:21:10Z,method_selected,card_visa,SGD,Singapore,gateway_beta,success,,mobile,Edge,221.54,410
ses_0220,evt_001340,3,2026-09-08T17:21:21Z,details_entered,card_visa,SGD,Singapore,gateway_beta,success,,mobile,Edge,221.54,1258
ses_0220,evt_001341,4,2026-09-08T17:21:32Z,authorization_requested,card_visa,SGD,Singapore,gateway_beta,submitted,,mobile,Edge,221.54,927
ses_0220,evt_001342,5,2026-09-08T17:21:39Z,authorization_response,card_visa,SGD,Singapore,gateway_beta,failed,insufficient_funds,mobile,Edge,221.54,1189
ses_0221,evt_001343,1,2026-09-12T06:02:18Z,checkout_initiated,gcash,PHP,Philippines,wallet_hub,started,,mobile,Safari,41.71,1080
ses_0221,evt_001344,2,2026-09-12T06:02:20Z,method_selected,gcash,PHP,Philippines,wallet_hub,success,,mobile,Safari,41.71,408
ses_0221,evt_001345,3,2026-09-12T06:02:30Z,details_entered,gcash,PHP,Philippines,wallet_hub,success,,mobile,Safari,41.71,861
ses_0221,evt_001346,4,2026-09-12T06:02:41Z,authorization_requested,gcash,PHP,Philippines,wallet_hub,submitted,,mobile,Safari,41.71,356
ses_0221,evt_001347,5,2026-09-12T06:02:50Z,authorization_response,gcash,PHP,Philippines,wallet_hub,failed,invalid_card,mobile,Safari,41.71,961
ses_0222,evt_001348,1,2026-09-01T22:23:53Z,checkout_initiated,card_mastercard,USD,Cross-border,gateway_alpha,started,,mobile,Firefox,233.55,729
ses_0222,evt_001349,2,2026-09-01T22:24:03Z,method_selected,card_mastercard,USD,Cross-border,gateway_alpha,success,,mobile,Firefox,233.55,1168
ses_0222,evt_001350,3,2026-09-01T22:24:09Z,details_entered,card_mastercard,USD,Cross-border,gateway_alpha,success,,mobile,Firefox,233.55,1076
ses_0222,evt_001351,4,2026-09-01T22:24:17Z,authorization_requested,card_mastercard,USD,Cross-border,gateway_alpha,submitted,,mobile,Firefox,233.55,649
ses_0222,evt_001352,5,2026-09-01T22:24:20Z,authorization_response,card_mastercard,USD,Cross-border,gateway_alpha,success,,mobile,Firefox,233.55,1358
ses_0222,evt_001353,6,2026-09-01T22:24:27Z,payment_completed,card_mastercard,USD,Cross-border,gateway_alpha,success,,mobile,Firefox,233.55,876
ses_0222,evt_001354,5,2026-09-01T22:24:20Z,authorization_response,card_mastercard,USD,Cross-border,gateway_alpha,success,,mobile,Firefox,233.55,1358
ses_0223,evt_001355,1,2026-09-13T14:19:38Z,checkout_initiated,gcash,PHP,Philippines,wallet_hub,started,,mobile,Safari,424.23,491
ses_0223,evt_001356,2,2026-09-13T14:19:44Z,method_selected,gcash,PHP,Philippines,wallet_hub,success,,mobile,Safari,424.23,807
ses_0223,evt_001357,3,2026-09-13T14:19:46Z,details_entered,gcash,PHP,Philippines,wallet_hub,success,,mobile,Safari,424.23,973
ses_0223,evt_001358,4,2026-09-13T14:19:50Z,authorization_requested,gcash,PHP,Philippines,wallet_hub,submitted,,mobile,Safari,424.23,1104
ses_0223,evt_001359,5,2026-09-13T14:20:00Z,authorization_response,gcash,PHP,Philippines,wallet_hub,success,,mobile,Safari,424.23,860
ses_0223,evt_001360,6,2026-09-13T14:20:03Z,payment_completed,gcash,PHP,Philippines,wallet_hub,success,,mobile,Safari,424.23,820
ses_0224,evt_001361,1,2026-09-04T17:33:20Z,checkout_initiated,card_mastercard,PHP,Philippines,gateway_beta,started,,mobile,Chrome,453.06,374
ses_0224,evt_001362,2,2026-09-04T17:33:30Z,method_selected,card_mastercard,PHP,Philippines,gateway_beta,success,,mobile,Chrome,453.06,1717
ses_0224,evt_001363,3,2026-09-04T17:33:40Z,details_entered,card_mastercard,PHP,Philippines,gateway_beta,success,,mobile,Chrome,453.06,1638
ses_0224,evt_001364,4,2026-09-04T17:33:50Z,authorization_requested,card_mastercard,PHP,Philippines,gateway_beta,submitted,,mobile,Chrome,453.06,1343
ses_0224,evt_001365,5,2026-09-04T17:34:02Z,3ds_redirect,card_mastercard,PHP,Philippines,gateway_beta,redirected,,mobile,Chrome,453.06,4601
ses_0224,evt_001366,6,2026-09-04T17:34:11Z,3ds_completed,card_mastercard,PHP,Philippines,gateway_beta,success,,mobile,Chrome,453.06,5014
ses_0224,evt_001367,7,2026-09-04T17:34:13Z,authorization_response,card_mastercard,PHP,Philippines,gateway_beta,success,,mobile,Chrome,453.06,198
ses_0224,evt_001368,8,2026-09-04T17:34:17Z,payment_completed,card_mastercard,PHP,Philippines,gateway_beta,success,,mobile,Chrome,453.06,569
ses_0225,evt_001369,1,2026-09-09T22:22:57Z,checkout_initiated,card_mastercard,USD,Cross-border,gateway_beta,started,,mobile,Safari,380.98,599
ses_0225,evt_001370,2,2026-09-09T22:23:00Z,method_selected,card_mastercard,USD,Cross-border,gateway_beta,success,,mobile,Safari,380.98,1219
ses_0225,evt_001371,3,2026-09-09T22:23:08Z,details_entered,card_mastercard,USD,Cross-border,gateway_beta,success,,mobile,Safari,380.98,1653
ses_0225,evt_001372,4,2026-09-09T22:23:12Z,authorization_requested,card_mastercard,USD,Cross-border,gateway_beta,submitted,,mobile,Safari,380.98,654
ses_0225,evt_001373,5,2026-09-09T22:23:31Z,3ds_redirect,card_mastercard,USD,Cross-border,gateway_beta,redirected,,mobile,Safari,380.98,8960
ses_0225,evt_001374,6,2026-09-09T22:23:53Z,3ds_completed,card_mastercard,USD,Cross-border,gateway_beta,abandoned,3ds_abandoned,mobile,Safari,380.98,11654
ses_0226,evt_001375,1,2026-09-13T08:50:57Z,checkout_initiated,card_visa,PHP,Philippines,gateway_beta,started,,mobile,Chrome,96.53,1164
ses_0226,evt_001376,2,2026-09-13T08:51:06Z,method_selected,card_visa,PHP,Philippines,gateway_beta,success,,mobile,Chrome,96.53,1700
ses_0226,evt_001377,3,2026-09-13T08:51:16Z,details_entered,card_visa,PHP,Philippines,gateway_beta,success,,mobile,Chrome,96.53,201
ses_0226,evt_001378,4,2026-09-13T08:51:26Z,authorization_requested,card_visa,PHP,Philippines,gateway_beta,submitted,,mobile,Chrome,96.53,1158
ses_0226,evt_001379,5,2026-09-13T08:51:37Z,3ds_redirect,card_visa,PHP,Philippines,gateway_beta,redirected,,mobile,Chrome,96.53,2154
ses_0226,evt_001380,6,2026-09-13T08:51:41Z,3ds_completed,card_visa,PHP,Philippines,gateway_beta,success,,mobile,Chrome,96.53,1781
ses_0226,evt_001381,7,2026-09-13T08:51:49Z,authorization_response,card_visa,PHP,Philippines,gateway_beta,success,,mobile,Chrome,96.53,1277
ses_0226,evt_001382,8,2026-09-13T08:51:55Z,payment_completed,card_visa,PHP,Philippines,gateway_beta,success,,mobile,Chrome,96.53,540
ses_0227,evt_001383,1,2026-09-04T23:17:44Z,checkout_initiated,mpesa,KES,Kenya,wallet_hub,started,,mobile,Firefox,217.71,578
ses_0227,evt_001384,2,2026-09-04T23:17:48Z,method_selected,mpesa,KES,Kenya,wallet_hub,success,,mobile,Firefox,217.71,456
ses_0227,evt_001385,3,2026-09-04T23:17:55Z,details_entered,mpesa,KES,Kenya,wallet_hub,success,,mobile,Firefox,217.71,1737
ses_0227,evt_001386,4,2026-09-04T23:18:00Z,authorization_requested,mpesa,KES,Kenya,wallet_hub,submitted,,mobile,Firefox,217.71,706
ses_0227,evt_001387,5,2026-09-04T23:18:03Z,authorization_response,mpesa,KES,Kenya,wallet_hub,success,,mobile,Firefox,217.71,326
ses_0227,evt_001388,6,2026-09-04T23:18:07Z,payment_completed,mpesa,KES,Kenya,wallet_hub,success,,mobile,Firefox,217.71,1786
ses_0228,evt_001389,1,2026-09-14T06:06:44Z,checkout_initiated,card_visa,KES,Kenya,gateway_alpha,started,,mobile,Safari,14.80,1039
ses_0228,evt_001390,2,2026-09-14T06:06:51Z,method_selected,card_visa,KES,Kenya,gateway_alpha,success,,mobile,Safari,14.80,403
ses_0228,evt_001391,3,2026-09-14T06:06:55Z,details_entered,card_visa,KES,Kenya,gateway_alpha,success,,mobile,Safari,14.80,1343
ses_0228,evt_001392,4,2026-09-14T06:06:57Z,authorization_requested,card_visa,KES,Kenya,gateway_alpha,submitted,,mobile,Safari,14.80,1169
ses_0228,evt_001393,5,2026-09-14T06:07:02Z,authorization_response,card_visa,KES,Kenya,gateway_alpha,failed,invalid_card,mobile,Safari,14.80,1648
ses_0229,evt_001394,1,2026-09-02T01:30:11Z,checkout_initiated,card_visa,PHP,Philippines,gateway_beta,started,,mobile,Chrome,79.90,329
ses_0229,evt_001395,2,2026-09-02T01:30:15Z,method_selected,card_visa,PHP,Philippines,gateway_beta,success,,mobile,Chrome,79.90,248
ses_0229,evt_001396,3,2026-09-02T01:30:19Z,details_entered,card_visa,PHP,Philippines,gateway_beta,abandoned,,mobile,Chrome,79.90,1032
ses_0230,evt_001397,1,2026-09-02T20:47:01Z,checkout_initiated,bank_transfer_local,PHP,Philippines,bank_rail,started,,mobile,Safari,181.02,1264
ses_0230,evt_001398,2,2026-09-02T20:47:04Z,method_selected,bank_transfer_local,PHP,Philippines,bank_rail,success,,mobile,Safari,181.02,1619
ses_0230,evt_001399,3,2026-09-02T20:47:15Z,details_entered,bank_transfer_local,PHP,Philippines,bank_rail,success,,mobile,Safari,181.02,1777
ses_0230,evt_001400,4,2026-09-02T20:47:19Z,authorization_requested,bank_transfer_local,PHP,Philippines,bank_rail,submitted,,mobile,Safari,181.02,1559
ses_0230,evt_001401,5,2026-09-02T20:47:23Z,authorization_response,bank_transfer_local,PHP,Philippines,bank_rail,pending,,mobile,Safari,181.02,1532
ses_0231,evt_001402,1,2026-09-10T13:53:30Z,checkout_initiated,mpesa,KES,Kenya,wallet_hub,started,,desktop,Chrome,275.86,1071
ses_0231,evt_001403,2,2026-09-10T13:53:37Z,method_selected,mpesa,KES,Kenya,wallet_hub,success,,desktop,Chrome,275.86,1261
ses_0231,evt_001404,3,2026-09-10T13:53:44Z,details_entered,mpesa,KES,Kenya,wallet_hub,success,,desktop,Chrome,275.86,1667
ses_0231,evt_001405,4,2026-09-10T13:53:51Z,authorization_requested,mpesa,KES,Kenya,wallet_hub,submitted,,desktop,Chrome,275.86,207
ses_0231,evt_001406,5,2026-09-10T13:53:56Z,authorization_response,mpesa,KES,Kenya,wallet_hub,success,,desktop,Chrome,275.86,1115
ses_0231,evt_001407,6,2026-09-10T13:54:06Z,payment_completed,mpesa,KES,Kenya,wallet_hub,success,,desktop,Chrome,275.86,1418
ses_0232,evt_001408,1,2026-09-12T21:20:36Z,checkout_initiated,card_visa,KES,Kenya,gateway_beta,started,,desktop,Safari,423.88,898
ses_0232,evt_001409,2,2026-09-12T21:20:47Z,method_selected,card_visa,KES,Kenya,gateway_beta,success,,desktop,Safari,423.88,373
ses_0232,evt_001410,3,2026-09-12T21:20:54Z,details_entered,card_visa,KES,Kenya,gateway_beta,success,,desktop,Safari,423.88,1294
ses_0232,evt_001411,4,2026-09-12T21:21:05Z,authorization_requested,card_visa,KES,Kenya,gateway_beta,submitted,,desktop,Safari,423.88,535
ses_0232,evt_001412,5,2026-09-12T21:21:17Z,3ds_redirect,card_visa,KES,Kenya,gateway_beta,redirected,,desktop,Safari,423.88,2825
ses_0232,evt_001413,6,2026-09-12T21:21:23Z,3ds_completed,card_visa,KES,Kenya,gateway_beta,success,,desktop,Safari,423.88,1350
ses_0232,evt_001414,7,2026-09-12T21:21:38Z,authorization_response,card_visa,KES,Kenya,gateway_beta,failed,timeout,desktop,Safari,423.88,6675
ses_0233,evt_001415,1,2026-09-12T20:00:53Z,checkout_initiated,gcash,PHP,Philippines,wallet_hub,started,,desktop,Chrome,186.81,512
ses_0233,evt_001416,2,2026-09-12T20:00:56Z,method_selected,gcash,PHP,Philippines,wallet_hub,success,,desktop,Chrome,186.81,1701
ses_0233,evt_001417,3,2026-09-12T20:01:01Z,details_entered,gcash,PHP,Philippines,wallet_hub,success,,desktop,Chrome,186.81,458
ses_0233,evt_001418,4,2026-09-12T20:01:11Z,authorization_requested,gcash,PHP,Philippines,wallet_hub,submitted,,desktop,Chrome,186.81,1438
ses_0233,evt_001419,5,2026-09-12T20:01:15Z,authorization_response,gcash,PHP,Philippines,wallet_hub,success,,desktop,Chrome,186.81,1191
ses_0233,evt_001420,6,2026-09-12T20:01:24Z,payment_completed,gcash,PHP,Philippines,wallet_hub,success,,desktop,Chrome,186.81,675
ses_0234,evt_001421,1,2026-09-07T11:20:19Z,checkout_initiated,card_visa,PHP,Philippines,gateway_beta,started,,mobile,Firefox,377.28,1516
ses_0234,evt_001422,2,2026-09-07T11:20:30Z,method_selected,card_visa,PHP,Philippines,gateway_beta,success,,mobile,Firefox,377.28,1051
ses_0234,evt_001423,3,2026-09-07T11:20:35Z,details_entered,card_visa,PHP,Philippines,gateway_beta,success,,mobile,Firefox,377.28,1061
ses_0234,evt_001424,4,2026-09-07T11:20:45Z,authorization_requested,card_visa,PHP,Philippines,gateway_beta,submitted,,mobile,Firefox,377.28,463
ses_0234,evt_001425,5,2026-09-07T11:20:51Z,3ds_redirect,card_visa,PHP,Philippines,gateway_beta,redirected,,mobile,Firefox,377.28,4460
ses_0234,evt_001426,6,2026-09-07T11:20:55Z,3ds_completed,card_visa,PHP,Philippines,gateway_beta,success,,mobile,Firefox,377.28,3366
ses_0234,evt_001427,7,2026-09-07T11:21:04Z,authorization_response,card_visa,PHP,Philippines,gateway_beta,failed,fraud_suspected,mobile,Firefox,377.28,343
ses_0235,evt_001428,1,2026-09-07T16:42:18Z,checkout_initiated,gcash,PHP,Philippines,wallet_hub,started,,desktop,Edge,166.63,1379
ses_0235,evt_001429,2,2026-09-07T16:42:24Z,method_selected,gcash,PHP,Philippines,wallet_hub,success,,desktop,Edge,166.63,1705
ses_0235,evt_001430,3,2026-09-07T16:42:30Z,details_entered,gcash,PHP,Philippines,wallet_hub,success,,desktop,Edge,166.63,1176
ses_0235,evt_001431,4,2026-09-07T16:42:32Z,authorization_requested,gcash,PHP,Philippines,wallet_hub,submitted,,desktop,Edge,166.63,327
ses_0235,evt_001432,5,2026-09-07T16:42:35Z,authorization_response,gcash,PHP,Philippines,wallet_hub,success,,desktop,Edge,166.63,1491
ses_0235,evt_001433,6,2026-09-07T16:42:44Z,payment_completed,gcash,PHP,Philippines,wallet_hub,success,,desktop,Edge,166.63,1347
ses_0236,evt_001434,1,2026-09-02T11:08:01Z,checkout_initiated,card_mastercard,KES,Kenya,gateway_alpha,started,,mobile,Safari,345.56,1517
ses_0236,evt_001435,2,2026-09-02T11:08:08Z,method_selected,card_mastercard,KES,Kenya,gateway_alpha,success,,mobile,Safari,345.56,1393
ses_0236,evt_001436,3,2026-09-02T11:08:19Z,details_entered,card_mastercard,KES,Kenya,gateway_alpha,success,,mobile,Safari,345.56,1298
ses_0236,evt_001437,4,2026-09-02T11:08:30Z,authorization_requested,card_mastercard,KES,Kenya,gateway_alpha,submitted,,mobile,Safari,345.56,1301
ses_0236,evt_001438,5,2026-09-02T11:08:46Z,3ds_redirect,card_mastercard,KES,Kenya,gateway_alpha,redirected,,mobile,Safari,345.56,10392
ses_0236,evt_001439,6,2026-09-02T11:09:06Z,3ds_completed,card_mastercard,KES,Kenya,gateway_alpha,abandoned,3ds_abandoned,mobile,Safari,345.56,10802
ses_0237,evt_001440,1,2026-09-08T12:02:10Z,checkout_initiated,card_mastercard,SGD,Singapore,gateway_alpha,started,,mobile,Chrome,8.65,1776
ses_0237,evt_001441,2,2026-09-08T12:02:18Z,method_selected,card_mastercard,SGD,Singapore,gateway_alpha,success,,mobile,Chrome,8.65,1754
ses_0237,evt_001442,3,2026-09-08T12:02:29Z,details_entered,card_mastercard,SGD,Singapore,gateway_alpha,success,,mobile,Chrome,8.65,251
ses_0237,evt_001443,4,2026-09-08T12:02:39Z,authorization_requested,card_mastercard,SGD,Singapore,gateway_alpha,submitted,,mobile,Chrome,8.65,1381
ses_0237,evt_001444,5,2026-09-08T12:02:59Z,3ds_redirect,card_mastercard,SGD,Singapore,gateway_alpha,redirected,,mobile,Chrome,8.65,10038
ses_0237,evt_001445,6,2026-09-08T12:03:10Z,3ds_completed,card_mastercard,SGD,Singapore,gateway_alpha,abandoned,3ds_abandoned,mobile,Chrome,8.65,6666
ses_0238,evt_001446,1,2026-09-14T01:10:46Z,checkout_initiated,card_visa,PHP,Philippines,gateway_beta,started,,mobile,Chrome,218.44,1455
ses_0238,evt_001447,2,2026-09-14T01:10:54Z,method_selected,card_visa,PHP,Philippines,gateway_beta,success,,mobile,Chrome,218.44,1248
ses_0238,evt_001448,3,2026-09-14T01:11:00Z,details_entered,card_visa,PHP,Philippines,gateway_beta,success,,mobile,Chrome,218.44,967
ses_0238,evt_001449,4,2026-09-14T01:11:05Z,authorization_requested,card_visa,PHP,Philippines,gateway_beta,submitted,,mobile,Chrome,218.44,1406
ses_0238,evt_001450,5,2026-09-14T01:11:12Z,3ds_redirect,card_visa,PHP,Philippines,gateway_beta,redirected,,mobile,Chrome,218.44,2321
ses_0238,evt_001451,6,2026-09-14T01:11:19Z,3ds_completed,card_visa,PHP,Philippines,gateway_beta,success,,mobile,Chrome,218.44,1245
ses_0238,evt_001452,7,2026-09-14T01:11:28Z,authorization_response,card_visa,PHP,Philippines,gateway_beta,success,,mobile,Chrome,218.44,610
ses_0238,evt_001453,8,2026-09-14T01:11:34Z,payment_completed,card_visa,PHP,Philippines,gateway_beta,success,,mobile,Chrome,218.44,1721
ses_0239,evt_001454,1,2026-09-09T14:41:07Z,checkout_initiated,card_visa,SGD,Singapore,gateway_beta,started,,mobile,Chrome,39.36,358
ses_0239,evt_001455,2,2026-09-09T14:41:13Z,method_selected,card_visa,SGD,Singapore,gateway_beta,success,,mobile,Chrome,39.36,1652
ses_0239,evt_001456,3,2026-09-09T14:41:19Z,details_entered,card_visa,SGD,Singapore,gateway_beta,success,,mobile,Chrome,39.36,1449
ses_0239,evt_001457,4,2026-09-09T14:41:25Z,authorization_requested,card_visa,SGD,Singapore,gateway_beta,submitted,,mobile,Chrome,39.36,1700
ses_0239,evt_001458,5,2026-09-09T14:41:31Z,3ds_redirect,card_visa,SGD,Singapore,gateway_beta,redirected,,mobile,Chrome,39.36,3922
ses_0239,evt_001459,6,2026-09-09T14:41:46Z,3ds_completed,card_visa,SGD,Singapore,gateway_beta,success,,mobile,Chrome,39.36,4979
ses_0239,evt_001460,7,2026-09-09T14:41:49Z,authorization_response,card_visa,SGD,Singapore,gateway_beta,failed,fraud_suspected,mobile,Chrome,39.36,915
ses_0240,evt_001461,1,2026-09-13T19:30:12Z,checkout_initiated,card_mastercard,SGD,Singapore,gateway_alpha,started,,desktop,Chrome,348.70,373
ses_0240,evt_001462,2,2026-09-13T19:30:21Z,method_selected,card_mastercard,SGD,Singapore,gateway_alpha,success,,desktop,Chrome,348.70,215
ses_0240,evt_001463,3,2026-09-13T19:30:27Z,details_entered,card_mastercard,SGD,Singapore,gateway_alpha,success,,desktop,Chrome,348.70,331
ses_0240,evt_001464,4,2026-09-13T19:30:33Z,authorization_requested,card_mastercard,SGD,Singapore,gateway_alpha,submitted,,desktop,Chrome,348.70,1125
ses_0240,evt_001465,5,2026-09-13T19:30:38Z,3ds_redirect,card_mastercard,SGD,Singapore,gateway_alpha,redirected,,desktop,Chrome,348.70,2273
ses_0240,evt_001466,6,2026-09-13T19:30:50Z,3ds_completed,card_mastercard,SGD,Singapore,gateway_alpha,success,,desktop,Chrome,348.70,3252
ses_0240,evt_001467,7,2026-09-13T19:30:53Z,authorization_response,card_mastercard,SGD,Singapore,gateway_alpha,success,,desktop,Chrome,348.70,883
ses_0240,evt_001468,8,2026-09-13T19:30:56Z,payment_completed,card_mastercard,SGD,Singapore,gateway_alpha,success,,desktop,Chrome,348.70,1370
ses_0241,evt_001469,1,2026-09-07T17:16:33Z,checkout_initiated,card_mastercard,PHP,Philippines,gateway_beta,started,,desktop,Chrome,199.70,1651
ses_0241,evt_001470,2,2026-09-07T17:16:44Z,method_selected,card_mastercard,PHP,Philippines,gateway_beta,success,,desktop,Chrome,199.70,1207
ses_0241,evt_001471,3,2026-09-07T17:16:55Z,details_entered,card_mastercard,PHP,Philippines,gateway_beta,success,,desktop,Chrome,199.70,670
ses_0241,evt_001472,4,2026-09-07T17:17:06Z,authorization_requested,card_mastercard,PHP,Philippines,gateway_beta,submitted,,desktop,Chrome,199.70,199
ses_0241,evt_001473,5,2026-09-07T17:17:10Z,authorization_response,card_mastercard,PHP,Philippines,gateway_beta,success,,desktop,Chrome,199.70,1224
ses_0241,evt_001474,6,2026-09-07T17:17:19Z,payment_completed,card_mastercard,PHP,Philippines,gateway_beta,success,,desktop,Chrome,199.70,1253
ses_0242,evt_001475,1,2026-09-14T18:20:37Z,checkout_initiated,gcash,PHP,Philippines,wallet_hub,started,,mobile,Safari,75.68,1456
ses_0242,evt_001476,2,2026-09-14T18:20:43Z,method_selected,gcash,PHP,Philippines,wallet_hub,success,,mobile,Safari,75.68,1656
ses_0242,evt_001477,3,2026-09-14T18:20:52Z,details_entered,gcash,PHP,Philippines,wallet_hub,abandoned,,mobile,Safari,75.68,861
ses_0243,evt_001478,1,2026-09-04T04:09:00Z,checkout_initiated,card_mastercard,KES,Kenya,gateway_alpha,started,,desktop,Safari,18.32,464
ses_0243,evt_001479,2,2026-09-04T04:09:03Z,method_selected,card_mastercard,KES,Kenya,gateway_alpha,success,,desktop,Safari,18.32,868
ses_0243,evt_001480,3,2026-09-04T04:09:07Z,details_entered,card_mastercard,KES,Kenya,gateway_alpha,success,,desktop,Safari,18.32,1684
ses_0243,evt_001481,4,2026-09-04T04:09:16Z,authorization_requested,card_mastercard,KES,Kenya,gateway_alpha,submitted,,desktop,Safari,18.32,1021
ses_0243,evt_001482,5,2026-09-04T04:09:28Z,3ds_redirect,card_mastercard,KES,Kenya,gateway_alpha,redirected,,desktop,Safari,18.32,9748
ses_0243,evt_001483,6,2026-09-04T04:09:48Z,3ds_completed,card_mastercard,KES,Kenya,gateway_alpha,abandoned,3ds_abandoned,desktop,Safari,18.32,13255
ses_0244,evt_001484,1,2026-09-13T16:48:57Z,checkout_initiated,card_visa,USD,Cross-border,gateway_alpha,started,,mobile,Chrome,89.21,1781
ses_0244,evt_001485,2,2026-09-13T16:49:06Z,method_selected,card_visa,USD,Cross-border,gateway_alpha,success,,mobile,Chrome,89.21,482
ses_0244,evt_001486,3,2026-09-13T16:49:16Z,details_entered,card_visa,USD,Cross-border,gateway_alpha,success,,mobile,Chrome,89.21,1384
ses_0244,evt_001487,4,2026-09-13T16:49:27Z,authorization_requested,card_visa,USD,Cross-border,gateway_alpha,submitted,,mobile,Chrome,89.21,459
ses_0244,evt_001488,5,2026-09-13T16:49:45Z,3ds_redirect,card_visa,USD,Cross-border,gateway_alpha,redirected,,mobile,Chrome,89.21,7775
ses_0244,evt_001489,6,2026-09-13T16:49:58Z,3ds_completed,card_visa,USD,Cross-border,gateway_alpha,abandoned,3ds_abandoned,mobile,Chrome,89.21,11278
ses_0245,evt_001490,1,2026-09-04T03:54:37Z,checkout_initiated,card_visa,USD,Cross-border,gateway_alpha,started,,desktop,Chrome,214.99,567
ses_0245,evt_001491,2,2026-09-04T03:54:47Z,method_selected,card_visa,USD,Cross-border,gateway_alpha,success,,desktop,Chrome,214.99,1578
ses_0245,evt_001492,3,2026-09-04T03:54:51Z,details_entered,card_visa,USD,Cross-border,gateway_alpha,success,,desktop,Chrome,214.99,1245
ses_0245,evt_001493,4,2026-09-04T03:54:55Z,authorization_requested,card_visa,USD,Cross-border,gateway_alpha,submitted,,desktop,Chrome,214.99,1115
ses_0245,evt_001494,5,2026-09-04T03:55:13Z,3ds_redirect,card_visa,USD,Cross-border,gateway_alpha,redirected,,desktop,Chrome,214.99,10853
ses_0245,evt_001495,6,2026-09-04T03:55:35Z,3ds_completed,card_visa,USD,Cross-border,gateway_alpha,abandoned,3ds_abandoned,desktop,Chrome,214.99,11957
ses_0246,evt_001496,1,2026-09-08T09:57:09Z,checkout_initiated,card_mastercard,KES,Kenya,gateway_alpha,started,,mobile,Chrome,43.42,1256
ses_0246,evt_001497,2,2026-09-08T09:57:11Z,method_selected,card_mastercard,KES,Kenya,gateway_alpha,success,,mobile,Chrome,43.42,817
ses_0246,evt_001498,3,2026-09-08T09:57:21Z,details_entered,card_mastercard,KES,Kenya,gateway_alpha,success,,mobile,Chrome,43.42,828
ses_0246,evt_001499,4,2026-09-08T09:57:31Z,authorization_requested,card_mastercard,KES,Kenya,gateway_alpha,submitted,,mobile,Chrome,43.42,717
ses_0246,evt_001500,5,2026-09-08T09:57:47Z,3ds_redirect,card_mastercard,KES,Kenya,gateway_alpha,redirected,,mobile,Chrome,43.42,10612
ses_0246,evt_001501,6,2026-09-08T09:58:05Z,3ds_completed,card_mastercard,KES,Kenya,gateway_alpha,abandoned,3ds_abandoned,mobile,Chrome,43.42,9097
ses_0247,evt_001502,1,2026-09-14T06:29:19Z,checkout_initiated,mpesa,KES,Kenya,wallet_hub,started,,desktop,Safari,135.90,580
ses_0247,evt_001503,2,2026-09-14T06:29:21Z,method_selected,mpesa,KES,Kenya,wallet_hub,success,,desktop,Safari,135.90,1300
ses_0247,evt_001504,3,2026-09-14T06:29:33Z,details_entered,mpesa,KES,Kenya,wallet_hub,success,,desktop,Safari,135.90,1732
ses_0247,evt_001505,4,2026-09-14T06:29:43Z,authorization_requested,mpesa,KES,Kenya,wallet_hub,submitted,,desktop,Safari,135.90,1002
ses_0247,evt_001506,5,2026-09-14T06:29:46Z,authorization_response,mpesa,KES,Kenya,wallet_hub,success,,desktop,Safari,135.90,1154
ses_0247,evt_001507,6,2026-09-14T06:29:55Z,payment_completed,mpesa,KES,Kenya,wallet_hub,success,,desktop,Safari,135.90,305
ses_0248,evt_001508,1,2026-09-07T12:16:07Z,checkout_initiated,mpesa,KES,Kenya,wallet_hub,started,,desktop,Firefox,466.41,328
ses_0248,evt_001509,2,2026-09-07T12:16:16Z,method_selected,mpesa,KES,Kenya,wallet_hub,success,,desktop,Firefox,466.41,1311
ses_0248,evt_001510,3,2026-09-07T12:16:25Z,details_entered,mpesa,KES,Kenya,wallet_hub,success,,desktop,Firefox,466.41,595
ses_0248,evt_001511,4,2026-09-07T12:16:28Z,authorization_requested,mpesa,KES,Kenya,wallet_hub,submitted,,desktop,Firefox,466.41,1476
ses_0248,evt_001512,5,2026-09-07T12:16:35Z,authorization_response,mpesa,KES,Kenya,wallet_hub,success,,desktop,Firefox,466.41,1659
ses_0248,evt_001513,6,2026-09-07T12:16:43Z,payment_completed,mpesa,KES,Kenya,wallet_hub,success,,desktop,Firefox,466.41,1463
ses_0249,evt_001514,1,2026-09-06T17:02:30Z,checkout_initiated,card_visa,KES,Kenya,gateway_alpha,started,,mobile,Chrome,368.27,1656
ses_0249,evt_001515,2,2026-09-06T17:02:41Z,method_selected,card_visa,KES,Kenya,gateway_alpha,success,,mobile,Chrome,368.27,1565
ses_0249,evt_001516,3,2026-09-06T17:02:50Z,details_entered,card_visa,KES,Kenya,gateway_alpha,success,,mobile,Chrome,368.27,887
ses_0249,evt_001517,4,2026-09-06T17:02:59Z,authorization_requested,card_visa,KES,Kenya,gateway_alpha,submitted,,mobile,Chrome,368.27,1134
ses_0249,evt_001518,5,2026-09-06T17:03:07Z,authorization_response,card_visa,KES,Kenya,gateway_alpha,success,,mobile,Chrome,368.27,428
ses_0249,evt_001519,6,2026-09-06T17:03:14Z,payment_completed,card_visa,KES,Kenya,gateway_alpha,success,,mobile,Chrome,368.27,326
ses_0250,evt_001520,1,2026-09-07T08:44:25Z,checkout_initiated,card_visa,SGD,Singapore,gateway_alpha,started,,mobile,Chrome,474.00,1609
ses_0250,evt_001521,2,2026-09-07T08:44:30Z,method_selected,card_visa,SGD,Singapore,gateway_alpha,success,,mobile,Chrome,474.00,1218
ses_0250,evt_001522,3,2026-09-07T08:44:34Z,details_entered,card_visa,SGD,Singapore,gateway_alpha,success,,mobile,Chrome,474.00,1351
ses_0250,evt_001523,4,2026-09-07T08:44:37Z,authorization_requested,card_visa,SGD,Singapore,gateway_alpha,submitted,,mobile,Chrome,474.00,1250
ses_0250,evt_001524,5,2026-09-07T08:44:54Z,3ds_redirect,card_visa,SGD,Singapore,gateway_alpha,redirected,,mobile,Chrome,474.00,8694
ses_0250,evt_001525,6,2026-09-07T08:45:05Z,3ds_completed,card_visa,SGD,Singapore,gateway_alpha,abandoned,3ds_abandoned,mobile,Chrome,474.00,9408
ses_0251,evt_001526,1,2026-09-03T21:27:32Z,checkout_initiated,gcash,PHP,Philippines,wallet_hub,started,,desktop,Firefox,477.84,1152
ses_0251,evt_001527,2,2026-09-03T21:27:34Z,method_selected,gcash,PHP,Philippines,wallet_hub,success,,desktop,Firefox,477.84,351
ses_0251,evt_001528,3,2026-09-03T21:27:42Z,details_entered,gcash,PHP,Philippines,wallet_hub,success,,desktop,Firefox,477.84,706
ses_0251,evt_001529,4,2026-09-03T21:27:53Z,authorization_requested,gcash,PHP,Philippines,wallet_hub,submitted,,desktop,Firefox,477.84,1051
ses_0251,evt_001530,5,2026-09-03T21:27:56Z,authorization_response,gcash,PHP,Philippines,wallet_hub,failed,insufficient_funds,desktop,Firefox,477.84,1285
ses_0252,evt_001531,1,2026-09-08T22:36:19Z,checkout_initiated,gcash,PHP,Philippines,wallet_hub,started,,mobile,Chrome,59.47,1797
ses_0252,evt_001532,2,2026-09-08T22:36:29Z,method_selected,gcash,PHP,Philippines,wallet_hub,success,,mobile,Chrome,59.47,1577
ses_0252,evt_001533,3,2026-09-08T22:36:38Z,details_entered,gcash,PHP,Philippines,wallet_hub,success,,mobile,Chrome,59.47,699
ses_0252,evt_001534,4,2026-09-08T22:36:46Z,authorization_requested,gcash,PHP,Philippines,wallet_hub,submitted,,mobile,Chrome,59.47,492
ses_0252,evt_001535,5,2026-09-08T22:36:55Z,authorization_response,gcash,PHP,Philippines,wallet_hub,success,,mobile,Chrome,59.47,1334
ses_0252,evt_001536,6,2026-09-08T22:36:57Z,payment_completed,gcash,PHP,Philippines,wallet_hub,success,,mobile,Chrome,59.47,564
ses_0253,evt_001537,1,2026-09-05T12:49:38Z,checkout_initiated,card_mastercard,PHP,Philippines,gateway_beta,started,,mobile,Chrome,35.75,622
ses_0253,evt_001538,2,2026-09-05T12:49:40Z,method_selected,card_mastercard,PHP,Philippines,gateway_beta,success,,mobile,Chrome,35.75,1352
ses_0253,evt_001539,3,2026-09-05T12:49:44Z,details_entered,card_mastercard,PHP,Philippines,gateway_beta,success,,mobile,Chrome,35.75,512
ses_0253,evt_001540,4,2026-09-05T12:49:48Z,authorization_requested,card_mastercard,PHP,Philippines,gateway_beta,submitted,,mobile,Chrome,35.75,1705
ses_0253,evt_001541,5,2026-09-05T12:50:02Z,3ds_redirect,card_mastercard,PHP,Philippines,gateway_beta,redirected,,mobile,Chrome,35.75,10754
ses_0253,evt_001542,6,2026-09-05T12:50:14Z,3ds_completed,card_mastercard,PHP,Philippines,gateway_beta,abandoned,3ds_abandoned,mobile,Chrome,35.75,8396
ses_0254,evt_001543,1,2026-09-05T02:03:08Z,checkout_initiated,gcash,PHP,Philippines,wallet_hub,started,,mobile,Firefox,246.59,883
ses_0254,evt_001544,2,2026-09-05T02:03:19Z,method_selected,gcash,PHP,Philippines,wallet_hub,success,,mobile,Firefox,246.59,1349
ses_0254,evt_001545,3,2026-09-05T02:03:21Z,details_entered,gcash,PHP,Philippines,wallet_hub,success,,mobile,Firefox,246.59,812
ses_0254,evt_001546,4,2026-09-05T02:03:30Z,authorization_requested,gcash,PHP,Philippines,wallet_hub,submitted,,mobile,Firefox,246.59,1261
ses_0254,evt_001547,5,2026-09-05T02:03:32Z,authorization_response,gcash,PHP,Philippines,wallet_hub,failed,invalid_card,mobile,Firefox,246.59,1087
ses_0255,evt_001548,1,2026-09-10T18:17:42Z,checkout_initiated,card_visa,PHP,Philippines,gateway_alpha,started,,mobile,Chrome,430.44,1118
ses_0255,evt_001549,2,2026-09-10T18:17:53Z,method_selected,card_visa,PHP,Philippines,gateway_alpha,success,,mobile,Chrome,430.44,185
ses_0255,evt_001550,3,2026-09-10T18:18:04Z,details_entered,card_visa,PHP,Philippines,gateway_alpha,success,,mobile,Chrome,430.44,979
ses_0255,evt_001551,4,2026-09-10T18:18:09Z,authorization_requested,card_visa,PHP,Philippines,gateway_alpha,submitted,,mobile,Chrome,430.44,357
ses_0255,evt_001552,5,2026-09-10T18:18:20Z,3ds_redirect,card_visa,PHP,Philippines,gateway_alpha,redirected,,mobile,Chrome,430.44,5049
ses_0255,evt_001553,6,2026-09-10T18:18:25Z,3ds_completed,card_visa,PHP,Philippines,gateway_alpha,success,,mobile,Chrome,430.44,2370
ses_0255,evt_001554,7,2026-09-10T18:18:36Z,authorization_response,card_visa,PHP,Philippines,gateway_alpha,success,,mobile,Chrome,430.44,609
ses_0255,evt_001555,8,2026-09-10T18:18:43Z,payment_completed,card_visa,PHP,Philippines,gateway_alpha,success,,mobile,Chrome,430.44,655
ses_0256,evt_001556,1,2026-09-04T12:10:45Z,checkout_initiated,card_visa,KES,Kenya,gateway_alpha,started,,mobile,Edge,131.43,1058
ses_0256,evt_001557,2,2026-09-04T12:10:55Z,method_selected,card_visa,KES,Kenya,gateway_alpha,success,,mobile,Edge,131.43,1445
ses_0256,evt_001558,3,2026-09-04T12:11:04Z,details_entered,card_visa,KES,Kenya,gateway_alpha,success,,mobile,Edge,131.43,1796
ses_0256,evt_001559,4,2026-09-04T12:11:08Z,authorization_requested,card_visa,KES,Kenya,gateway_alpha,submitted,,mobile,Edge,131.43,940
ses_0256,evt_001560,5,2026-09-04T12:11:20Z,3ds_redirect,card_visa,KES,Kenya,gateway_alpha,redirected,,mobile,Edge,131.43,11245
ses_0256,evt_001561,6,2026-09-04T12:11:33Z,3ds_completed,card_visa,KES,Kenya,gateway_alpha,abandoned,3ds_abandoned,mobile,Edge,131.43,9524
ses_0257,evt_001562,1,2026-09-09T09:09:08Z,checkout_initiated,card_mastercard,SGD,Singapore,gateway_alpha,started,,mobile,Chrome,86.79,680
ses_0257,evt_001563,2,2026-09-09T09:09:17Z,method_selected,card_mastercard,SGD,Singapore,gateway_alpha,success,,mobile,Chrome,86.79,402
ses_0257,evt_001564,3,2026-09-09T09:09:23Z,details_entered,card_mastercard,SGD,Singapore,gateway_alpha,success,,mobile,Chrome,86.79,1215
ses_0257,evt_001565,4,2026-09-09T09:09:30Z,authorization_requested,card_mastercard,SGD,Singapore,gateway_alpha,submitted,,mobile,Chrome,86.79,559
ses_0257,evt_001566,5,2026-09-09T09:09:34Z,3ds_redirect,card_mastercard,SGD,Singapore,gateway_alpha,redirected,,mobile,Chrome,86.79,1386
ses_0257,evt_001567,6,2026-09-09T09:09:47Z,3ds_completed,card_mastercard,SGD,Singapore,gateway_alpha,success,,mobile,Chrome,86.79,3842
ses_0257,evt_001568,7,2026-09-09T09:09:49Z,authorization_response,card_mastercard,SGD,Singapore,gateway_alpha,success,,mobile,Chrome,86.79,861
ses_0257,evt_001569,8,2026-09-09T09:09:52Z,payment_completed,card_mastercard,SGD,Singapore,gateway_alpha,success,,mobile,Chrome,86.79,1121
ses_0258,evt_001570,1,2026-09-10T01:23:55Z,checkout_initiated,card_mastercard,SGD,Singapore,gateway_beta,started,,mobile,Chrome,214.66,502
ses_0258,evt_001571,2,2026-09-10T01:24:03Z,method_selected,card_mastercard,SGD,Singapore,gateway_beta,success,,mobile,Chrome,214.66,1205
ses_0258,evt_001572,3,2026-09-10T01:24:12Z,details_entered,card_mastercard,SGD,Singapore,gateway_beta,success,,mobile,Chrome,214.66,376
ses_0258,evt_001573,4,2026-09-10T01:24:14Z,authorization_requested,card_mastercard,SGD,Singapore,gateway_beta,submitted,,mobile,Chrome,214.66,217
ses_0258,evt_001574,5,2026-09-10T01:24:25Z,3ds_redirect,card_mastercard,SGD,Singapore,gateway_beta,redirected,,mobile,Chrome,214.66,3307
ses_0258,evt_001575,6,2026-09-10T01:24:30Z,3ds_completed,card_mastercard,SGD,Singapore,gateway_beta,success,,mobile,Chrome,214.66,2491
ses_0258,evt_001576,7,2026-09-10T01:24:45Z,authorization_response,card_mastercard,SGD,Singapore,gateway_beta,failed,timeout,mobile,Chrome,214.66,11218
ses_0259,evt_001577,1,2026-09-03T14:47:54Z,checkout_initiated,card_mastercard,KES,Kenya,gateway_alpha,started,,mobile,Safari,209.78,305
ses_0259,evt_001578,2,2026-09-03T14:48:05Z,method_selected,card_mastercard,KES,Kenya,gateway_alpha,success,,mobile,Safari,209.78,710
ses_0259,evt_001579,3,2026-09-03T14:48:09Z,details_entered,card_mastercard,KES,Kenya,gateway_alpha,success,,mobile,Safari,209.78,1157
ses_0259,evt_001580,4,2026-09-03T14:48:17Z,authorization_requested,card_mastercard,KES,Kenya,gateway_alpha,submitted,,mobile,Safari,209.78,1714
ses_0259,evt_001581,5,2026-09-03T14:48:25Z,3ds_redirect,card_mastercard,KES,Kenya,gateway_alpha,redirected,,mobile,Safari,209.78,4918
ses_0259,evt_001582,6,2026-09-03T14:48:31Z,3ds_completed,card_mastercard,KES,Kenya,gateway_alpha,success,,mobile,Safari,209.78,2970
ses_0259,evt_001583,7,2026-09-03T14:48:37Z,authorization_response,card_mastercard,KES,Kenya,gateway_alpha,success,,mobile,Safari,209.78,465
ses_0259,evt_001584,8,2026-09-03T14:48:42Z,payment_completed,card_mastercard,KES,Kenya,gateway_alpha,success,,mobile,Safari,209.78,349
ses_0260,evt_001585,1,2026-09-09T14:26:05Z,checkout_initiated,card_visa,USD,Cross-border,gateway_beta,started,,desktop,Firefox,123.41,669
ses_0260,evt_001586,2,2026-09-09T14:26:14Z,method_selected,card_visa,USD,Cross-border,gateway_beta,success,,desktop,Firefox,123.41,580
ses_0260,evt_001587,3,2026-09-09T14:26:24Z,details_entered,card_visa,USD,Cross-border,gateway_beta,success,,desktop,Firefox,123.41,1160
ses_0260,evt_001588,4,2026-09-09T14:26:32Z,authorization_requested,card_visa,USD,Cross-border,gateway_beta,submitted,,desktop,Firefox,123.41,382
ses_0260,evt_001589,5,2026-09-09T14:26:42Z,authorization_response,card_visa,USD,Cross-border,gateway_beta,success,,desktop,Firefox,123.41,256
ses_0260,evt_001590,6,2026-09-09T14:26:53Z,payment_completed,card_visa,USD,Cross-border,gateway_beta,success,,desktop,Firefox,123.41,216
ses_0261,evt_001591,1,2026-09-12T08:02:56Z,checkout_initiated,card_visa,PHP,Philippines,gateway_beta,started,,desktop,Firefox,168.38,941
ses_0261,evt_001592,2,2026-09-12T08:03:06Z,method_selected,card_visa,PHP,Philippines,gateway_beta,success,,desktop,Firefox,168.38,341
ses_0261,evt_001593,3,2026-09-12T08:03:08Z,details_entered,card_visa,PHP,Philippines,gateway_beta,success,,desktop,Firefox,168.38,209
ses_0261,evt_001594,4,2026-09-12T08:03:14Z,authorization_requested,card_visa,PHP,Philippines,gateway_beta,submitted,,desktop,Firefox,168.38,250
ses_0261,evt_001595,5,2026-09-12T08:03:24Z,authorization_response,card_visa,PHP,Philippines,gateway_beta,failed,timeout,desktop,Firefox,168.38,8907
ses_0262,evt_001596,1,2026-09-02T17:33:15Z,checkout_initiated,bank_transfer_local,PHP,Philippines,bank_rail,started,,mobile,Chrome,99.79,896
ses_0262,evt_001597,2,2026-09-02T17:33:23Z,method_selected,bank_transfer_local,PHP,Philippines,bank_rail,success,,mobile,Chrome,99.79,1684
ses_0262,evt_001598,3,2026-09-02T17:33:27Z,details_entered,bank_transfer_local,PHP,Philippines,bank_rail,success,,mobile,Chrome,99.79,1692
ses_0262,evt_001599,4,2026-09-02T17:33:36Z,authorization_requested,bank_transfer_local,PHP,Philippines,bank_rail,submitted,,mobile,Chrome,99.79,949
ses_0262,evt_001600,5,2026-09-02T17:33:48Z,authorization_response,bank_transfer_local,PHP,Philippines,bank_rail,failed,fraud_suspected,mobile,Chrome,99.79,1526
ses_0263,evt_001601,1,2026-09-10T20:48:12Z,checkout_initiated,bank_transfer_local,KES,Kenya,bank_rail,started,,mobile,Chrome,362.89,895
ses_0263,evt_001602,2,2026-09-10T20:48:15Z,method_selected,bank_transfer_local,KES,Kenya,bank_rail,success,,mobile,Chrome,362.89,1086
ses_0263,evt_001603,3,2026-09-10T20:44:20Z,details_entered,bank_transfer_local,KES,Kenya,bank_rail,success,,mobile,Chrome,362.89,770
ses_0263,evt_001604,4,2026-09-10T20:48:29Z,authorization_requested,bank_transfer_local,KES,Kenya,bank_rail,submitted,,mobile,Chrome,362.89,648
ses_0263,evt_001605,5,2026-09-10T20:48:40Z,authorization_response,bank_transfer_local,KES,Kenya,bank_rail,success,,mobile,Chrome,362.89,1387
ses_0263,evt_001606,6,2026-09-10T20:48:49Z,payment_completed,bank_transfer_local,KES,Kenya,bank_rail,success,,mobile,Chrome,362.89,1380
ses_0264,evt_001607,1,2026-09-12T14:29:38Z,checkout_initiated,card_mastercard,PHP,Philippines,gateway_beta,started,,mobile,Chrome,46.53,1406
ses_0264,evt_001608,2,2026-09-12T14:29:47Z,method_selected,card_mastercard,PHP,Philippines,gateway_beta,success,,mobile,Chrome,46.53,1569
ses_0264,evt_001609,3,2026-09-12T14:29:52Z,details_entered,card_mastercard,PHP,Philippines,gateway_beta,success,,mobile,Chrome,46.53,955
ses_0264,evt_001610,4,2026-09-12T14:30:03Z,authorization_requested,card_mastercard,PHP,Philippines,gateway_beta,submitted,,mobile,Chrome,46.53,1651
ses_0264,evt_001611,5,2026-09-12T14:30:17Z,authorization_response,card_mastercard,PHP,Philippines,gateway_beta,failed,timeout,mobile,Chrome,46.53,10542
ses_0265,evt_001612,1,2026-09-01T19:31:22Z,checkout_initiated,gcash,PHP,Philippines,wallet_hub,started,,mobile,Chrome,188.07,1401
ses_0265,evt_001613,2,2026-09-01T19:31:26Z,method_selected,gcash,PHP,Philippines,wallet_hub,success,,mobile,Chrome,188.07,267
ses_0265,evt_001614,3,2026-09-01T19:31:34Z,details_entered,gcash,PHP,Philippines,wallet_hub,success,,mobile,Chrome,188.07,758
ses_0265,evt_001615,4,2026-09-01T19:31:42Z,authorization_requested,gcash,PHP,Philippines,wallet_hub,submitted,,mobile,Chrome,188.07,1573
ses_0265,evt_001616,5,2026-09-01T19:31:45Z,authorization_response,gcash,PHP,Philippines,wallet_hub,success,,mobile,Chrome,188.07,254
ses_0265,evt_001617,6,2026-09-01T19:31:55Z,payment_completed,gcash,PHP,Philippines,wallet_hub,success,,mobile,Chrome,188.07,635
ses_0266,evt_001618,1,2026-09-04T22:29:32Z,checkout_initiated,bank_transfer_local,KES,Kenya,bank_rail,started,,mobile,Firefox,53.48,637
ses_0266,evt_001619,2,2026-09-04T22:29:40Z,method_selected,bank_transfer_local,KES,Kenya,bank_rail,success,,mobile,Firefox,53.48,509
ses_0266,evt_001620,3,2026-09-04T22:29:50Z,details_entered,bank_transfer_local,KES,Kenya,bank_rail,success,,mobile,Firefox,53.48,554
ses_0266,evt_001621,4,2026-09-04T22:29:53Z,authorization_requested,bank_transfer_local,KES,Kenya,bank_rail,submitted,,mobile,Firefox,53.48,1047
ses_0266,evt_001622,5,2026-09-04T22:29:58Z,authorization_response,bank_transfer_local,KES,Kenya,bank_rail,pending,,mobile,Firefox,53.48,1521
ses_0267,evt_001623,1,2026-09-04T03:21:33Z,checkout_initiated,card_mastercard,SGD,Singapore,gateway_alpha,started,,mobile,Safari,65.21,756
ses_0267,evt_001624,2,2026-09-04T03:21:38Z,method_selected,card_mastercard,SGD,Singapore,gateway_alpha,success,,mobile,Safari,65.21,1283
ses_0267,evt_001625,3,2026-09-04T03:21:44Z,details_entered,card_mastercard,SGD,Singapore,gateway_alpha,success,,mobile,Safari,65.21,1602
ses_0267,evt_001626,4,2026-09-04T03:21:46Z,authorization_requested,card_mastercard,SGD,Singapore,gateway_alpha,submitted,,mobile,Safari,65.21,1042
ses_0267,evt_001627,5,2026-09-04T03:21:51Z,authorization_response,card_mastercard,SGD,Singapore,gateway_alpha,failed,fraud_suspected,mobile,Safari,65.21,1679
ses_0268,evt_001628,1,2026-09-05T07:17:31Z,checkout_initiated,card_visa,USD,Cross-border,gateway_beta,started,,desktop,Safari,412.36,873
ses_0268,evt_001629,2,2026-09-05T07:17:38Z,method_selected,card_visa,USD,Cross-border,gateway_beta,success,,desktop,Safari,412.36,1481
ses_0268,evt_001630,3,2026-09-05T07:17:45Z,details_entered,card_visa,USD,Cross-border,gateway_beta,success,,desktop,Safari,412.36,1038
ses_0268,evt_001631,4,2026-09-05T07:17:49Z,authorization_requested,card_visa,USD,Cross-border,gateway_beta,submitted,,desktop,Safari,412.36,1332
ses_0268,evt_001632,5,2026-09-05T07:17:57Z,3ds_redirect,card_visa,USD,Cross-border,gateway_beta,redirected,,desktop,Safari,412.36,6780
ses_0268,evt_001633,6,2026-09-05T07:18:14Z,3ds_completed,card_visa,USD,Cross-border,gateway_beta,abandoned,3ds_abandoned,desktop,Safari,412.36,11809
ses_0269,evt_001634,1,2026-09-11T13:08:45Z,checkout_initiated,card_visa,SGD,Singapore,gateway_alpha,started,,desktop,Safari,459.47,1723
ses_0269,evt_001635,2,2026-09-11T13:08:55Z,method_selected,card_visa,SGD,Singapore,gateway_alpha,success,,desktop,Safari,459.47,987
ses_0269,evt_001636,3,2026-09-11T13:09:06Z,details_entered,card_visa,SGD,Singapore,gateway_alpha,success,,desktop,Safari,459.47,1711
ses_0269,evt_001637,4,2026-09-11T13:09:15Z,authorization_requested,card_visa,SGD,Singapore,gateway_alpha,submitted,,desktop,Safari,459.47,469
ses_0269,evt_001638,5,2026-09-11T13:09:22Z,3ds_redirect,card_visa,SGD,Singapore,gateway_alpha,redirected,,desktop,Safari,459.47,5011
ses_0269,evt_001639,6,2026-09-11T13:09:28Z,3ds_completed,card_visa,SGD,Singapore,gateway_alpha,success,,desktop,Safari,459.47,1882
ses_0269,evt_001640,7,2026-09-11T13:09:34Z,authorization_response,card_visa,SGD,Singapore,gateway_alpha,failed,invalid_card,desktop,Safari,459.47,1623
ses_0270,evt_001641,1,2026-09-05T20:03:53Z,checkout_initiated,card_visa,SGD,Singapore,gateway_alpha,started,,mobile,Chrome,453.74,1700
ses_0270,evt_001642,2,2026-09-05T20:03:59Z,method_selected,card_visa,SGD,Singapore,gateway_alpha,success,,mobile,Chrome,453.74,248
ses_0270,evt_001643,3,2026-09-05T20:04:10Z,details_entered,card_visa,SGD,Singapore,gateway_alpha,success,,mobile,Chrome,453.74,1483
ses_0270,evt_001644,4,2026-09-05T20:04:19Z,authorization_requested,card_visa,SGD,Singapore,gateway_alpha,submitted,,mobile,Chrome,453.74,693
ses_0270,evt_001645,5,2026-09-05T20:04:24Z,authorization_response,card_visa,SGD,Singapore,gateway_alpha,success,,mobile,Chrome,453.74,1066
ses_0270,evt_001646,6,2026-09-05T20:04:26Z,payment_completed,card_visa,SGD,Singapore,gateway_alpha,success,,mobile,Chrome,453.74,807
ses_0271,evt_001647,1,2026-09-14T23:17:57Z,checkout_initiated,bank_transfer_local,PHP,Philippines,bank_rail,started,,mobile,Chrome,174.10,1293
ses_0271,evt_001648,2,2026-09-14T23:18:08Z,method_selected,bank_transfer_local,PHP,Philippines,bank_rail,success,,mobile,Chrome,174.10,1206
ses_0271,evt_001649,3,2026-09-14T23:18:16Z,details_entered,bank_transfer_local,PHP,Philippines,bank_rail,success,,mobile,Chrome,174.10,1331
ses_0271,evt_001650,4,2026-09-14T23:18:26Z,authorization_requested,bank_transfer_local,PHP,Philippines,bank_rail,submitted,,mobile,Chrome,174.10,829
ses_0271,evt_001651,5,2026-09-14T23:18:35Z,authorization_response,bank_transfer_local,PHP,Philippines,bank_rail,success,,mobile,Chrome,174.10,1186
ses_0271,evt_001652,6,2026-09-14T23:18:41Z,payment_completed,bank_transfer_local,PHP,Philippines,bank_rail,success,,mobile,Chrome,174.10,1718
ses_0272,evt_001653,1,2026-09-01T08:33:28Z,checkout_initiated,card_visa,PHP,Philippines,gateway_alpha,started,,mobile,Safari,102.62,1402
ses_0272,evt_001654,2,2026-09-01T08:33:32Z,method_selected,card_visa,PHP,Philippines,gateway_alpha,success,,mobile,Safari,102.62,1108
ses_0272,evt_001655,3,2026-09-01T08:33:39Z,details_entered,card_visa,PHP,Philippines,gateway_alpha,success,,mobile,Safari,102.62,850
ses_0272,evt_001656,4,2026-09-01T08:33:46Z,authorization_requested,card_visa,PHP,Philippines,gateway_alpha,submitted,,mobile,Safari,102.62,1569
ses_0272,evt_001657,5,2026-09-01T08:33:56Z,3ds_redirect,card_visa,PHP,Philippines,gateway_alpha,redirected,,mobile,Safari,102.62,4274
ses_0272,evt_001658,6,2026-09-01T08:34:04Z,3ds_completed,card_visa,PHP,Philippines,gateway_alpha,success,,mobile,Safari,102.62,3673
ses_0272,evt_001659,7,2026-09-01T08:34:10Z,authorization_response,card_visa,PHP,Philippines,gateway_alpha,success,,mobile,Safari,102.62,216
ses_0272,evt_001660,8,2026-09-01T08:34:21Z,payment_completed,card_visa,PHP,Philippines,gateway_alpha,success,,mobile,Safari,102.62,1479
ses_0273,evt_001661,1,2026-09-05T23:06:46Z,checkout_initiated,card_mastercard,KES,Kenya,gateway_alpha,started,,mobile,Chrome,315.21,1666
ses_0273,evt_001662,2,2026-09-05T23:06:55Z,method_selected,card_mastercard,KES,Kenya,gateway_alpha,success,,mobile,Chrome,315.21,771
ses_0273,evt_001663,3,2026-09-05T23:07:03Z,details_entered,card_mastercard,KES,Kenya,gateway_alpha,success,,mobile,Chrome,315.21,1075
ses_0273,evt_001664,4,2026-09-05T23:07:12Z,authorization_requested,card_mastercard,KES,Kenya,gateway_alpha,submitted,,mobile,Chrome,315.21,475
ses_0273,evt_001665,5,2026-09-05T23:07:25Z,3ds_redirect,card_mastercard,KES,Kenya,gateway_alpha,redirected,,mobile,Chrome,315.21,3360
ses_0273,evt_001666,6,2026-09-05T23:07:35Z,3ds_completed,card_mastercard,KES,Kenya,gateway_alpha,success,,mobile,Chrome,315.21,4431
ses_0273,evt_001667,7,2026-09-05T23:07:41Z,authorization_response,card_mastercard,KES,Kenya,gateway_alpha,success,,mobile,Chrome,315.21,1778
ses_0273,evt_001668,8,2026-09-05T23:07:45Z,payment_completed,card_mastercard,KES,Kenya,gateway_alpha,success,,mobile,Chrome,315.21,538
ses_0274,evt_001669,1,2026-09-05T05:05:18Z,checkout_initiated,card_visa,KES,Kenya,gateway_alpha,started,,mobile,Safari,42.37,1060
ses_0274,evt_001670,2,2026-09-05T05:05:20Z,method_selected,card_visa,KES,Kenya,gateway_alpha,success,,mobile,Safari,42.37,1028
ses_0274,evt_001671,3,2026-09-05T05:05:31Z,details_entered,card_visa,KES,Kenya,gateway_alpha,success,,mobile,Safari,42.37,939
ses_0274,evt_001672,4,2026-09-05T05:05:36Z,authorization_requested,card_visa,KES,Kenya,gateway_alpha,submitted,,mobile,Safari,42.37,478
ses_0274,evt_001673,5,2026-09-05T05:05:49Z,3ds_redirect,card_visa,KES,Kenya,gateway_alpha,redirected,,mobile,Safari,42.37,8381
ses_0274,evt_001674,6,2026-09-05T05:06:08Z,3ds_completed,card_visa,KES,Kenya,gateway_alpha,abandoned,3ds_abandoned,mobile,Safari,42.37,11152
ses_0275,evt_001675,1,2026-09-12T20:22:04Z,checkout_initiated,gcash,PHP,Philippines,wallet_hub,started,,desktop,Chrome,211.75,807
ses_0275,evt_001676,2,2026-09-12T20:22:16Z,method_selected,gcash,PHP,Philippines,wallet_hub,success,,desktop,Chrome,211.75,1719
ses_0275,evt_001677,3,2026-09-12T20:22:23Z,details_entered,gcash,PHP,Philippines,wallet_hub,success,,desktop,Chrome,211.75,687
ses_0275,evt_001678,4,2026-09-12T20:22:32Z,authorization_requested,gcash,PHP,Philippines,wallet_hub,submitted,,desktop,Chrome,211.75,1144
ses_0275,evt_001679,5,2026-09-12T20:22:37Z,authorization_response,gcash,PHP,Philippines,wallet_hub,success,,desktop,Chrome,211.75,1798
ses_0275,evt_001680,6,2026-09-12T20:22:47Z,payment_completed,gcash,PHP,Philippines,wallet_hub,success,,desktop,Chrome,211.75,989
ses_0276,evt_001681,1,2026-09-10T07:04:17Z,checkout_initiated,card_mastercard,USD,Cross-border,gateway_alpha,started,,mobile,Chrome,352.76,589
ses_0276,evt_001682,2,2026-09-10T07:04:26Z,method_selected,card_mastercard,USD,Cross-border,gateway_alpha,success,,mobile,Chrome,352.76,1224
ses_0276,evt_001683,3,2026-09-10T07:04:31Z,details_entered,card_mastercard,USD,Cross-border,gateway_alpha,success,,mobile,Chrome,352.76,437
ses_0276,evt_001684,4,2026-09-10T07:04:37Z,authorization_requested,card_mastercard,USD,Cross-border,gateway_alpha,submitted,,mobile,Chrome,352.76,208
ses_0276,evt_001685,5,2026-09-10T07:04:46Z,authorization_response,card_mastercard,USD,Cross-border,gateway_alpha,failed,insufficient_funds,mobile,Chrome,352.76,440
ses_0277,evt_001686,1,2026-09-01T19:58:17Z,checkout_initiated,bnpl_atome,PHP,Philippines,bnpl_connect,started,,desktop,Chrome,171.26,1354
ses_0277,evt_001687,2,2026-09-01T19:58:21Z,method_selected,bnpl_atome,PHP,Philippines,bnpl_connect,success,,desktop,Chrome,171.26,511
ses_0277,evt_001688,3,2026-09-01T19:58:28Z,details_entered,bnpl_atome,PHP,Philippines,bnpl_connect,success,,desktop,Chrome,171.26,1684
ses_0277,evt_001689,4,2026-09-01T19:58:36Z,authorization_requested,bnpl_atome,PHP,Philippines,bnpl_connect,submitted,,desktop,Chrome,171.26,1754
ses_0277,evt_001690,5,2026-09-01T19:58:46Z,authorization_response,bnpl_atome,PHP,Philippines,bnpl_connect,success,,desktop,Chrome,171.26,1460
ses_0277,evt_001691,6,2026-09-01T19:58:51Z,payment_completed,bnpl_atome,PHP,Philippines,bnpl_connect,success,,desktop,Chrome,171.26,416
ses_0278,evt_001692,1,2026-09-12T04:58:27Z,checkout_initiated,card_mastercard,USD,Cross-border,gateway_beta,started,,mobile,Chrome,329.33,772
ses_0278,evt_001693,2,2026-09-12T04:58:29Z,method_selected,card_mastercard,USD,Cross-border,gateway_beta,success,,mobile,Chrome,329.33,478
ses_0278,evt_001694,3,2026-09-12T04:58:32Z,details_entered,card_mastercard,USD,Cross-border,gateway_beta,success,,mobile,Chrome,329.33,652
ses_0278,evt_001695,4,2026-09-12T04:58:37Z,authorization_requested,card_mastercard,USD,Cross-border,gateway_beta,submitted,,mobile,Chrome,329.33,1615
ses_0278,evt_001696,5,2026-09-12T04:58:40Z,3ds_redirect,card_mastercard,USD,Cross-border,gateway_beta,redirected,,mobile,Chrome,329.33,2242
ses_0278,evt_001697,6,2026-09-12T04:58:48Z,3ds_completed,card_mastercard,USD,Cross-border,gateway_beta,success,,mobile,Chrome,329.33,4078
ses_0278,evt_001698,7,2026-09-12T04:58:56Z,authorization_response,card_mastercard,USD,Cross-border,gateway_beta,failed,timeout,mobile,Chrome,329.33,7104
ses_0279,evt_001699,1,2026-09-07T03:02:30Z,checkout_initiated,mpesa,KES,Kenya,wallet_hub,started,,mobile,Safari,332.23,618
ses_0279,evt_001700,2,2026-09-07T03:02:41Z,method_selected,mpesa,KES,Kenya,wallet_hub,success,,mobile,Safari,332.23,1393
ses_0279,evt_001701,3,2026-09-07T03:02:47Z,details_entered,mpesa,KES,Kenya,wallet_hub,success,,mobile,Safari,332.23,1248
ses_0279,evt_001702,4,2026-09-07T03:02:55Z,authorization_requested,mpesa,KES,Kenya,wallet_hub,submitted,,mobile,Safari,332.23,553
ses_0279,evt_001703,5,2026-09-07T03:02:59Z,authorization_response,mpesa,KES,Kenya,wallet_hub,success,,mobile,Safari,332.23,1287
ses_0279,evt_001704,6,2026-09-07T03:03:05Z,payment_completed,mpesa,KES,Kenya,wallet_hub,success,,mobile,Safari,332.23,1500
ses_0280,evt_001705,1,2026-09-11T22:14:21Z,checkout_initiated,card_mastercard,SGD,Singapore,gateway_beta,started,,desktop,Safari,248.83,451
ses_0280,evt_001706,2,2026-09-11T22:14:26Z,method_selected,card_mastercard,SGD,Singapore,gateway_beta,success,,desktop,Safari,248.83,442
ses_0280,evt_001707,3,2026-09-11T22:14:37Z,details_entered,card_mastercard,SGD,Singapore,gateway_beta,success,,desktop,Safari,248.83,453
ses_0280,evt_001708,4,2026-09-11T22:14:47Z,authorization_requested,card_mastercard,SGD,Singapore,gateway_beta,submitted,,desktop,Safari,248.83,1671
ses_0280,evt_001709,5,2026-09-11T22:15:05Z,3ds_redirect,card_mastercard,SGD,Singapore,gateway_beta,redirected,,desktop,Safari,248.83,10741
ses_0280,evt_001710,6,2026-09-11T22:15:21Z,3ds_completed,card_mastercard,SGD,Singapore,gateway_beta,abandoned,3ds_abandoned,desktop,Safari,248.83,9481
ses_0281,evt_001711,1,2026-09-06T16:12:34Z,checkout_initiated,card_visa,USD,Cross-border,gateway_beta,started,,mobile,Safari,282.06,1616
ses_0281,evt_001712,2,2026-09-06T16:12:40Z,method_selected,card_visa,USD,Cross-border,gateway_beta,success,,mobile,Safari,282.06,1667
ses_0281,evt_001713,3,2026-09-06T16:12:46Z,details_entered,card_visa,USD,Cross-border,gateway_beta,success,,mobile,Safari,282.06,740
ses_0281,evt_001714,4,2026-09-06T16:12:49Z,authorization_requested,card_visa,USD,Cross-border,gateway_beta,submitted,,mobile,Safari,282.06,615
ses_0281,evt_001715,5,2026-09-06T16:13:08Z,3ds_redirect,card_visa,USD,Cross-border,gateway_beta,redirected,,mobile,Safari,282.06,9726
ses_0281,evt_001716,6,2026-09-06T16:13:29Z,3ds_completed,card_visa,USD,Cross-border,gateway_beta,abandoned,3ds_abandoned,mobile,Safari,282.06,11332
ses_0282,evt_001717,1,2026-09-13T04:59:10Z,checkout_initiated,card_visa,KES,Kenya,gateway_alpha,started,,mobile,Safari,48.88,1389
ses_0282,evt_001718,2,2026-09-13T04:59:15Z,method_selected,card_visa,KES,Kenya,gateway_alpha,success,,mobile,Safari,48.88,966
ses_0282,evt_001719,3,2026-09-13T04:59:22Z,details_entered,card_visa,KES,Kenya,gateway_alpha,success,,mobile,Safari,48.88,667
ses_0282,evt_001720,4,2026-09-13T04:59:25Z,authorization_requested,card_visa,KES,Kenya,gateway_alpha,submitted,,mobile,Safari,48.88,336
ses_0282,evt_001721,5,2026-09-13T04:59:33Z,3ds_redirect,card_visa,KES,Kenya,gateway_alpha,redirected,,mobile,Safari,48.88,2051
ses_0282,evt_001722,6,2026-09-13T04:59:36Z,3ds_completed,card_visa,KES,Kenya,gateway_alpha,success,,mobile,Safari,48.88,1537
ses_0282,evt_001723,7,2026-09-13T04:59:45Z,authorization_response,card_visa,KES,Kenya,gateway_alpha,success,,mobile,Safari,48.88,1533
ses_0282,evt_001724,8,2026-09-13T04:59:54Z,payment_completed,card_visa,KES,Kenya,gateway_alpha,success,,mobile,Safari,48.88,418
ses_0283,evt_001725,1,2026-09-06T05:59:09Z,checkout_initiated,card_mastercard,KES,Kenya,gateway_alpha,started,,mobile,Chrome,287.05,1391
ses_0283,evt_001726,2,2026-09-06T05:59:15Z,method_selected,card_mastercard,KES,Kenya,gateway_alpha,success,,mobile,Chrome,287.05,238
ses_0283,evt_001727,3,2026-09-06T05:59:17Z,details_entered,card_mastercard,KES,Kenya,gateway_alpha,success,,mobile,Chrome,287.05,269
ses_0283,evt_001728,4,2026-09-06T05:59:20Z,authorization_requested,card_mastercard,KES,Kenya,gateway_alpha,submitted,,mobile,Chrome,287.05,695
ses_0283,evt_001729,5,2026-09-06T05:59:27Z,3ds_redirect,card_mastercard,KES,Kenya,gateway_alpha,redirected,,mobile,Chrome,287.05,4298
ses_0283,evt_001730,6,2026-09-06T05:59:34Z,3ds_completed,card_mastercard,KES,Kenya,gateway_alpha,success,,mobile,Chrome,287.05,4141
ses_0283,evt_001731,7,2026-09-06T05:59:40Z,authorization_response,card_mastercard,KES,Kenya,gateway_alpha,success,,mobile,Chrome,287.05,1078
ses_0283,evt_001732,8,2026-09-06T05:59:43Z,payment_completed,card_mastercard,KES,Kenya,gateway_alpha,success,,mobile,Chrome,287.05,600
ses_0284,evt_001733,1,2026-09-14T04:26:38Z,checkout_initiated,card_mastercard,SGD,Singapore,gateway_alpha,started,,desktop,Chrome,257.77,1719
ses_0284,evt_001734,2,2026-09-14T04:26:42Z,method_selected,card_mastercard,SGD,Singapore,gateway_alpha,success,,desktop,Chrome,257.77,853
ses_0284,evt_001735,3,2026-09-14T04:26:51Z,details_entered,card_mastercard,SGD,Singapore,gateway_alpha,abandoned,,desktop,Chrome,257.77,712
ses_0285,evt_001736,1,2026-09-07T21:36:33Z,checkout_initiated,gcash,PHP,Philippines,wallet_hub,started,,mobile,Chrome,417.54,764
ses_0285,evt_001737,2,2026-09-07T21:36:35Z,method_selected,gcash,PHP,Philippines,wallet_hub,success,,mobile,Chrome,417.54,1188
ses_0285,evt_001738,3,2026-09-07T21:36:45Z,details_entered,gcash,PHP,Philippines,wallet_hub,success,,mobile,Chrome,417.54,843
ses_0285,evt_001739,4,2026-09-07T21:36:52Z,authorization_requested,gcash,PHP,Philippines,wallet_hub,submitted,,mobile,Chrome,417.54,1662
ses_0285,evt_001740,5,2026-09-07T21:37:01Z,authorization_response,gcash,PHP,Philippines,wallet_hub,failed,insufficient_funds,mobile,Chrome,417.54,1127
ses_0286,evt_001741,1,2026-09-14T23:44:24Z,checkout_initiated,card_visa,KES,Kenya,gateway_alpha,started,,mobile,Chrome,311.49,1470
ses_0286,evt_001742,2,2026-09-14T23:44:31Z,method_selected,card_visa,KES,Kenya,gateway_alpha,success,,mobile,Chrome,311.49,736
ses_0286,evt_001743,3,2026-09-14T23:44:34Z,details_entered,card_visa,KES,Kenya,gateway_alpha,success,,mobile,Chrome,311.49,1242
ses_0286,evt_001744,4,2026-09-14T23:44:42Z,authorization_requested,card_visa,KES,Kenya,gateway_alpha,submitted,,mobile,Chrome,311.49,227
ses_0286,evt_001745,5,2026-09-14T23:44:46Z,3ds_redirect,card_visa,KES,Kenya,gateway_alpha,redirected,,mobile,Chrome,311.49,2616
ses_0286,evt_001746,6,2026-09-14T23:44:51Z,3ds_completed,card_visa,KES,Kenya,gateway_alpha,success,,mobile,Chrome,311.49,3217
ses_0286,evt_001747,7,2026-09-14T23:44:54Z,authorization_response,card_visa,KES,Kenya,gateway_alpha,success,,mobile,Chrome,311.49,220
ses_0286,evt_001748,8,2026-09-14T23:44:56Z,payment_completed,card_visa,KES,Kenya,gateway_alpha,success,,mobile,Chrome,311.49,527
ses_0287,evt_001749,1,2026-09-03T17:23:17Z,checkout_initiated,card_visa,SGD,Singapore,gateway_beta,started,,desktop,Safari,378.27,981
ses_0287,evt_001750,2,2026-09-03T17:23:27Z,method_selected,card_visa,SGD,Singapore,gateway_beta,success,,desktop,Safari,378.27,1504
ses_0287,evt_001751,3,2026-09-03T17:23:29Z,details_entered,card_visa,SGD,Singapore,gateway_beta,success,,desktop,Safari,378.27,693
ses_0287,evt_001752,4,2026-09-03T17:23:31Z,authorization_requested,card_visa,SGD,Singapore,gateway_beta,submitted,,desktop,Safari,378.27,1392
ses_0287,evt_001753,5,2026-09-03T17:23:39Z,3ds_redirect,card_visa,SGD,Singapore,gateway_beta,redirected,,desktop,Safari,378.27,4153
ses_0287,evt_001754,6,2026-09-03T17:23:50Z,3ds_completed,card_visa,SGD,Singapore,gateway_beta,success,,desktop,Safari,378.27,2960
ses_0287,evt_001755,7,2026-09-03T17:24:01Z,authorization_response,card_visa,SGD,Singapore,gateway_beta,failed,invalid_card,desktop,Safari,378.27,1789
ses_0288,evt_001756,1,2026-09-04T20:13:36Z,checkout_initiated,card_visa,KES,Kenya,gateway_beta,started,,desktop,Safari,338.40,314
ses_0288,evt_001757,2,2026-09-04T20:13:46Z,method_selected,card_visa,KES,Kenya,gateway_beta,success,,desktop,Safari,338.40,526
ses_0288,evt_001758,3,2026-09-04T20:13:50Z,details_entered,card_visa,KES,Kenya,gateway_beta,success,,desktop,Safari,338.40,1754
ses_0288,evt_001759,4,2026-09-04T20:13:53Z,authorization_requested,card_visa,KES,Kenya,gateway_beta,submitted,,desktop,Safari,338.40,1519
ses_0288,evt_001760,5,2026-09-04T20:14:03Z,3ds_redirect,card_visa,KES,Kenya,gateway_beta,redirected,,desktop,Safari,338.40,3533
ses_0288,evt_001761,6,2026-09-04T20:14:10Z,3ds_completed,card_visa,KES,Kenya,gateway_beta,success,,desktop,Safari,338.40,4322
ses_0288,evt_001762,7,2026-09-04T20:14:17Z,authorization_response,card_visa,KES,Kenya,gateway_beta,success,,desktop,Safari,338.40,522
ses_0288,evt_001763,8,2026-09-04T20:14:28Z,payment_completed,card_visa,KES,Kenya,gateway_beta,success,,desktop,Safari,338.40,1016
ses_0289,evt_001764,1,2026-09-05T23:31:22Z,checkout_initiated,bank_transfer_local,SGD,Singapore,bank_rail,started,,mobile,Chrome,324.47,922
ses_0289,evt_001765,2,2026-09-05T23:31:25Z,method_selected,bank_transfer_local,SGD,Singapore,bank_rail,success,,mobile,Chrome,324.47,726
ses_0289,evt_001766,3,2026-09-05T23:31:31Z,details_entered,bank_transfer_local,SGD,Singapore,bank_rail,success,,mobile,Chrome,324.47,1346
ses_0289,evt_001767,4,2026-09-05T23:31:43Z,authorization_requested,bank_transfer_local,SGD,Singapore,bank_rail,submitted,,mobile,Chrome,324.47,1793
ses_0289,evt_001768,5,2026-09-05T23:31:50Z,authorization_response,bank_transfer_local,SGD,Singapore,bank_rail,success,,mobile,Chrome,324.47,1441
ses_0289,evt_001769,6,2026-09-05T23:31:54Z,payment_completed,bank_transfer_local,SGD,Singapore,bank_rail,success,,mobile,Chrome,324.47,715
ses_0290,evt_001770,1,2026-09-05T01:34:30Z,checkout_initiated,card_visa,USD,Cross-border,gateway_alpha,started,,mobile,Safari,328.87,1196
ses_0290,evt_001771,2,2026-09-05T01:34:37Z,method_selected,card_visa,USD,Cross-border,gateway_alpha,success,,mobile,Safari,328.87,912
ses_0290,evt_001772,3,2026-09-05T01:34:45Z,details_entered,card_visa,USD,Cross-border,gateway_alpha,success,,mobile,Safari,328.87,772
ses_0290,evt_001773,4,2026-09-05T01:34:53Z,authorization_requested,card_visa,USD,Cross-border,gateway_alpha,submitted,,mobile,Safari,328.87,1706
ses_0290,evt_001774,5,2026-09-05T01:35:11Z,3ds_redirect,card_visa,USD,Cross-border,gateway_alpha,redirected,,mobile,Safari,328.87,10344
ses_0290,evt_001775,6,2026-09-05T01:35:27Z,3ds_completed,card_visa,USD,Cross-border,gateway_alpha,abandoned,3ds_abandoned,mobile,Safari,328.87,10719
ses_0291,evt_001776,1,2026-09-03T18:32:50Z,checkout_initiated,card_mastercard,SGD,Singapore,gateway_alpha,started,,mobile,Chrome,267.32,1569
ses_0291,evt_001777,2,2026-09-03T18:32:53Z,method_selected,card_mastercard,SGD,Singapore,gateway_alpha,success,,mobile,Chrome,267.32,1650
ses_0291,evt_001778,3,2026-09-03T18:33:04Z,details_entered,card_mastercard,SGD,Singapore,gateway_alpha,success,,mobile,Chrome,267.32,1347
ses_0291,evt_001779,4,2026-09-03T18:33:13Z,authorization_requested,card_mastercard,SGD,Singapore,gateway_alpha,submitted,,mobile,Chrome,267.32,609
ses_0291,evt_001780,5,2026-09-03T18:33:19Z,3ds_redirect,card_mastercard,SGD,Singapore,gateway_alpha,redirected,,mobile,Chrome,267.32,2130
ses_0291,evt_001781,6,2026-09-03T18:33:30Z,3ds_completed,card_mastercard,SGD,Singapore,gateway_alpha,success,,mobile,Chrome,267.32,2791
ses_0291,evt_001782,7,2026-09-03T18:33:34Z,authorization_response,card_mastercard,SGD,Singapore,gateway_alpha,success,,mobile,Chrome,267.32,1729
ses_0291,evt_001783,8,2026-09-03T18:33:42Z,payment_completed,card_mastercard,SGD,Singapore,gateway_alpha,success,,mobile,Chrome,267.32,276
ses_0292,evt_001784,1,2026-09-11T14:53:46Z,checkout_initiated,bnpl_atome,PHP,Philippines,bnpl_connect,started,,mobile,Chrome,197.61,1373
ses_0292,evt_001785,2,2026-09-11T14:53:48Z,method_selected,bnpl_atome,PHP,Philippines,bnpl_connect,success,,mobile,Chrome,197.61,1153
ses_0292,evt_001786,3,2026-09-11T14:53:55Z,details_entered,bnpl_atome,PHP,Philippines,bnpl_connect,success,,mobile,Chrome,197.61,1354
ses_0292,evt_001787,4,2026-09-11T14:54:02Z,authorization_requested,bnpl_atome,PHP,Philippines,bnpl_connect,submitted,,mobile,Chrome,197.61,1382
ses_0292,evt_001788,5,2026-09-11T14:54:06Z,authorization_response,bnpl_atome,PHP,Philippines,bnpl_connect,success,,mobile,Chrome,197.61,1775
ses_0292,evt_001789,6,2026-09-11T14:54:15Z,payment_completed,bnpl_atome,PHP,Philippines,bnpl_connect,success,,mobile,Chrome,197.61,1538
ses_0293,evt_001790,1,2026-09-02T04:24:23Z,checkout_initiated,card_mastercard,PHP,Philippines,gateway_alpha,started,,mobile,Safari,131.42,1185
ses_0293,evt_001791,2,2026-09-02T04:24:29Z,method_selected,card_mastercard,PHP,Philippines,gateway_alpha,success,,mobile,Safari,131.42,681
ses_0293,evt_001792,3,2026-09-02T04:24:37Z,details_entered,card_mastercard,PHP,Philippines,gateway_alpha,success,,mobile,Safari,131.42,1109
ses_0293,evt_001793,4,2026-09-02T04:24:43Z,authorization_requested,card_mastercard,PHP,Philippines,gateway_alpha,submitted,,mobile,Safari,131.42,463
ses_0293,evt_001794,5,2026-09-02T04:24:56Z,3ds_redirect,card_mastercard,PHP,Philippines,gateway_alpha,redirected,,mobile,Safari,131.42,3761
ses_0293,evt_001795,6,2026-09-02T04:24:58Z,3ds_completed,card_mastercard,PHP,Philippines,gateway_alpha,success,,mobile,Safari,131.42,1171
ses_0293,evt_001796,7,2026-09-02T04:25:01Z,authorization_response,card_mastercard,PHP,Philippines,gateway_alpha,success,,mobile,Safari,131.42,1282
ses_0293,evt_001797,8,2026-09-02T04:25:12Z,payment_completed,card_mastercard,PHP,Philippines,gateway_alpha,success,,mobile,Safari,131.42,606
ses_0294,evt_001798,1,2026-09-01T23:16:08Z,checkout_initiated,bank_transfer_local,SGD,Singapore,bank_rail,started,,mobile,Safari,131.13,1709
ses_0294,evt_001799,2,2026-09-01T23:16:17Z,method_selected,bank_transfer_local,SGD,Singapore,bank_rail,success,,mobile,Safari,131.13,1014
ses_0294,evt_001800,3,2026-09-01T23:16:22Z,details_entered,bank_transfer_local,SGD,Singapore,bank_rail,success,,mobile,Safari,131.13,1547
ses_0294,evt_001801,4,2026-09-01T23:16:30Z,authorization_requested,bank_transfer_local,SGD,Singapore,bank_rail,submitted,,mobile,Safari,131.13,1001
ses_0294,evt_001802,5,2026-09-01T23:16:41Z,authorization_response,bank_transfer_local,SGD,Singapore,bank_rail,pending,,mobile,Safari,131.13,979
ses_0295,evt_001803,1,2026-09-09T16:53:07Z,checkout_initiated,card_mastercard,SGD,Singapore,gateway_beta,started,,mobile,Chrome,417.27,241
ses_0295,evt_001804,2,2026-09-09T16:53:16Z,method_selected,card_mastercard,SGD,Singapore,gateway_beta,success,,mobile,Chrome,417.27,701
ses_0295,evt_001805,3,2026-09-09T16:53:23Z,details_entered,card_mastercard,SGD,Singapore,gateway_beta,success,,mobile,Chrome,417.27,301
ses_0295,evt_001806,4,2026-09-09T16:53:30Z,authorization_requested,card_mastercard,SGD,Singapore,gateway_beta,submitted,,mobile,Chrome,417.27,1028
ses_0295,evt_001807,5,2026-09-09T16:53:45Z,3ds_redirect,card_mastercard,SGD,Singapore,gateway_beta,redirected,,mobile,Chrome,417.27,4648
ses_0295,evt_001808,6,2026-09-09T16:53:54Z,3ds_completed,card_mastercard,SGD,Singapore,gateway_beta,success,,mobile,Chrome,417.27,2889
ses_0295,evt_001809,7,2026-09-09T16:54:05Z,authorization_response,card_mastercard,SGD,Singapore,gateway_beta,success,,mobile,Chrome,417.27,965
ses_0295,evt_001810,8,2026-09-09T16:54:14Z,payment_completed,card_mastercard,SGD,Singapore,gateway_beta,success,,mobile,Chrome,417.27,290
ses_0296,evt_001811,1,2026-09-09T16:06:40Z,checkout_initiated,mpesa,KES,Kenya,wallet_hub,started,,mobile,Safari,372.27,1054
ses_0296,evt_001812,2,2026-09-09T16:06:44Z,method_selected,mpesa,KES,Kenya,wallet_hub,success,,mobile,Safari,372.27,337
ses_0296,evt_001813,3,2026-09-09T16:06:51Z,details_entered,mpesa,KES,Kenya,wallet_hub,success,,mobile,Safari,372.27,1710
ses_0296,evt_001814,4,2026-09-09T16:07:01Z,authorization_requested,mpesa,KES,Kenya,wallet_hub,submitted,,mobile,Safari,372.27,1446
ses_0296,evt_001815,5,2026-09-09T16:07:03Z,authorization_response,mpesa,KES,Kenya,wallet_hub,success,,mobile,Safari,372.27,1000
ses_0296,evt_001816,6,2026-09-09T16:07:05Z,payment_completed,mpesa,KES,Kenya,wallet_hub,success,,mobile,Safari,372.27,809
ses_0297,evt_001817,1,2026-09-03T09:56:05Z,checkout_initiated,gcash,USD,Cross-border,wallet_hub,started,,mobile,Chrome,26.11,633
ses_0297,evt_001818,2,2026-09-03T09:56:12Z,method_selected,gcash,USD,Cross-border,wallet_hub,success,,mobile,Chrome,26.11,284
ses_0297,evt_001819,3,2026-09-03T09:52:21Z,details_entered,gcash,USD,Cross-border,wallet_hub,success,,mobile,Chrome,26.11,1773
ses_0297,evt_001820,4,2026-09-03T09:56:26Z,authorization_requested,gcash,USD,Cross-border,wallet_hub,submitted,,mobile,Chrome,26.11,803
ses_0297,evt_001821,5,2026-09-03T09:56:37Z,authorization_response,gcash,USD,Cross-border,wallet_hub,success,,mobile,Chrome,26.11,858
ses_0297,evt_001822,6,2026-09-03T09:56:45Z,payment_completed,gcash,USD,Cross-border,wallet_hub,success,,mobile,Chrome,26.11,541
ses_0298,evt_001823,1,2026-09-08T03:48:06Z,checkout_initiated,mpesa,KES,Kenya,wallet_hub,started,,mobile,Chrome,280.56,693
ses_0298,evt_001824,2,2026-09-08T03:48:13Z,method_selected,mpesa,KES,Kenya,wallet_hub,success,,mobile,Chrome,280.56,1714
ses_0298,evt_001825,3,2026-09-08T03:48:20Z,details_entered,mpesa,KES,Kenya,wallet_hub,success,,mobile,Chrome,280.56,1202
ses_0298,evt_001826,4,2026-09-08T03:48:25Z,authorization_requested,mpesa,KES,Kenya,wallet_hub,submitted,,mobile,Chrome,280.56,468
ses_0298,evt_001827,5,2026-09-08T03:48:33Z,authorization_response,mpesa,KES,Kenya,wallet_hub,success,,mobile,Chrome,280.56,1013
ses_0298,evt_001828,6,2026-09-08T03:48:43Z,payment_completed,mpesa,KES,Kenya,wallet_hub,success,,mobile,Chrome,280.56,524
ses_0299,evt_001829,1,2026-09-02T05:55:32Z,checkout_initiated,card_visa,PHP,Philippines,gateway_beta,started,,mobile,Chrome,157.30,1162
ses_0299,evt_001830,2,2026-09-02T05:55:40Z,method_selected,card_visa,PHP,Philippines,gateway_beta,success,,mobile,Chrome,157.30,988
ses_0299,evt_001831,3,2026-09-02T05:55:48Z,details_entered,card_visa,PHP,Philippines,gateway_beta,success,,mobile,Chrome,157.30,641
ses_0299,evt_001832,4,2026-09-02T05:55:51Z,authorization_requested,card_visa,PHP,Philippines,gateway_beta,submitted,,mobile,Chrome,157.30,1590
ses_0299,evt_001833,5,2026-09-02T05:55:56Z,3ds_redirect,card_visa,PHP,Philippines,gateway_beta,redirected,,mobile,Chrome,157.30,1838
ses_0299,evt_001834,6,2026-09-02T05:56:05Z,3ds_completed,card_visa,PHP,Philippines,gateway_beta,success,,mobile,Chrome,157.30,1319
ses_0299,evt_001835,7,2026-09-02T05:56:07Z,authorization_response,card_visa,PHP,Philippines,gateway_beta,failed,invalid_card,mobile,Chrome,157.30,1430
ses_0300,evt_001836,1,2026-09-07T13:07:45Z,checkout_initiated,card_visa,PHP,Philippines,gateway_alpha,started,,desktop,Firefox,12.76,528
ses_0300,evt_001837,2,2026-09-07T13:07:51Z,method_selected,card_visa,PHP,Philippines,gateway_alpha,success,,desktop,Firefox,12.76,1606
ses_0300,evt_001838,3,2026-09-07T13:07:57Z,details_entered,card_visa,PHP,Philippines,gateway_alpha,success,,desktop,Firefox,12.76,557
ses_0300,evt_001839,4,2026-09-07T13:08:01Z,authorization_requested,card_visa,PHP,Philippines,gateway_alpha,submitted,,desktop,Firefox,12.76,1732
ses_0300,evt_001840,5,2026-09-07T13:08:09Z,3ds_redirect,card_visa,PHP,Philippines,gateway_alpha,redirected,,desktop,Firefox,12.76,2547
ses_0300,evt_001841,6,2026-09-07T13:08:13Z,3ds_completed,card_visa,PHP,Philippines,gateway_alpha,success,,desktop,Firefox,12.76,1921
ses_0300,evt_001842,7,2026-09-07T13:08:19Z,authorization_response,card_visa,PHP,Philippines,gateway_alpha,failed,invalid_card,desktop,Firefox,12.76,397
ses_0301,evt_001843,1,2026-09-03T01:27:00Z,checkout_initiated,bnpl_atome,PHP,Philippines,bnpl_connect,started,,mobile,Safari,452.51,646
ses_0301,evt_001844,2,2026-09-03T01:27:10Z,method_selected,bnpl_atome,PHP,Philippines,bnpl_connect,success,,mobile,Safari,452.51,424
ses_0301,evt_001845,3,2026-09-03T01:27:14Z,details_entered,bnpl_atome,PHP,Philippines,bnpl_connect,success,,mobile,Safari,452.51,566
ses_0301,evt_001846,4,2026-09-03T01:27:25Z,authorization_requested,bnpl_atome,PHP,Philippines,bnpl_connect,submitted,,mobile,Safari,452.51,1097
ses_0301,evt_001847,5,2026-09-03T01:27:31Z,authorization_response,bnpl_atome,PHP,Philippines,bnpl_connect,success,,mobile,Safari,452.51,1641
ses_0301,evt_001848,6,2026-09-03T01:27:41Z,payment_completed,bnpl_atome,PHP,Philippines,bnpl_connect,success,,mobile,Safari,452.51,1222
ses_0302,evt_001849,1,2026-09-02T23:44:02Z,checkout_initiated,card_mastercard,PHP,Philippines,gateway_alpha,started,,desktop,Chrome,348.81,1578
ses_0302,evt_001850,2,2026-09-02T23:44:11Z,method_selected,card_mastercard,PHP,Philippines,gateway_alpha,success,,desktop,Chrome,348.81,1215
ses_0302,evt_001851,3,2026-09-02T23:44:15Z,details_entered,card_mastercard,PHP,Philippines,gateway_alpha,success,,desktop,Chrome,348.81,418
ses_0302,evt_001852,4,2026-09-02T23:44:25Z,authorization_requested,card_mastercard,PHP,Philippines,gateway_alpha,submitted,,desktop,Chrome,348.81,845
ses_0302,evt_001853,5,2026-09-02T23:44:31Z,3ds_redirect,card_mastercard,PHP,Philippines,gateway_alpha,redirected,,desktop,Chrome,348.81,3008
ses_0302,evt_001854,6,2026-09-02T23:44:42Z,3ds_completed,card_mastercard,PHP,Philippines,gateway_alpha,success,,desktop,Chrome,348.81,1988
ses_0302,evt_001855,7,2026-09-02T23:44:47Z,authorization_response,card_mastercard,PHP,Philippines,gateway_alpha,success,,desktop,Chrome,348.81,1511
ses_0302,evt_001856,8,2026-09-02T23:44:51Z,payment_completed,card_mastercard,PHP,Philippines,gateway_alpha,success,,desktop,Chrome,348.81,1024
ses_0303,evt_001857,1,2026-09-06T08:47:38Z,checkout_initiated,mpesa,KES,Kenya,wallet_hub,started,,mobile,Edge,248.94,509
ses_0303,evt_001858,2,2026-09-06T08:47:48Z,method_selected,mpesa,KES,Kenya,wallet_hub,success,,mobile,Edge,248.94,1626
ses_0303,evt_001859,3,2026-09-06T08:47:51Z,details_entered,mpesa,KES,Kenya,wallet_hub,success,,mobile,Edge,248.94,1007
ses_0303,evt_001860,4,2026-09-06T08:48:01Z,authorization_requested,mpesa,KES,Kenya,wallet_hub,submitted,,mobile,Edge,248.94,1758
ses_0303,evt_001861,5,2026-09-06T08:48:05Z,authorization_response,mpesa,KES,Kenya,wallet_hub,success,,mobile,Edge,248.94,261
ses_0303,evt_001862,6,2026-09-06T08:48:12Z,payment_completed,mpesa,KES,Kenya,wallet_hub,success,,mobile,Edge,248.94,919
ses_0304,evt_001863,1,2026-09-01T19:27:51Z,checkout_initiated,gcash,USD,Cross-border,wallet_hub,started,,mobile,Chrome,293.84,1749
ses_0304,evt_001864,2,2026-09-01T19:27:59Z,method_selected,gcash,USD,Cross-border,wallet_hub,success,,mobile,Chrome,293.84,916
ses_0304,evt_001865,3,2026-09-01T19:28:06Z,details_entered,gcash,USD,Cross-border,wallet_hub,success,,mobile,Chrome,293.84,589
ses_0304,evt_001866,4,2026-09-01T19:28:16Z,authorization_requested,gcash,USD,Cross-border,wallet_hub,submitted,,mobile,Chrome,293.84,1083
ses_0304,evt_001867,5,2026-09-01T19:28:22Z,authorization_response,gcash,USD,Cross-border,wallet_hub,success,,mobile,Chrome,293.84,482
ses_0304,evt_001868,6,2026-09-01T19:28:32Z,payment_completed,gcash,USD,Cross-border,wallet_hub,success,,mobile,Chrome,293.84,380
ses_0305,evt_001869,1,2026-09-01T22:03:00Z,checkout_initiated,bank_transfer_local,KES,Kenya,bank_rail,started,,mobile,Chrome,304.83,1382
ses_0305,evt_001870,2,2026-09-01T22:03:09Z,method_selected,bank_transfer_local,KES,Kenya,bank_rail,success,,mobile,Chrome,304.83,612
ses_0305,evt_001871,3,2026-09-01T22:03:18Z,details_entered,bank_transfer_local,KES,Kenya,bank_rail,success,,mobile,Chrome,304.83,1611
ses_0305,evt_001872,4,2026-09-01T22:03:23Z,authorization_requested,bank_transfer_local,KES,Kenya,bank_rail,submitted,,mobile,Chrome,304.83,479
ses_0305,evt_001873,5,2026-09-01T22:03:31Z,authorization_response,bank_transfer_local,KES,Kenya,bank_rail,success,,mobile,Chrome,304.83,1416
ses_0305,evt_001874,6,2026-09-01T22:03:34Z,payment_completed,bank_transfer_local,KES,Kenya,bank_rail,success,,mobile,Chrome,304.83,647
ses_0306,evt_001875,1,2026-09-02T04:57:06Z,checkout_initiated,card_visa,KES,Kenya,gateway_alpha,started,,desktop,Chrome,440.72,633
ses_0306,evt_001876,2,2026-09-02T04:57:11Z,method_selected,card_visa,KES,Kenya,gateway_alpha,success,,desktop,Chrome,440.72,1242
ses_0306,evt_001877,3,2026-09-02T04:57:18Z,details_entered,card_visa,KES,Kenya,gateway_alpha,success,,desktop,Chrome,440.72,1366
ses_0306,evt_001878,4,2026-09-02T04:57:25Z,authorization_requested,card_visa,KES,Kenya,gateway_alpha,submitted,,desktop,Chrome,440.72,1214
ses_0306,evt_001879,5,2026-09-02T04:57:32Z,3ds_redirect,card_visa,KES,Kenya,gateway_alpha,redirected,,desktop,Chrome,440.72,5158
ses_0306,evt_001880,6,2026-09-02T04:57:45Z,3ds_completed,card_visa,KES,Kenya,gateway_alpha,success,,desktop,Chrome,440.72,3993
ses_0306,evt_001881,7,2026-09-02T04:57:56Z,authorization_response,card_visa,KES,Kenya,gateway_alpha,success,,desktop,Chrome,440.72,566
ses_0306,evt_001882,8,2026-09-02T04:57:58Z,payment_completed,card_visa,KES,Kenya,gateway_alpha,success,,desktop,Chrome,440.72,444
ses_0307,evt_001883,1,2026-09-05T08:42:12Z,checkout_initiated,mpesa,KES,Kenya,wallet_hub,started,,mobile,Safari,373.39,1405
ses_0307,evt_001884,2,2026-09-05T08:42:17Z,method_selected,mpesa,KES,Kenya,wallet_hub,success,,mobile,Safari,373.39,724
ses_0307,evt_001885,3,2026-09-05T08:42:25Z,details_entered,mpesa,KES,Kenya,wallet_hub,success,,mobile,Safari,373.39,458
ses_0307,evt_001886,4,2026-09-05T08:42:30Z,authorization_requested,mpesa,KES,Kenya,wallet_hub,submitted,,mobile,Safari,373.39,1562
ses_0307,evt_001887,5,2026-09-05T08:42:32Z,authorization_response,mpesa,KES,Kenya,wallet_hub,failed,fraud_suspected,mobile,Safari,373.39,448
ses_0308,evt_001888,1,2026-09-10T14:34:25Z,checkout_initiated,card_mastercard,PHP,Philippines,gateway_alpha,started,,mobile,Safari,208.43,350
ses_0308,evt_001889,2,2026-09-10T14:34:33Z,method_selected,card_mastercard,PHP,Philippines,gateway_alpha,success,,mobile,Safari,208.43,661
ses_0308,evt_001890,3,2026-09-10T14:34:40Z,details_entered,card_mastercard,PHP,Philippines,gateway_alpha,success,,mobile,Safari,208.43,491
ses_0308,evt_001891,4,2026-09-10T14:34:50Z,authorization_requested,card_mastercard,PHP,Philippines,gateway_alpha,submitted,,mobile,Safari,208.43,1118
ses_0308,evt_001892,5,2026-09-10T14:35:00Z,3ds_redirect,card_mastercard,PHP,Philippines,gateway_alpha,redirected,,mobile,Safari,208.43,2888
ses_0308,evt_001893,6,2026-09-10T14:35:06Z,3ds_completed,card_mastercard,PHP,Philippines,gateway_alpha,success,,mobile,Safari,208.43,1100
ses_0308,evt_001894,7,2026-09-10T14:35:10Z,authorization_response,card_mastercard,PHP,Philippines,gateway_alpha,success,,mobile,Safari,208.43,1655
ses_0308,evt_001895,8,2026-09-10T14:35:13Z,payment_completed,card_mastercard,PHP,Philippines,gateway_alpha,success,,mobile,Safari,208.43,346
ses_0309,evt_001896,1,2026-09-06T22:57:59Z,checkout_initiated,card_mastercard,KES,Kenya,gateway_beta,started,,mobile,Safari,84.29,1731
ses_0309,evt_001897,2,2026-09-06T22:58:08Z,method_selected,card_mastercard,KES,Kenya,gateway_beta,success,,mobile,Safari,84.29,925
ses_0309,evt_001898,3,2026-09-06T22:58:17Z,details_entered,card_mastercard,KES,Kenya,gateway_beta,success,,mobile,Safari,84.29,809
ses_0309,evt_001899,4,2026-09-06T22:58:20Z,authorization_requested,card_mastercard,KES,Kenya,gateway_beta,submitted,,mobile,Safari,84.29,569
ses_0309,evt_001900,5,2026-09-06T22:58:35Z,3ds_redirect,card_mastercard,KES,Kenya,gateway_beta,redirected,,mobile,Safari,84.29,8899
ses_0309,evt_001901,6,2026-09-06T22:58:51Z,3ds_completed,card_mastercard,KES,Kenya,gateway_beta,abandoned,3ds_abandoned,mobile,Safari,84.29,10566
ses_0310,evt_001902,1,2026-09-11T09:22:50Z,checkout_initiated,gcash,PHP,Philippines,wallet_hub,started,,mobile,Firefox,302.10,841
ses_0310,evt_001903,2,2026-09-11T09:22:59Z,method_selected,gcash,PHP,Philippines,wallet_hub,success,,mobile,Firefox,302.10,1175
ses_0310,evt_001904,3,2026-09-11T09:23:03Z,details_entered,gcash,PHP,Philippines,wallet_hub,success,,mobile,Firefox,302.10,868
ses_0310,evt_001905,4,2026-09-11T09:23:09Z,authorization_requested,gcash,PHP,Philippines,wallet_hub,submitted,,mobile,Firefox,302.10,1683
ses_0310,evt_001906,5,2026-09-11T09:23:20Z,authorization_response,gcash,PHP,Philippines,wallet_hub,success,,mobile,Firefox,302.10,345
ses_0310,evt_001907,6,2026-09-11T09:23:28Z,payment_completed,gcash,PHP,Philippines,wallet_hub,success,,mobile,Firefox,302.10,300
ses_0311,evt_001908,1,2026-09-01T22:57:31Z,checkout_initiated,card_visa,PHP,Philippines,gateway_alpha,started,,mobile,Chrome,387.19,1035
ses_0311,evt_001909,2,2026-09-01T22:57:40Z,method_selected,card_visa,PHP,Philippines,gateway_alpha,success,,mobile,Chrome,387.19,1429
ses_0311,evt_001910,3,2026-09-01T22:57:43Z,details_entered,card_visa,PHP,Philippines,gateway_alpha,success,,mobile,Chrome,387.19,887
ses_0311,evt_001911,4,2026-09-01T22:57:49Z,authorization_requested,card_visa,PHP,Philippines,gateway_alpha,submitted,,mobile,Chrome,387.19,567
ses_0311,evt_001912,5,2026-09-01T22:57:54Z,authorization_response,card_visa,PHP,Philippines,gateway_alpha,success,,mobile,Chrome,387.19,1472
ses_0311,evt_001913,6,2026-09-01T22:58:00Z,payment_completed,card_visa,PHP,Philippines,gateway_alpha,success,,mobile,Chrome,387.19,1473
ses_0312,evt_001914,1,2026-09-12T08:43:36Z,checkout_initiated,card_visa,PHP,Philippines,gateway_alpha,started,,mobile,Safari,297.12,949
ses_0312,evt_001915,2,2026-09-12T08:43:43Z,method_selected,card_visa,PHP,Philippines,gateway_alpha,success,,mobile,Safari,297.12,912
ses_0312,evt_001916,3,2026-09-12T08:43:46Z,details_entered,card_visa,PHP,Philippines,gateway_alpha,success,,mobile,Safari,297.12,909
ses_0312,evt_001917,4,2026-09-12T08:43:53Z,authorization_requested,card_visa,PHP,Philippines,gateway_alpha,submitted,,mobile,Safari,297.12,673
ses_0312,evt_001918,5,2026-09-12T08:44:07Z,3ds_redirect,card_visa,PHP,Philippines,gateway_alpha,redirected,,mobile,Safari,297.12,4469
ses_0312,evt_001919,6,2026-09-12T08:44:12Z,3ds_completed,card_visa,PHP,Philippines,gateway_alpha,success,,mobile,Safari,297.12,3095
ses_0312,evt_001920,7,2026-09-12T08:44:17Z,authorization_response,card_visa,PHP,Philippines,gateway_alpha,success,,mobile,Safari,297.12,1346
ses_0312,evt_001921,8,2026-09-12T08:44:24Z,payment_completed,card_visa,PHP,Philippines,gateway_alpha,success,,mobile,Safari,297.12,555
ses_0313,evt_001922,1,2026-09-05T20:06:44Z,checkout_initiated,bank_transfer_local,KES,Kenya,bank_rail,started,,desktop,Safari,468.55,1370
ses_0313,evt_001923,2,2026-09-05T20:06:53Z,method_selected,bank_transfer_local,KES,Kenya,bank_rail,success,,desktop,Safari,468.55,256
ses_0313,evt_001924,3,2026-09-05T20:06:57Z,details_entered,bank_transfer_local,KES,Kenya,bank_rail,success,,desktop,Safari,468.55,1688
ses_0313,evt_001925,4,2026-09-05T20:07:04Z,authorization_requested,bank_transfer_local,KES,Kenya,bank_rail,submitted,,desktop,Safari,468.55,573
ses_0313,evt_001926,5,2026-09-05T20:07:16Z,authorization_response,bank_transfer_local,KES,Kenya,bank_rail,success,,desktop,Safari,468.55,1642
ses_0313,evt_001927,6,2026-09-05T20:07:22Z,payment_completed,bank_transfer_local,KES,Kenya,bank_rail,success,,desktop,Safari,468.55,214
ses_0314,evt_001928,1,2026-09-04T13:29:29Z,checkout_initiated,gcash,PHP,Philippines,wallet_hub,started,,desktop,Edge,148.16,518
ses_0314,evt_001929,2,2026-09-04T13:29:39Z,method_selected,gcash,PHP,Philippines,wallet_hub,success,,desktop,Edge,148.16,665
ses_0314,evt_001930,3,2026-09-04T13:29:44Z,details_entered,gcash,PHP,Philippines,wallet_hub,success,,desktop,Edge,148.16,871
ses_0314,evt_001931,4,2026-09-04T13:29:55Z,authorization_requested,gcash,PHP,Philippines,wallet_hub,submitted,,desktop,Edge,148.16,487
ses_0314,evt_001932,5,2026-09-04T13:30:01Z,authorization_response,gcash,PHP,Philippines,wallet_hub,failed,invalid_card,desktop,Edge,148.16,1064
ses_0315,evt_001933,1,2026-09-13T09:10:50Z,checkout_initiated,card_visa,USD,Cross-border,gateway_beta,started,,mobile,Chrome,270.67,373
ses_0315,evt_001934,2,2026-09-13T09:10:56Z,method_selected,card_visa,USD,Cross-border,gateway_beta,success,,mobile,Chrome,270.67,1708
ses_0315,evt_001935,3,2026-09-13T09:11:00Z,details_entered,card_visa,USD,Cross-border,gateway_beta,success,,mobile,Chrome,270.67,1370
ses_0315,evt_001936,4,2026-09-13T09:11:10Z,authorization_requested,card_visa,USD,Cross-border,gateway_beta,submitted,,mobile,Chrome,270.67,526
ses_0315,evt_001937,5,2026-09-13T09:11:21Z,3ds_redirect,card_visa,USD,Cross-border,gateway_beta,redirected,,mobile,Chrome,270.67,2892
ses_0315,evt_001938,6,2026-09-13T09:11:31Z,3ds_completed,card_visa,USD,Cross-border,gateway_beta,success,,mobile,Chrome,270.67,2307
ses_0315,evt_001939,7,2026-09-13T09:11:47Z,authorization_response,card_visa,USD,Cross-border,gateway_beta,failed,timeout,mobile,Chrome,270.67,9651
ses_0316,evt_001940,1,2026-09-01T07:39:47Z,checkout_initiated,card_visa,PHP,Philippines,gateway_beta,started,,mobile,Chrome,49.75,917
ses_0316,evt_001941,2,2026-09-01T07:39:54Z,method_selected,card_visa,PHP,Philippines,gateway_beta,success,,mobile,Chrome,49.75,628
ses_0316,evt_001942,3,2026-09-01T07:40:02Z,details_entered,card_visa,PHP,Philippines,gateway_beta,success,,mobile,Chrome,49.75,871
ses_0316,evt_001943,4,2026-09-01T07:40:05Z,authorization_requested,card_visa,PHP,Philippines,gateway_beta,submitted,,mobile,Chrome,49.75,1538
ses_0316,evt_001944,5,2026-09-01T07:40:24Z,3ds_redirect,card_visa,PHP,Philippines,gateway_beta,redirected,,mobile,Chrome,49.75,8817
ses_0316,evt_001945,6,2026-09-01T07:40:34Z,3ds_completed,card_visa,PHP,Philippines,gateway_beta,abandoned,3ds_abandoned,mobile,Chrome,49.75,7393
ses_0317,evt_001946,1,2026-09-08T11:37:06Z,checkout_initiated,mpesa,KES,Kenya,wallet_hub,started,,desktop,Chrome,129.43,598
ses_0317,evt_001947,2,2026-09-08T11:37:10Z,method_selected,mpesa,KES,Kenya,wallet_hub,success,,desktop,Chrome,129.43,966
ses_0317,evt_001948,3,2026-09-08T11:37:18Z,details_entered,mpesa,KES,Kenya,wallet_hub,success,,desktop,Chrome,129.43,669
ses_0317,evt_001949,4,2026-09-08T11:37:21Z,authorization_requested,mpesa,KES,Kenya,wallet_hub,abandoned,,desktop,Chrome,129.43,266
ses_0318,evt_001950,1,2026-09-04T20:58:24Z,checkout_initiated,gcash,PHP,Philippines,wallet_hub,started,,mobile,Chrome,131.72,877
ses_0318,evt_001951,2,2026-09-04T20:58:34Z,method_selected,gcash,PHP,Philippines,wallet_hub,success,,mobile,Chrome,131.72,1662
ses_0318,evt_001952,3,2026-09-04T20:58:40Z,details_entered,gcash,PHP,Philippines,wallet_hub,success,,mobile,Chrome,131.72,1021
ses_0318,evt_001953,4,2026-09-04T20:58:47Z,authorization_requested,gcash,PHP,Philippines,wallet_hub,submitted,,mobile,Chrome,131.72,1753
ses_0318,evt_001954,5,2026-09-04T20:58:53Z,authorization_response,gcash,PHP,Philippines,wallet_hub,success,,mobile,Chrome,131.72,981
ses_0318,evt_001955,6,2026-09-04T20:59:02Z,payment_completed,gcash,PHP,Philippines,wallet_hub,success,,mobile,Chrome,131.72,609
ses_0319,evt_001956,1,2026-09-01T16:34:36Z,checkout_initiated,mpesa,KES,Kenya,wallet_hub,started,,desktop,Chrome,289.16,940
ses_0319,evt_001957,2,2026-09-01T16:34:41Z,method_selected,mpesa,KES,Kenya,wallet_hub,success,,desktop,Chrome,289.16,1603
ses_0319,evt_001958,3,2026-09-01T16:30:51Z,details_entered,mpesa,KES,Kenya,wallet_hub,success,,desktop,Chrome,289.16,288
ses_0319,evt_001959,4,2026-09-01T16:34:56Z,authorization_requested,mpesa,KES,Kenya,wallet_hub,submitted,,desktop,Chrome,289.16,509
ses_0319,evt_001960,5,2026-09-01T16:35:02Z,authorization_response,mpesa,KES,Kenya,wallet_hub,success,,desktop,Chrome,289.16,766
ses_0319,evt_001961,6,2026-09-01T16:35:09Z,payment_completed,mpesa,KES,Kenya,wallet_hub,success,,desktop,Chrome,289.16,1590
ses_0320,evt_001962,1,2026-09-06T21:06:31Z,checkout_initiated,bank_transfer_local,USD,Cross-border,bank_rail,started,,desktop,Chrome,211.37,210
ses_0320,evt_001963,2,2026-09-06T21:06:42Z,method_selected,bank_transfer_local,USD,Cross-border,bank_rail,success,,desktop,Chrome,211.37,1683
ses_0320,evt_001964,3,2026-09-06T21:06:47Z,details_entered,bank_transfer_local,USD,Cross-border,bank_rail,success,,desktop,Chrome,211.37,345
ses_0320,evt_001965,4,2026-09-06T21:06:52Z,authorization_requested,bank_transfer_local,USD,Cross-border,bank_rail,submitted,,desktop,Chrome,211.37,1601
ses_0320,evt_001966,5,2026-09-06T21:06:56Z,authorization_response,bank_transfer_local,USD,Cross-border,bank_rail,success,,desktop,Chrome,211.37,1399
ses_0320,evt_001967,6,2026-09-06T21:07:01Z,payment_completed,bank_transfer_local,USD,Cross-border,bank_rail,success,,desktop,Chrome,211.37,1732
ses_0321,evt_001968,1,2026-09-02T20:46:36Z,checkout_initiated,bnpl_atome,SGD,Singapore,bnpl_connect,started,,desktop,Safari,429.47,388
ses_0321,evt_001969,2,2026-09-02T20:46:46Z,method_selected,bnpl_atome,SGD,Singapore,bnpl_connect,success,,desktop,Safari,429.47,1014
ses_0321,evt_001970,3,2026-09-02T20:46:50Z,details_entered,bnpl_atome,SGD,Singapore,bnpl_connect,success,,desktop,Safari,429.47,742
ses_0321,evt_001971,4,2026-09-02T20:46:55Z,authorization_requested,bnpl_atome,SGD,Singapore,bnpl_connect,submitted,,desktop,Safari,429.47,1299
ses_0321,evt_001972,5,2026-09-02T20:47:03Z,authorization_response,bnpl_atome,SGD,Singapore,bnpl_connect,success,,desktop,Safari,429.47,212
ses_0321,evt_001973,6,2026-09-02T20:47:09Z,payment_completed,bnpl_atome,SGD,Singapore,bnpl_connect,success,,desktop,Safari,429.47,1774
ses_0322,evt_001974,1,2026-09-03T13:01:36Z,checkout_initiated,card_visa,PHP,Philippines,gateway_alpha,started,,desktop,Safari,214.85,507
ses_0322,evt_001975,2,2026-09-03T13:01:46Z,method_selected,card_visa,PHP,Philippines,gateway_alpha,success,,desktop,Safari,214.85,1742
ses_0322,evt_001976,3,2026-09-03T13:01:55Z,details_entered,card_visa,PHP,Philippines,gateway_alpha,success,,desktop,Safari,214.85,1154
ses_0322,evt_001977,4,2026-09-03T13:01:58Z,authorization_requested,card_visa,PHP,Philippines,gateway_alpha,submitted,,desktop,Safari,214.85,451
ses_0322,evt_001978,5,2026-09-03T13:02:08Z,authorization_response,card_visa,PHP,Philippines,gateway_alpha,failed,invalid_card,desktop,Safari,214.85,720
ses_0323,evt_001979,1,2026-09-13T10:33:20Z,checkout_initiated,card_mastercard,SGD,Singapore,gateway_alpha,started,,mobile,Edge,129.07,1159
ses_0323,evt_001980,2,2026-09-13T10:33:24Z,method_selected,card_mastercard,SGD,Singapore,gateway_alpha,success,,mobile,Edge,129.07,908
ses_0323,evt_001981,3,2026-09-13T10:33:30Z,details_entered,card_mastercard,SGD,Singapore,gateway_alpha,success,,mobile,Edge,129.07,887
ses_0323,evt_001982,4,2026-09-13T10:33:39Z,authorization_requested,card_mastercard,SGD,Singapore,gateway_alpha,submitted,,mobile,Edge,129.07,1346
ses_0323,evt_001983,5,2026-09-13T10:33:42Z,authorization_response,card_mastercard,SGD,Singapore,gateway_alpha,success,,mobile,Edge,129.07,483
ses_0323,evt_001984,6,2026-09-13T10:33:54Z,payment_completed,card_mastercard,SGD,Singapore,gateway_alpha,success,,mobile,Edge,129.07,1569
ses_0324,evt_001985,1,2026-09-03T10:01:46Z,checkout_initiated,card_mastercard,SGD,Singapore,gateway_beta,started,,desktop,Safari,460.66,1308
ses_0324,evt_001986,2,2026-09-03T10:01:51Z,method_selected,card_mastercard,SGD,Singapore,gateway_beta,success,,desktop,Safari,460.66,1239
ses_0324,evt_001987,3,2026-09-03T10:01:54Z,details_entered,card_mastercard,SGD,Singapore,gateway_beta,success,,desktop,Safari,460.66,811
ses_0324,evt_001988,4,2026-09-03T10:02:02Z,authorization_requested,card_mastercard,SGD,Singapore,gateway_beta,submitted,,desktop,Safari,460.66,1520
ses_0324,evt_001989,5,2026-09-03T10:02:08Z,3ds_redirect,card_mastercard,SGD,Singapore,gateway_beta,redirected,,desktop,Safari,460.66,2783
ses_0324,evt_001990,6,2026-09-03T10:02:17Z,3ds_completed,card_mastercard,SGD,Singapore,gateway_beta,success,,desktop,Safari,460.66,3674
ses_0324,evt_001991,7,2026-09-03T10:02:23Z,authorization_response,card_mastercard,SGD,Singapore,gateway_beta,success,,desktop,Safari,460.66,1574
ses_0324,evt_001992,8,2026-09-03T10:02:28Z,payment_completed,card_mastercard,SGD,Singapore,gateway_beta,success,,desktop,Safari,460.66,1064
ses_0325,evt_001993,1,2026-09-12T09:37:59Z,checkout_initiated,card_visa,KES,Kenya,gateway_alpha,started,,desktop,Chrome,448.32,653
ses_0325,evt_001994,2,2026-09-12T09:38:09Z,method_selected,card_visa,KES,Kenya,gateway_alpha,success,,desktop,Chrome,448.32,1562
ses_0325,evt_001995,3,2026-09-12T09:38:15Z,details_entered,card_visa,KES,Kenya,gateway_alpha,success,,desktop,Chrome,448.32,1125
ses_0325,evt_001996,4,2026-09-12T09:38:17Z,authorization_requested,card_visa,KES,Kenya,gateway_alpha,submitted,,desktop,Chrome,448.32,1183
ses_0325,evt_001997,5,2026-09-12T09:38:23Z,authorization_response,card_visa,KES,Kenya,gateway_alpha,success,,desktop,Chrome,448.32,208
ses_0325,evt_001998,6,2026-09-12T09:38:29Z,payment_completed,card_visa,KES,Kenya,gateway_alpha,success,,desktop,Chrome,448.32,815
ses_0326,evt_001999,1,2026-09-08T16:03:46Z,checkout_initiated,card_mastercard,PHP,Philippines,gateway_alpha,started,,desktop,Chrome,389.77,1800
ses_0326,evt_002000,2,2026-09-08T16:03:57Z,method_selected,card_mastercard,PHP,Philippines,gateway_alpha,success,,desktop,Chrome,389.77,1180
ses_0326,evt_002001,3,2026-09-08T16:04:03Z,details_entered,card_mastercard,PHP,Philippines,gateway_alpha,success,,desktop,Chrome,389.77,676
ses_0326,evt_002002,4,2026-09-08T16:04:14Z,authorization_requested,card_mastercard,PHP,Philippines,gateway_alpha,submitted,,desktop,Chrome,389.77,1186
ses_0326,evt_002003,5,2026-09-08T16:04:23Z,3ds_redirect,card_mastercard,PHP,Philippines,gateway_alpha,redirected,,desktop,Chrome,389.77,2022
ses_0326,evt_002004,6,2026-09-08T16:04:35Z,3ds_completed,card_mastercard,PHP,Philippines,gateway_alpha,success,,desktop,Chrome,389.77,2053
ses_0326,evt_002005,7,2026-09-08T16:04:39Z,authorization_response,card_mastercard,PHP,Philippines,gateway_alpha,failed,fraud_suspected,desktop,Chrome,389.77,918
ses_0327,evt_002006,1,2026-09-08T04:47:40Z,checkout_initiated,card_visa,PHP,Philippines,gateway_alpha,started,,mobile,Chrome,349.43,695
ses_0327,evt_002007,2,2026-09-08T04:47:48Z,method_selected,card_visa,PHP,Philippines,gateway_alpha,success,,mobile,Chrome,349.43,1783
ses_0327,evt_002008,3,2026-09-08T04:47:58Z,details_entered,card_visa,PHP,Philippines,gateway_alpha,success,,mobile,Chrome,349.43,479
ses_0327,evt_002009,4,2026-09-08T04:48:00Z,authorization_requested,card_visa,PHP,Philippines,gateway_alpha,submitted,,mobile,Chrome,349.43,1244
ses_0327,evt_002010,5,2026-09-08T04:48:05Z,authorization_response,card_visa,PHP,Philippines,gateway_alpha,success,,mobile,Chrome,349.43,1357
ses_0327,evt_002011,6,2026-09-08T04:48:11Z,payment_completed,card_visa,PHP,Philippines,gateway_alpha,success,,mobile,Chrome,349.43,1501
ses_0328,evt_002012,1,2026-09-04T18:41:43Z,checkout_initiated,bank_transfer_local,SGD,Singapore,bank_rail,started,,mobile,Safari,343.93,1702
ses_0328,evt_002013,2,2026-09-04T18:41:49Z,method_selected,bank_transfer_local,SGD,Singapore,bank_rail,success,,mobile,Safari,343.93,328
ses_0328,evt_002014,3,2026-09-04T18:41:57Z,details_entered,bank_transfer_local,SGD,Singapore,bank_rail,success,,mobile,Safari,343.93,354
ses_0328,evt_002015,4,2026-09-04T18:42:05Z,authorization_requested,bank_transfer_local,SGD,Singapore,bank_rail,submitted,,mobile,Safari,343.93,1476
ses_0328,evt_002016,5,2026-09-04T18:42:07Z,authorization_response,bank_transfer_local,SGD,Singapore,bank_rail,success,,mobile,Safari,343.93,516
ses_0328,evt_002017,6,2026-09-04T18:42:10Z,payment_completed,bank_transfer_local,SGD,Singapore,bank_rail,success,,mobile,Safari,343.93,1569
ses_0329,evt_002018,1,2026-09-06T18:23:52Z,checkout_initiated,bank_transfer_local,KES,Kenya,bank_rail,started,,desktop,Safari,351.12,584
ses_0329,evt_002019,2,2026-09-06T18:23:55Z,method_selected,bank_transfer_local,KES,Kenya,bank_rail,success,,desktop,Safari,351.12,499
ses_0329,evt_002020,3,2026-09-06T18:24:05Z,details_entered,bank_transfer_local,KES,Kenya,bank_rail,success,,desktop,Safari,351.12,491
ses_0329,evt_002021,4,2026-09-06T18:24:09Z,authorization_requested,bank_transfer_local,KES,Kenya,bank_rail,submitted,,desktop,Safari,351.12,1643
ses_0329,evt_002022,5,2026-09-06T18:24:18Z,authorization_response,bank_transfer_local,KES,Kenya,bank_rail,pending,,desktop,Safari,351.12,459
ses_0330,evt_002023,1,2026-09-04T04:51:24Z,checkout_initiated,card_visa,PHP,Philippines,gateway_alpha,started,,mobile,Safari,291.68,260
ses_0330,evt_002024,2,2026-09-04T04:51:32Z,method_selected,card_visa,PHP,Philippines,gateway_alpha,success,,mobile,Safari,291.68,596
ses_0330,evt_002025,3,2026-09-04T04:51:40Z,details_entered,card_visa,PHP,Philippines,gateway_alpha,abandoned,,mobile,Safari,291.68,1632
ses_0331,evt_002026,1,2026-09-14T19:36:01Z,checkout_initiated,mpesa,KES,Kenya,wallet_hub,started,,mobile,Chrome,216.95,1462
ses_0331,evt_002027,2,2026-09-14T19:36:05Z,method_selected,mpesa,KES,Kenya,wallet_hub,success,,mobile,Chrome,216.95,502
ses_0331,evt_002028,3,2026-09-14T19:36:08Z,details_entered,mpesa,KES,Kenya,wallet_hub,success,,mobile,Chrome,216.95,484
ses_0331,evt_002029,4,2026-09-14T19:36:15Z,authorization_requested,mpesa,KES,Kenya,wallet_hub,submitted,,mobile,Chrome,216.95,213
ses_0331,evt_002030,5,2026-09-14T19:36:20Z,authorization_response,mpesa,KES,Kenya,wallet_hub,success,,mobile,Chrome,216.95,1392
ses_0331,evt_002031,6,2026-09-14T19:36:23Z,payment_completed,mpesa,KES,Kenya,wallet_hub,success,,mobile,Chrome,216.95,1105
ses_0332,evt_002032,1,2026-09-05T04:38:42Z,checkout_initiated,mpesa,KES,Kenya,wallet_hub,started,,mobile,Chrome,151.45,412
ses_0332,evt_002033,2,2026-09-05T04:38:48Z,method_selected,mpesa,KES,Kenya,wallet_hub,success,,mobile,Chrome,151.45,646
ses_0332,evt_002034,3,2026-09-05T04:38:58Z,details_entered,mpesa,KES,Kenya,wallet_hub,success,,mobile,Chrome,151.45,499
ses_0332,evt_002035,4,2026-09-05T04:39:05Z,authorization_requested,mpesa,KES,Kenya,wallet_hub,submitted,,mobile,Chrome,151.45,701
ses_0332,evt_002036,5,2026-09-05T04:39:13Z,authorization_response,mpesa,KES,Kenya,wallet_hub,success,,mobile,Chrome,151.45,1148
ses_0332,evt_002037,6,2026-09-05T04:39:15Z,payment_completed,mpesa,KES,Kenya,wallet_hub,success,,mobile,Chrome,151.45,488
ses_0333,evt_002038,1,2026-09-01T12:00:49Z,checkout_initiated,gcash,PHP,Philippines,wallet_hub,started,,desktop,Safari,83.29,477
ses_0333,evt_002039,2,2026-09-01T12:00:59Z,method_selected,gcash,PHP,Philippines,wallet_hub,success,,desktop,Safari,83.29,899
ses_0333,evt_002040,3,2026-09-01T12:01:09Z,details_entered,gcash,PHP,Philippines,wallet_hub,success,,desktop,Safari,83.29,1108
ses_0333,evt_002041,4,2026-09-01T12:01:11Z,authorization_requested,gcash,PHP,Philippines,wallet_hub,submitted,,desktop,Safari,83.29,207
ses_0333,evt_002042,5,2026-09-01T12:01:16Z,authorization_response,gcash,PHP,Philippines,wallet_hub,success,,desktop,Safari,83.29,425
ses_0333,evt_002043,6,2026-09-01T12:01:19Z,payment_completed,gcash,PHP,Philippines,wallet_hub,success,,desktop,Safari,83.29,756
ses_0334,evt_002044,1,2026-09-11T21:01:53Z,checkout_initiated,card_mastercard,KES,Kenya,gateway_alpha,started,,desktop,Edge,45.66,839
ses_0334,evt_002045,2,2026-09-11T21:01:58Z,method_selected,card_mastercard,KES,Kenya,gateway_alpha,success,,desktop,Edge,45.66,1156
ses_0334,evt_002046,3,2026-09-11T21:02:05Z,details_entered,card_mastercard,KES,Kenya,gateway_alpha,success,,desktop,Edge,45.66,812
ses_0334,evt_002047,4,2026-09-11T21:02:07Z,authorization_requested,card_mastercard,KES,Kenya,gateway_alpha,submitted,,desktop,Edge,45.66,1409
ses_0334,evt_002048,5,2026-09-11T21:02:11Z,3ds_redirect,card_mastercard,KES,Kenya,gateway_alpha,redirected,,desktop,Edge,45.66,3425
ses_0334,evt_002049,6,2026-09-11T21:02:26Z,3ds_completed,card_mastercard,KES,Kenya,gateway_alpha,success,,desktop,Edge,45.66,4614
ses_0334,evt_002050,7,2026-09-11T21:02:35Z,authorization_response,card_mastercard,KES,Kenya,gateway_alpha,success,,desktop,Edge,45.66,837
ses_0334,evt_002051,8,2026-09-11T21:02:40Z,payment_completed,card_mastercard,KES,Kenya,gateway_alpha,success,,desktop,Edge,45.66,1204
ses_0335,evt_002052,1,2026-09-10T04:41:41Z,checkout_initiated,card_visa,USD,Cross-border,gateway_alpha,started,,desktop,Safari,141.07,422
ses_0335,evt_002053,2,2026-09-10T04:41:45Z,method_selected,card_visa,USD,Cross-border,gateway_alpha,success,,desktop,Safari,141.07,858
ses_0335,evt_002054,3,2026-09-10T04:41:47Z,details_entered,card_visa,USD,Cross-border,gateway_alpha,success,,desktop,Safari,141.07,1326
ses_0335,evt_002055,4,2026-09-10T04:41:53Z,authorization_requested,card_visa,USD,Cross-border,gateway_alpha,submitted,,desktop,Safari,141.07,1711
ses_0335,evt_002056,5,2026-09-10T04:41:58Z,3ds_redirect,card_visa,USD,Cross-border,gateway_alpha,redirected,,desktop,Safari,141.07,2496
ses_0335,evt_002057,6,2026-09-10T04:42:05Z,3ds_completed,card_visa,USD,Cross-border,gateway_alpha,success,,desktop,Safari,141.07,3471
ses_0335,evt_002058,7,2026-09-10T04:42:14Z,authorization_response,card_visa,USD,Cross-border,gateway_alpha,success,,desktop,Safari,141.07,272
ses_0335,evt_002059,8,2026-09-10T04:42:16Z,payment_completed,card_visa,USD,Cross-border,gateway_alpha,success,,desktop,Safari,141.07,1121
ses_0336,evt_002060,1,2026-09-07T10:22:46Z,checkout_initiated,bnpl_atome,SGD,Singapore,bnpl_connect,started,,desktop,Chrome,376.82,953
ses_0336,evt_002061,2,2026-09-07T10:22:55Z,method_selected,bnpl_atome,SGD,Singapore,bnpl_connect,success,,desktop,Chrome,376.82,1043
ses_0336,evt_002062,3,2026-09-07T10:23:05Z,details_entered,bnpl_atome,SGD,Singapore,bnpl_connect,success,,desktop,Chrome,376.82,243
ses_0336,evt_002063,4,2026-09-07T10:23:10Z,authorization_requested,bnpl_atome,SGD,Singapore,bnpl_connect,submitted,,desktop,Chrome,376.82,305
ses_0336,evt_002064,5,2026-09-07T10:23:20Z,authorization_response,bnpl_atome,SGD,Singapore,bnpl_connect,success,,desktop,Chrome,376.82,1664
ses_0336,evt_002065,6,2026-09-07T10:23:27Z,payment_completed,bnpl_atome,SGD,Singapore,bnpl_connect,success,,desktop,Chrome,376.82,543
ses_0337,evt_002066,1,2026-09-09T08:36:39Z,checkout_initiated,card_mastercard,KES,Kenya,gateway_beta,started,,mobile,Chrome,380.71,1706
ses_0337,evt_002067,2,2026-09-09T08:36:48Z,method_selected,card_mastercard,KES,Kenya,gateway_beta,success,,mobile,Chrome,380.71,1788
ses_0337,evt_002068,3,2026-09-09T08:36:57Z,details_entered,card_mastercard,KES,Kenya,gateway_beta,success,,mobile,Chrome,380.71,694
ses_0337,evt_002069,4,2026-09-09T08:37:07Z,authorization_requested,card_mastercard,KES,Kenya,gateway_beta,submitted,,mobile,Chrome,380.71,1745
ses_0337,evt_002070,5,2026-09-09T08:37:10Z,3ds_redirect,card_mastercard,KES,Kenya,gateway_beta,redirected,,mobile,Chrome,380.71,1514
ses_0337,evt_002071,6,2026-09-09T08:37:21Z,3ds_completed,card_mastercard,KES,Kenya,gateway_beta,success,,mobile,Chrome,380.71,2816
ses_0337,evt_002072,7,2026-09-09T08:37:26Z,authorization_response,card_mastercard,KES,Kenya,gateway_beta,success,,mobile,Chrome,380.71,584
ses_0337,evt_002073,8,2026-09-09T08:37:32Z,payment_completed,card_mastercard,KES,Kenya,gateway_beta,success,,mobile,Chrome,380.71,324
ses_0338,evt_002074,1,2026-09-10T17:55:59Z,checkout_initiated,card_mastercard,PHP,Philippines,gateway_beta,started,,desktop,Firefox,446.45,653
ses_0338,evt_002075,2,2026-09-10T17:56:04Z,method_selected,card_mastercard,PHP,Philippines,gateway_beta,success,,desktop,Firefox,446.45,1143
ses_0338,evt_002076,3,2026-09-10T17:56:13Z,details_entered,card_mastercard,PHP,Philippines,gateway_beta,success,,desktop,Firefox,446.45,618
ses_0338,evt_002077,4,2026-09-10T17:56:21Z,authorization_requested,card_mastercard,PHP,Philippines,gateway_beta,submitted,,desktop,Firefox,446.45,224
ses_0338,evt_002078,5,2026-09-10T17:56:36Z,3ds_redirect,card_mastercard,PHP,Philippines,gateway_beta,redirected,,desktop,Firefox,446.45,7666
ses_0338,evt_002079,6,2026-09-10T17:56:56Z,3ds_completed,card_mastercard,PHP,Philippines,gateway_beta,abandoned,3ds_abandoned,desktop,Firefox,446.45,12298
ses_0339,evt_002080,1,2026-09-03T04:49:28Z,checkout_initiated,card_mastercard,PHP,Philippines,gateway_alpha,started,,mobile,Chrome,116.71,1758
ses_0339,evt_002081,2,2026-09-03T04:49:39Z,method_selected,card_mastercard,PHP,Philippines,gateway_alpha,success,,mobile,Chrome,116.71,390
ses_0339,evt_002082,3,2026-09-03T04:49:49Z,details_entered,card_mastercard,PHP,Philippines,gateway_alpha,success,,mobile,Chrome,116.71,588
ses_0339,evt_002083,4,2026-09-03T04:49:55Z,authorization_requested,card_mastercard,PHP,Philippines,gateway_alpha,submitted,,mobile,Chrome,116.71,921
ses_0339,evt_002084,5,2026-09-03T04:50:07Z,3ds_redirect,card_mastercard,PHP,Philippines,gateway_alpha,redirected,,mobile,Chrome,116.71,1776
ses_0339,evt_002085,6,2026-09-03T04:50:14Z,3ds_completed,card_mastercard,PHP,Philippines,gateway_alpha,success,,mobile,Chrome,116.71,3872
ses_0339,evt_002086,7,2026-09-03T04:50:22Z,authorization_response,card_mastercard,PHP,Philippines,gateway_alpha,success,,mobile,Chrome,116.71,311
ses_0339,evt_002087,8,2026-09-03T04:50:28Z,payment_completed,card_mastercard,PHP,Philippines,gateway_alpha,success,,mobile,Chrome,116.71,1149
ses_0340,evt_002088,1,2026-09-06T04:52:41Z,checkout_initiated,card_visa,SGD,Singapore,gateway_beta,started,,mobile,Chrome,308.51,182
ses_0340,evt_002089,2,2026-09-06T04:52:43Z,method_selected,card_visa,SGD,Singapore,gateway_beta,success,,mobile,Chrome,308.51,1055
ses_0340,evt_002090,3,2026-09-06T04:52:49Z,details_entered,card_visa,SGD,Singapore,gateway_beta,success,,mobile,Chrome,308.51,1575
ses_0340,evt_002091,4,2026-09-06T04:53:00Z,authorization_requested,card_visa,SGD,Singapore,gateway_beta,submitted,,mobile,Chrome,308.51,191
ses_0340,evt_002092,5,2026-09-06T04:53:17Z,authorization_response,card_visa,SGD,Singapore,gateway_beta,failed,timeout,mobile,Chrome,308.51,10456
ses_0341,evt_002093,1,2026-09-01T14:29:24Z,checkout_initiated,card_visa,KES,Kenya,gateway_beta,started,,mobile,Chrome,332.96,586
ses_0341,evt_002094,2,2026-09-01T14:29:28Z,method_selected,card_visa,KES,Kenya,gateway_beta,success,,mobile,Chrome,332.96,1602
ses_0341,evt_002095,3,2026-09-01T14:29:32Z,details_entered,card_visa,KES,Kenya,gateway_beta,success,,mobile,Chrome,332.96,459
ses_0341,evt_002096,4,2026-09-01T14:29:37Z,authorization_requested,card_visa,KES,Kenya,gateway_beta,submitted,,mobile,Chrome,332.96,738
ses_0341,evt_002097,5,2026-09-01T14:29:56Z,3ds_redirect,card_visa,KES,Kenya,gateway_beta,redirected,,mobile,Chrome,332.96,8527
ses_0341,evt_002098,6,2026-09-01T14:30:11Z,3ds_completed,card_visa,KES,Kenya,gateway_beta,abandoned,3ds_abandoned,mobile,Chrome,332.96,11512
ses_0342,evt_002099,1,2026-09-02T18:16:41Z,checkout_initiated,card_visa,PHP,Philippines,gateway_beta,started,,mobile,Firefox,334.75,839
ses_0342,evt_002100,2,2026-09-02T18:16:47Z,method_selected,card_visa,PHP,Philippines,gateway_beta,success,,mobile,Firefox,334.75,793
ses_0342,evt_002101,3,2026-09-02T18:16:56Z,details_entered,card_visa,PHP,Philippines,gateway_beta,success,,mobile,Firefox,334.75,1782
ses_0342,evt_002102,4,2026-09-02T18:17:07Z,authorization_requested,card_visa,PHP,Philippines,gateway_beta,submitted,,mobile,Firefox,334.75,739
ses_0342,evt_002103,5,2026-09-02T18:17:20Z,3ds_redirect,card_visa,PHP,Philippines,gateway_beta,redirected,,mobile,Firefox,334.75,4957
ses_0342,evt_002104,6,2026-09-02T18:17:28Z,3ds_completed,card_visa,PHP,Philippines,gateway_beta,success,,mobile,Firefox,334.75,1804
ses_0342,evt_002105,7,2026-09-02T18:17:39Z,authorization_response,card_visa,PHP,Philippines,gateway_beta,failed,invalid_card,mobile,Firefox,334.75,1681
ses_0343,evt_002106,1,2026-09-04T02:10:09Z,checkout_initiated,bnpl_atome,PHP,Philippines,bnpl_connect,started,,mobile,Edge,456.34,1442
ses_0343,evt_002107,2,2026-09-04T02:10:11Z,method_selected,bnpl_atome,PHP,Philippines,bnpl_connect,success,,mobile,Edge,456.34,551
ses_0343,evt_002108,3,2026-09-04T02:10:15Z,details_entered,bnpl_atome,PHP,Philippines,bnpl_connect,success,,mobile,Edge,456.34,498
ses_0343,evt_002109,4,2026-09-04T02:10:26Z,authorization_requested,bnpl_atome,PHP,Philippines,bnpl_connect,submitted,,mobile,Edge,456.34,864
ses_0343,evt_002110,5,2026-09-04T02:10:35Z,authorization_response,bnpl_atome,PHP,Philippines,bnpl_connect,success,,mobile,Edge,456.34,1247
ses_0343,evt_002111,6,2026-09-04T02:10:37Z,payment_completed,bnpl_atome,PHP,Philippines,bnpl_connect,success,,mobile,Edge,456.34,1101
ses_0344,evt_002112,1,2026-09-04T10:56:19Z,checkout_initiated,gcash,PHP,Philippines,wallet_hub,started,,desktop,Chrome,460.46,1729
ses_0344,evt_002113,2,2026-09-04T10:56:24Z,method_selected,gcash,PHP,Philippines,wallet_hub,success,,desktop,Chrome,460.46,1126
ses_0344,evt_002114,3,2026-09-04T10:56:35Z,details_entered,gcash,PHP,Philippines,wallet_hub,success,,desktop,Chrome,460.46,1590
ses_0344,evt_002115,4,2026-09-04T10:56:46Z,authorization_requested,gcash,PHP,Philippines,wallet_hub,submitted,,desktop,Chrome,460.46,723
ses_0344,evt_002116,5,2026-09-04T10:56:52Z,authorization_response,gcash,PHP,Philippines,wallet_hub,success,,desktop,Chrome,460.46,1221
ses_0344,evt_002117,6,2026-09-04T10:56:59Z,payment_completed,gcash,PHP,Philippines,wallet_hub,success,,desktop,Chrome,460.46,712
ses_0345,evt_002118,1,2026-09-13T12:00:40Z,checkout_initiated,card_visa,KES,Kenya,gateway_alpha,started,,mobile,Chrome,222.75,322
ses_0345,evt_002119,2,2026-09-13T12:00:44Z,method_selected,card_visa,KES,Kenya,gateway_alpha,success,,mobile,Chrome,222.75,1282
ses_0345,evt_002120,3,2026-09-13T12:00:50Z,details_entered,card_visa,KES,Kenya,gateway_alpha,success,,mobile,Chrome,222.75,611
ses_0345,evt_002121,4,2026-09-13T12:00:53Z,authorization_requested,card_visa,KES,Kenya,gateway_alpha,submitted,,mobile,Chrome,222.75,1217
ses_0345,evt_002122,5,2026-09-13T12:00:57Z,authorization_response,card_visa,KES,Kenya,gateway_alpha,success,,mobile,Chrome,222.75,366
ses_0345,evt_002123,6,2026-09-13T12:00:59Z,payment_completed,card_visa,KES,Kenya,gateway_alpha,success,,mobile,Chrome,222.75,975
ses_0346,evt_002124,1,2026-09-04T13:40:32Z,checkout_initiated,card_mastercard,PHP,Philippines,gateway_beta,started,,mobile,Chrome,127.34,519
ses_0346,evt_002125,2,2026-09-04T13:40:39Z,method_selected,card_mastercard,PHP,Philippines,gateway_beta,success,,mobile,Chrome,127.34,1371
ses_0346,evt_002126,3,2026-09-04T13:40:44Z,details_entered,card_mastercard,PHP,Philippines,gateway_beta,success,,mobile,Chrome,127.34,1273
ses_0346,evt_002127,4,2026-09-04T13:40:49Z,authorization_requested,card_mastercard,PHP,Philippines,gateway_beta,submitted,,mobile,Chrome,127.34,1072
ses_0346,evt_002128,5,2026-09-04T13:41:11Z,3ds_redirect,card_mastercard,PHP,Philippines,gateway_beta,redirected,,mobile,Chrome,127.34,12320
ses_0346,evt_002129,6,2026-09-04T13:41:25Z,3ds_completed,card_mastercard,PHP,Philippines,gateway_beta,abandoned,3ds_abandoned,mobile,Chrome,127.34,9644
ses_0347,evt_002130,1,2026-09-12T20:48:53Z,checkout_initiated,gcash,USD,Cross-border,wallet_hub,started,,mobile,Chrome,143.58,1704
ses_0347,evt_002131,2,2026-09-12T20:49:03Z,method_selected,gcash,USD,Cross-border,wallet_hub,success,,mobile,Chrome,143.58,905
ses_0347,evt_002132,3,2026-09-12T20:49:14Z,details_entered,gcash,USD,Cross-border,wallet_hub,success,,mobile,Chrome,143.58,891
ses_0347,evt_002133,4,2026-09-12T20:49:20Z,authorization_requested,gcash,USD,Cross-border,wallet_hub,submitted,,mobile,Chrome,143.58,757
ses_0347,evt_002134,5,2026-09-12T20:49:27Z,authorization_response,gcash,USD,Cross-border,wallet_hub,success,,mobile,Chrome,143.58,355
ses_0347,evt_002135,6,2026-09-12T20:49:39Z,payment_completed,gcash,USD,Cross-border,wallet_hub,success,,mobile,Chrome,143.58,1561
ses_0348,evt_002136,1,2026-09-05T02:29:09Z,checkout_initiated,mpesa,USD,Cross-border,wallet_hub,started,,desktop,Chrome,403.16,1503
ses_0348,evt_002137,2,2026-09-05T02:29:20Z,method_selected,mpesa,USD,Cross-border,wallet_hub,success,,desktop,Chrome,403.16,910
ses_0348,evt_002138,3,2026-09-05T02:29:28Z,details_entered,mpesa,USD,Cross-border,wallet_hub,success,,desktop,Chrome,403.16,624
ses_0348,evt_002139,4,2026-09-05T02:29:32Z,authorization_requested,mpesa,USD,Cross-border,wallet_hub,submitted,,desktop,Chrome,403.16,987
ses_0348,evt_002140,5,2026-09-05T02:29:39Z,authorization_response,mpesa,USD,Cross-border,wallet_hub,failed,invalid_card,desktop,Chrome,403.16,321
ses_0349,evt_002141,1,2026-09-08T23:02:35Z,checkout_initiated,card_visa,USD,Cross-border,gateway_beta,started,,desktop,Firefox,120.37,1337
ses_0349,evt_002142,2,2026-09-08T23:02:37Z,method_selected,card_visa,USD,Cross-border,gateway_beta,success,,desktop,Firefox,120.37,575
ses_0349,evt_002143,3,2026-09-08T23:02:43Z,details_entered,card_visa,USD,Cross-border,gateway_beta,success,,desktop,Firefox,120.37,372
ses_0349,evt_002144,4,2026-09-08T23:02:53Z,authorization_requested,card_visa,USD,Cross-border,gateway_beta,submitted,,desktop,Firefox,120.37,475
ses_0349,evt_002145,5,2026-09-08T23:02:59Z,3ds_redirect,card_visa,USD,Cross-border,gateway_beta,redirected,,desktop,Firefox,120.37,3311
ses_0349,evt_002146,6,2026-09-08T23:03:09Z,3ds_completed,card_visa,USD,Cross-border,gateway_beta,success,,desktop,Firefox,120.37,3187
ses_0349,evt_002147,7,2026-09-08T23:03:15Z,authorization_response,card_visa,USD,Cross-border,gateway_beta,success,,desktop,Firefox,120.37,570
ses_0349,evt_002148,8,2026-09-08T23:03:17Z,payment_completed,card_visa,USD,Cross-border,gateway_beta,success,,desktop,Firefox,120.37,780
ses_0350,evt_002149,1,2026-09-05T01:37:06Z,checkout_initiated,gcash,PHP,Philippines,wallet_hub,started,,mobile,Safari,320.51,1101
ses_0350,evt_002150,2,2026-09-05T01:37:14Z,method_selected,gcash,PHP,Philippines,wallet_hub,success,,mobile,Safari,320.51,1420
ses_0350,evt_002151,3,2026-09-05T01:37:19Z,details_entered,gcash,PHP,Philippines,wallet_hub,success,,mobile,Safari,320.51,188
ses_0350,evt_002152,4,2026-09-05T01:37:30Z,authorization_requested,gcash,PHP,Philippines,wallet_hub,submitted,,mobile,Safari,320.51,1530
ses_0350,evt_002153,5,2026-09-05T01:37:36Z,authorization_response,gcash,PHP,Philippines,wallet_hub,success,,mobile,Safari,320.51,1224
ses_0350,evt_002154,6,2026-09-05T01:37:38Z,payment_completed,gcash,PHP,Philippines,wallet_hub,success,,mobile,Safari,320.51,845
ses_0351,evt_002155,1,2026-09-07T21:38:20Z,checkout_initiated,card_visa,PHP,Philippines,gateway_alpha,started,,mobile,Chrome,451.41,943
ses_0351,evt_002156,2,2026-09-07T21:38:23Z,method_selected,card_visa,PHP,Philippines,gateway_alpha,success,,mobile,Chrome,451.41,922
ses_0351,evt_002157,3,2026-09-07T21:38:29Z,details_entered,card_visa,PHP,Philippines,gateway_alpha,success,,mobile,Chrome,451.41,643
ses_0351,evt_002158,4,2026-09-07T21:38:39Z,authorization_requested,card_visa,PHP,Philippines,gateway_alpha,submitted,,mobile,Chrome,451.41,1176
ses_0351,evt_002159,5,2026-09-07T21:38:46Z,3ds_redirect,card_visa,PHP,Philippines,gateway_alpha,redirected,,mobile,Chrome,451.41,3114
ses_0351,evt_002160,6,2026-09-07T21:38:57Z,3ds_completed,card_visa,PHP,Philippines,gateway_alpha,success,,mobile,Chrome,451.41,2916
ses_0351,evt_002161,7,2026-09-07T21:39:00Z,authorization_response,card_visa,PHP,Philippines,gateway_alpha,success,,mobile,Chrome,451.41,805
ses_0351,evt_002162,8,2026-09-07T21:39:07Z,payment_completed,card_visa,PHP,Philippines,gateway_alpha,success,,mobile,Chrome,451.41,1162
ses_0352,evt_002163,1,2026-09-09T13:36:08Z,checkout_initiated,bnpl_atome,SGD,Singapore,bnpl_connect,started,,mobile,Chrome,118.67,418
ses_0352,evt_002164,2,2026-09-09T13:36:11Z,method_selected,bnpl_atome,SGD,Singapore,bnpl_connect,success,,mobile,Chrome,118.67,1063
ses_0352,evt_002165,3,2026-09-09T13:36:20Z,details_entered,bnpl_atome,SGD,Singapore,bnpl_connect,success,,mobile,Chrome,118.67,1046
ses_0352,evt_002166,4,2026-09-09T13:36:22Z,authorization_requested,bnpl_atome,SGD,Singapore,bnpl_connect,submitted,,mobile,Chrome,118.67,346
ses_0352,evt_002167,5,2026-09-09T13:36:31Z,authorization_response,bnpl_atome,SGD,Singapore,bnpl_connect,success,,mobile,Chrome,118.67,820
ses_0352,evt_002168,6,2026-09-09T13:36:41Z,payment_completed,bnpl_atome,SGD,Singapore,bnpl_connect,success,,mobile,Chrome,118.67,1185
ses_0353,evt_002169,1,2026-09-06T14:26:08Z,checkout_initiated,card_visa,SGD,Singapore,gateway_alpha,started,,mobile,Edge,447.51,1597
ses_0353,evt_002170,2,2026-09-06T14:26:17Z,method_selected,card_visa,SGD,Singapore,gateway_alpha,success,,mobile,Edge,447.51,1592
ses_0353,evt_002171,3,2026-09-06T14:26:26Z,details_entered,card_visa,SGD,Singapore,gateway_alpha,success,,mobile,Edge,447.51,540
ses_0353,evt_002172,4,2026-09-06T14:26:28Z,authorization_requested,card_visa,SGD,Singapore,gateway_alpha,submitted,,mobile,Edge,447.51,994
ses_0353,evt_002173,5,2026-09-06T14:26:31Z,3ds_redirect,card_visa,SGD,Singapore,gateway_alpha,redirected,,mobile,Edge,447.51,2454
ses_0353,evt_002174,6,2026-09-06T14:26:39Z,3ds_completed,card_visa,SGD,Singapore,gateway_alpha,success,,mobile,Edge,447.51,3716
ses_0353,evt_002175,7,2026-09-06T14:26:45Z,authorization_response,card_visa,SGD,Singapore,gateway_alpha,success,,mobile,Edge,447.51,1020
ses_0353,evt_002176,8,2026-09-06T14:26:53Z,payment_completed,card_visa,SGD,Singapore,gateway_alpha,success,,mobile,Edge,447.51,1643
ses_0354,evt_002177,1,2026-09-04T07:56:54Z,checkout_initiated,card_visa,USD,Cross-border,gateway_beta,started,,mobile,Chrome,163.73,1090
ses_0354,evt_002178,2,2026-09-04T07:57:00Z,method_selected,card_visa,USD,Cross-border,gateway_beta,success,,mobile,Chrome,163.73,536
ses_0354,evt_002179,3,2026-09-04T07:57:05Z,details_entered,card_visa,USD,Cross-border,gateway_beta,success,,mobile,Chrome,163.73,1600
ses_0354,evt_002180,4,2026-09-04T07:57:13Z,authorization_requested,card_visa,USD,Cross-border,gateway_beta,submitted,,mobile,Chrome,163.73,1118
ses_0354,evt_002181,5,2026-09-04T07:57:17Z,authorization_response,card_visa,USD,Cross-border,gateway_beta,failed,insufficient_funds,mobile,Chrome,163.73,944
ses_0355,evt_002182,1,2026-09-05T15:26:05Z,checkout_initiated,card_visa,USD,Cross-border,gateway_alpha,started,,mobile,Chrome,426.78,1629
ses_0355,evt_002183,2,2026-09-05T15:26:12Z,method_selected,card_visa,USD,Cross-border,gateway_alpha,success,,mobile,Chrome,426.78,1154
ses_0355,evt_002184,3,2026-09-05T15:26:22Z,details_entered,card_visa,USD,Cross-border,gateway_alpha,success,,mobile,Chrome,426.78,380
ses_0355,evt_002185,4,2026-09-05T15:26:29Z,authorization_requested,card_visa,USD,Cross-border,gateway_alpha,submitted,,mobile,Chrome,426.78,1430
ses_0355,evt_002186,5,2026-09-05T15:26:35Z,3ds_redirect,card_visa,USD,Cross-border,gateway_alpha,redirected,,mobile,Chrome,426.78,4824
ses_0355,evt_002187,6,2026-09-05T15:26:40Z,3ds_completed,card_visa,USD,Cross-border,gateway_alpha,success,,mobile,Chrome,426.78,4291
ses_0355,evt_002188,7,2026-09-05T15:26:43Z,authorization_response,card_visa,USD,Cross-border,gateway_alpha,success,,mobile,Chrome,426.78,1711
ses_0355,evt_002189,8,2026-09-05T15:26:52Z,payment_completed,card_visa,USD,Cross-border,gateway_alpha,success,,mobile,Chrome,426.78,1530
ses_0356,evt_002190,1,2026-09-03T13:44:36Z,checkout_initiated,card_mastercard,KES,Kenya,gateway_beta,started,,mobile,Chrome,420.78,346
ses_0356,evt_002191,2,2026-09-03T13:44:46Z,method_selected,card_mastercard,KES,Kenya,gateway_beta,success,,mobile,Chrome,420.78,1250
ses_0356,evt_002192,3,2026-09-03T13:44:50Z,details_entered,card_mastercard,KES,Kenya,gateway_beta,success,,mobile,Chrome,420.78,676
ses_0356,evt_002193,4,2026-09-03T13:44:56Z,authorization_requested,card_mastercard,KES,Kenya,gateway_beta,submitted,,mobile,Chrome,420.78,1789
ses_0356,evt_002194,5,2026-09-03T13:45:06Z,3ds_redirect,card_mastercard,KES,Kenya,gateway_beta,redirected,,mobile,Chrome,420.78,3498
ses_0356,evt_002195,6,2026-09-03T13:45:11Z,3ds_completed,card_mastercard,KES,Kenya,gateway_beta,success,,mobile,Chrome,420.78,1867
ses_0356,evt_002196,7,2026-09-03T13:45:15Z,authorization_response,card_mastercard,KES,Kenya,gateway_beta,success,,mobile,Chrome,420.78,1004
ses_0356,evt_002197,8,2026-09-03T13:45:20Z,payment_completed,card_mastercard,KES,Kenya,gateway_beta,success,,mobile,Chrome,420.78,557
ses_0357,evt_002198,1,2026-09-13T05:12:51Z,checkout_initiated,bnpl_atome,PHP,Philippines,bnpl_connect,started,,mobile,Chrome,389.24,1118
ses_0357,evt_002199,2,2026-09-13T05:13:00Z,method_selected,bnpl_atome,PHP,Philippines,bnpl_connect,success,,mobile,Chrome,389.24,458
ses_0357,evt_002200,3,2026-09-13T05:13:06Z,details_entered,bnpl_atome,PHP,Philippines,bnpl_connect,success,,mobile,Chrome,389.24,366
ses_0357,evt_002201,4,2026-09-13T05:13:11Z,authorization_requested,bnpl_atome,PHP,Philippines,bnpl_connect,submitted,,mobile,Chrome,389.24,696
ses_0357,evt_002202,5,2026-09-13T05:13:15Z,authorization_response,bnpl_atome,PHP,Philippines,bnpl_connect,success,,mobile,Chrome,389.24,802
ses_0357,evt_002203,6,2026-09-13T05:13:17Z,payment_completed,bnpl_atome,PHP,Philippines,bnpl_connect,success,,mobile,Chrome,389.24,1332
ses_0358,evt_002204,1,2026-09-13T03:22:47Z,checkout_initiated,card_visa,KES,Kenya,gateway_alpha,started,,mobile,Chrome,413.20,1575
ses_0358,evt_002205,2,2026-09-13T03:22:53Z,method_selected,card_visa,KES,Kenya,gateway_alpha,success,,mobile,Chrome,413.20,321
ses_0358,evt_002206,3,2026-09-13T03:22:58Z,details_entered,card_visa,KES,Kenya,gateway_alpha,success,,mobile,Chrome,413.20,1455
ses_0358,evt_002207,4,2026-09-13T03:23:01Z,authorization_requested,card_visa,KES,Kenya,gateway_alpha,submitted,,mobile,Chrome,413.20,875
ses_0358,evt_002208,5,2026-09-13T03:23:13Z,authorization_response,card_visa,KES,Kenya,gateway_alpha,success,,mobile,Chrome,413.20,1703
ses_0358,evt_002209,6,2026-09-13T03:23:17Z,payment_completed,card_visa,KES,Kenya,gateway_alpha,success,,mobile,Chrome,413.20,233
ses_0359,evt_002210,1,2026-09-06T10:56:01Z,checkout_initiated,gcash,PHP,Philippines,wallet_hub,started,,mobile,Chrome,342.88,1351
ses_0359,evt_002211,2,2026-09-06T10:56:09Z,method_selected,gcash,PHP,Philippines,wallet_hub,success,,mobile,Chrome,342.88,786
ses_0359,evt_002212,3,2026-09-06T10:56:17Z,details_entered,gcash,PHP,Philippines,wallet_hub,success,,mobile,Chrome,342.88,1316
ses_0359,evt_002213,4,2026-09-06T10:56:25Z,authorization_requested,gcash,PHP,Philippines,wallet_hub,submitted,,mobile,Chrome,342.88,1428
ses_0359,evt_002214,5,2026-09-06T10:56:32Z,authorization_response,gcash,PHP,Philippines,wallet_hub,success,,mobile,Chrome,342.88,724
ses_0359,evt_002215,6,2026-09-06T10:56:42Z,payment_completed,gcash,PHP,Philippines,wallet_hub,success,,mobile,Chrome,342.88,1779
ses_0360,evt_002216,1,2026-09-08T18:50:09Z,checkout_initiated,gcash,PHP,Philippines,wallet_hub,started,,mobile,Chrome,334.47,1622
ses_0360,evt_002217,2,2026-09-08T18:50:11Z,method_selected,gcash,PHP,Philippines,wallet_hub,success,,mobile,Chrome,334.47,1014
ses_0360,evt_002218,3,2026-09-08T18:50:16Z,details_entered,gcash,PHP,Philippines,wallet_hub,success,,mobile,Chrome,334.47,1584
ses_0360,evt_002219,4,2026-09-08T18:50:24Z,authorization_requested,gcash,PHP,Philippines,wallet_hub,submitted,,mobile,Chrome,334.47,1178
ses_0360,evt_002220,5,2026-09-08T18:50:28Z,authorization_response,gcash,PHP,Philippines,wallet_hub,failed,insufficient_funds,mobile,Chrome,334.47,289
ses_0361,evt_002221,1,2026-09-07T10:18:55Z,checkout_initiated,card_visa,PHP,Philippines,gateway_beta,started,,desktop,Chrome,209.81,248
ses_0361,evt_002222,2,2026-09-07T10:19:01Z,method_selected,card_visa,PHP,Philippines,gateway_beta,success,,desktop,Chrome,209.81,359
ses_0361,evt_002223,3,2026-09-07T10:19:09Z,details_entered,card_visa,PHP,Philippines,gateway_beta,success,,desktop,Chrome,209.81,1522
ses_0361,evt_002224,4,2026-09-07T10:19:12Z,authorization_requested,card_visa,PHP,Philippines,gateway_beta,submitted,,desktop,Chrome,209.81,247
ses_0361,evt_002225,5,2026-09-07T10:19:18Z,3ds_redirect,card_visa,PHP,Philippines,gateway_beta,redirected,,desktop,Chrome,209.81,2249
ses_0361,evt_002226,6,2026-09-07T10:19:28Z,3ds_completed,card_visa,PHP,Philippines,gateway_beta,success,,desktop,Chrome,209.81,1650
ses_0361,evt_002227,7,2026-09-07T10:19:38Z,authorization_response,card_visa,PHP,Philippines,gateway_beta,success,,desktop,Chrome,209.81,1588
ses_0361,evt_002228,8,2026-09-07T10:19:49Z,payment_completed,card_visa,PHP,Philippines,gateway_beta,success,,desktop,Chrome,209.81,1052
ses_0362,evt_002229,1,2026-09-11T03:37:25Z,checkout_initiated,card_mastercard,PHP,Philippines,gateway_alpha,started,,mobile,Chrome,92.62,980
ses_0362,evt_002230,2,2026-09-11T03:37:34Z,method_selected,card_mastercard,PHP,Philippines,gateway_alpha,success,,mobile,Chrome,92.62,1274
ses_0362,evt_002231,3,2026-09-11T03:37:36Z,details_entered,card_mastercard,PHP,Philippines,gateway_alpha,success,,mobile,Chrome,92.62,1389
ses_0362,evt_002232,4,2026-09-11T03:37:45Z,authorization_requested,card_mastercard,PHP,Philippines,gateway_alpha,submitted,,mobile,Chrome,92.62,1292
ses_0362,evt_002233,5,2026-09-11T03:37:48Z,3ds_redirect,card_mastercard,PHP,Philippines,gateway_alpha,redirected,,mobile,Chrome,92.62,1495
ses_0362,evt_002234,6,2026-09-11T03:37:52Z,3ds_completed,card_mastercard,PHP,Philippines,gateway_alpha,success,,mobile,Chrome,92.62,2230
ses_0362,evt_002235,7,2026-09-11T03:37:55Z,authorization_response,card_mastercard,PHP,Philippines,gateway_alpha,success,,mobile,Chrome,92.62,459
ses_0362,evt_002236,8,2026-09-11T03:37:57Z,payment_completed,card_mastercard,PHP,Philippines,gateway_alpha,success,,mobile,Chrome,92.62,1450
ses_0363,evt_002237,1,2026-09-04T07:01:06Z,checkout_initiated,card_visa,SGD,Singapore,gateway_alpha,started,,mobile,Safari,94.87,1625
ses_0363,evt_002238,2,2026-09-04T07:01:14Z,method_selected,card_visa,SGD,Singapore,gateway_alpha,success,,mobile,Safari,94.87,788
ses_0363,evt_002239,3,2026-09-04T07:01:20Z,details_entered,card_visa,SGD,Singapore,gateway_alpha,success,,mobile,Safari,94.87,1642
ses_0363,evt_002240,4,2026-09-04T07:01:24Z,authorization_requested,card_visa,SGD,Singapore,gateway_alpha,submitted,,mobile,Safari,94.87,725
ses_0363,evt_002241,5,2026-09-04T07:01:44Z,3ds_redirect,card_visa,SGD,Singapore,gateway_alpha,redirected,,mobile,Safari,94.87,10537
ses_0363,evt_002242,6,2026-09-04T07:02:01Z,3ds_completed,card_visa,SGD,Singapore,gateway_alpha,abandoned,3ds_abandoned,mobile,Safari,94.87,9752
ses_0364,evt_002243,1,2026-09-02T08:35:18Z,checkout_initiated,card_visa,USD,Cross-border,gateway_alpha,started,,desktop,Chrome,425.61,1791
ses_0364,evt_002244,2,2026-09-02T08:35:29Z,method_selected,card_visa,USD,Cross-border,gateway_alpha,success,,desktop,Chrome,425.61,411
ses_0364,evt_002245,3,2026-09-02T08:35:37Z,details_entered,card_visa,USD,Cross-border,gateway_alpha,success,,desktop,Chrome,425.61,343
ses_0364,evt_002246,4,2026-09-02T08:35:47Z,authorization_requested,card_visa,USD,Cross-border,gateway_alpha,submitted,,desktop,Chrome,425.61,1762
ses_0364,evt_002247,5,2026-09-02T08:36:01Z,3ds_redirect,card_visa,USD,Cross-border,gateway_alpha,redirected,,desktop,Chrome,425.61,4753
ses_0364,evt_002248,6,2026-09-02T08:36:09Z,3ds_completed,card_visa,USD,Cross-border,gateway_alpha,success,,desktop,Chrome,425.61,2389
ses_0364,evt_002249,7,2026-09-02T08:36:11Z,authorization_response,card_visa,USD,Cross-border,gateway_alpha,failed,insufficient_funds,desktop,Chrome,425.61,323
ses_0365,evt_002250,1,2026-09-02T06:41:59Z,checkout_initiated,gcash,PHP,Philippines,wallet_hub,started,,desktop,Chrome,321.21,1363
ses_0365,evt_002251,2,2026-09-02T06:42:09Z,method_selected,gcash,PHP,Philippines,wallet_hub,success,,desktop,Chrome,321.21,676
ses_0365,evt_002252,3,2026-09-02T06:42:11Z,details_entered,gcash,PHP,Philippines,wallet_hub,success,,desktop,Chrome,321.21,587
ses_0365,evt_002253,4,2026-09-02T06:42:17Z,authorization_requested,gcash,PHP,Philippines,wallet_hub,submitted,,desktop,Chrome,321.21,326
ses_0365,evt_002254,5,2026-09-02T06:42:24Z,authorization_response,gcash,PHP,Philippines,wallet_hub,success,,desktop,Chrome,321.21,1050
ses_0365,evt_002255,6,2026-09-02T06:42:28Z,payment_completed,gcash,PHP,Philippines,wallet_hub,success,,desktop,Chrome,321.21,312
ses_0366,evt_002256,1,2026-09-05T16:17:24Z,checkout_initiated,card_mastercard,PHP,Philippines,gateway_beta,started,,desktop,Chrome,430.63,1142
ses_0366,evt_002257,2,2026-09-05T16:17:34Z,method_selected,card_mastercard,PHP,Philippines,gateway_beta,success,,desktop,Chrome,430.63,993
ses_0366,evt_002258,3,2026-09-05T16:17:43Z,details_entered,card_mastercard,PHP,Philippines,gateway_beta,success,,desktop,Chrome,430.63,490
ses_0366,evt_002259,4,2026-09-05T16:17:51Z,authorization_requested,card_mastercard,PHP,Philippines,gateway_beta,submitted,,desktop,Chrome,430.63,331
ses_0366,evt_002260,5,2026-09-05T16:18:06Z,authorization_response,card_mastercard,PHP,Philippines,gateway_beta,failed,timeout,desktop,Chrome,430.63,11021
ses_0367,evt_002261,1,2026-09-11T14:43:37Z,checkout_initiated,card_visa,SGD,Singapore,gateway_beta,started,,mobile,Safari,95.45,478
ses_0367,evt_002262,2,2026-09-11T14:43:42Z,method_selected,card_visa,SGD,Singapore,gateway_beta,success,,mobile,Safari,95.45,513
ses_0367,evt_002263,3,2026-09-11T14:43:46Z,details_entered,card_visa,SGD,Singapore,gateway_beta,success,,mobile,Safari,95.45,1376
ses_0367,evt_002264,4,2026-09-11T14:43:49Z,authorization_requested,card_visa,SGD,Singapore,gateway_beta,submitted,,mobile,Safari,95.45,248
ses_0367,evt_002265,5,2026-09-11T14:44:09Z,3ds_redirect,card_visa,SGD,Singapore,gateway_beta,redirected,,mobile,Safari,95.45,11488
ses_0367,evt_002266,6,2026-09-11T14:44:28Z,3ds_completed,card_visa,SGD,Singapore,gateway_beta,abandoned,3ds_abandoned,mobile,Safari,95.45,8843
ses_0368,evt_002267,1,2026-09-03T13:03:21Z,checkout_initiated,card_visa,USD,Cross-border,gateway_alpha,started,,desktop,Chrome,212.89,1736
ses_0368,evt_002268,2,2026-09-03T13:03:25Z,method_selected,card_visa,USD,Cross-border,gateway_alpha,success,,desktop,Chrome,212.89,970
ses_0368,evt_002269,3,2026-09-03T13:03:28Z,details_entered,card_visa,USD,Cross-border,gateway_alpha,success,,desktop,Chrome,212.89,1673
ses_0368,evt_002270,4,2026-09-03T13:03:31Z,authorization_requested,card_visa,USD,Cross-border,gateway_alpha,submitted,,desktop,Chrome,212.89,949
ses_0368,evt_002271,5,2026-09-03T13:03:51Z,3ds_redirect,card_visa,USD,Cross-border,gateway_alpha,redirected,,desktop,Chrome,212.89,10264
ses_0368,evt_002272,6,2026-09-03T13:04:11Z,3ds_completed,card_visa,USD,Cross-border,gateway_alpha,abandoned,3ds_abandoned,desktop,Chrome,212.89,12839
ses_0369,evt_002273,1,2026-09-14T01:40:21Z,checkout_initiated,card_visa,SGD,Singapore,gateway_alpha,started,,desktop,Chrome,267.75,321
ses_0369,evt_002274,2,2026-09-14T01:40:23Z,method_selected,card_visa,SGD,Singapore,gateway_alpha,success,,desktop,Chrome,267.75,336
ses_0369,evt_002275,3,2026-09-14T01:40:33Z,details_entered,card_visa,SGD,Singapore,gateway_alpha,success,,desktop,Chrome,267.75,791
ses_0369,evt_002276,4,2026-09-14T01:40:38Z,authorization_requested,card_visa,SGD,Singapore,gateway_alpha,submitted,,desktop,Chrome,267.75,619
ses_0369,evt_002277,5,2026-09-14T01:40:43Z,authorization_response,card_visa,SGD,Singapore,gateway_alpha,failed,insufficient_funds,desktop,Chrome,267.75,815
ses_0370,evt_002278,1,2026-09-13T09:42:43Z,checkout_initiated,gcash,PHP,Philippines,wallet_hub,started,,mobile,Firefox,371.12,605
ses_0370,evt_002279,2,2026-09-13T09:42:52Z,method_selected,gcash,PHP,Philippines,wallet_hub,success,,mobile,Firefox,371.12,1382
ses_0370,evt_002280,3,2026-09-13T10:06:52Z,details_entered,gcash,PHP,Philippines,wallet_hub,success,,mobile,Firefox,371.12,847
ses_0370,evt_002281,4,2026-09-13T10:06:57Z,authorization_requested,gcash,PHP,Philippines,wallet_hub,submitted,,mobile,Firefox,371.12,1668
ses_0370,evt_002282,5,2026-09-13T10:07:08Z,authorization_response,gcash,PHP,Philippines,wallet_hub,success,,mobile,Firefox,371.12,362
ses_0370,evt_002283,6,2026-09-13T10:07:11Z,payment_completed,gcash,PHP,Philippines,wallet_hub,success,,mobile,Firefox,371.12,891
ses_0371,evt_002284,1,2026-09-02T21:45:28Z,checkout_initiated,mpesa,KES,Kenya,wallet_hub,started,,mobile,Chrome,12.39,339
ses_0371,evt_002285,2,2026-09-02T21:45:34Z,method_selected,mpesa,KES,Kenya,wallet_hub,success,,mobile,Chrome,12.39,1476
ses_0371,evt_002286,3,2026-09-02T21:45:44Z,details_entered,mpesa,KES,Kenya,wallet_hub,success,,mobile,Chrome,12.39,1348
ses_0371,evt_002287,4,2026-09-02T21:45:53Z,authorization_requested,mpesa,KES,Kenya,wallet_hub,submitted,,mobile,Chrome,12.39,707
ses_0371,evt_002288,5,2026-09-02T21:46:02Z,authorization_response,mpesa,KES,Kenya,wallet_hub,success,,mobile,Chrome,12.39,1131
ses_0371,evt_002289,6,2026-09-02T21:46:11Z,payment_completed,mpesa,KES,Kenya,wallet_hub,success,,mobile,Chrome,12.39,551
ses_0372,evt_002290,1,2026-09-05T02:40:27Z,checkout_initiated,mpesa,KES,Kenya,wallet_hub,started,,desktop,Chrome,380.46,1101
ses_0372,evt_002291,2,2026-09-05T02:40:37Z,method_selected,mpesa,KES,Kenya,wallet_hub,success,,desktop,Chrome,380.46,1474
ses_0372,evt_002292,3,2026-09-05T02:40:41Z,details_entered,mpesa,KES,Kenya,wallet_hub,success,,desktop,Chrome,380.46,590
ses_0372,evt_002293,4,2026-09-05T02:40:48Z,authorization_requested,mpesa,KES,Kenya,wallet_hub,submitted,,desktop,Chrome,380.46,1311
ses_0372,evt_002294,5,2026-09-05T02:40:59Z,authorization_response,mpesa,KES,Kenya,wallet_hub,success,,desktop,Chrome,380.46,1541
ses_0372,evt_002295,6,2026-09-05T02:41:10Z,payment_completed,mpesa,KES,Kenya,wallet_hub,success,,desktop,Chrome,380.46,1369
ses_0373,evt_002296,1,2026-09-07T01:00:21Z,checkout_initiated,gcash,PHP,Philippines,wallet_hub,started,,desktop,Chrome,282.97,619
ses_0373,evt_002297,2,2026-09-07T01:00:27Z,method_selected,gcash,PHP,Philippines,wallet_hub,success,,desktop,Chrome,282.97,1073
ses_0373,evt_002298,3,2026-09-07T01:00:32Z,details_entered,gcash,PHP,Philippines,wallet_hub,success,,desktop,Chrome,282.97,1538
ses_0373,evt_002299,4,2026-09-07T01:00:36Z,authorization_requested,gcash,PHP,Philippines,wallet_hub,submitted,,desktop,Chrome,282.97,1174
ses_0373,evt_002300,5,2026-09-07T01:00:47Z,authorization_response,gcash,PHP,Philippines,wallet_hub,success,,desktop,Chrome,282.97,957
ses_0373,evt_002301,6,2026-09-07T01:00:58Z,payment_completed,gcash,PHP,Philippines,wallet_hub,success,,desktop,Chrome,282.97,1145
ses_0374,evt_002302,1,2026-09-03T18:03:36Z,checkout_initiated,card_visa,PHP,Philippines,gateway_alpha,started,,desktop,Chrome,56.28,944
ses_0374,evt_002303,2,2026-09-03T18:03:40Z,method_selected,card_visa,PHP,Philippines,gateway_alpha,success,,desktop,Chrome,56.28,1392
ses_0374,evt_002304,3,2026-09-03T18:03:43Z,details_entered,card_visa,PHP,Philippines,gateway_alpha,success,,desktop,Chrome,56.28,898
ses_0374,evt_002305,4,2026-09-03T18:03:45Z,authorization_requested,card_visa,PHP,Philippines,gateway_alpha,submitted,,desktop,Chrome,56.28,734
ses_0374,evt_002306,5,2026-09-03T18:04:03Z,3ds_redirect,card_visa,PHP,Philippines,gateway_alpha,redirected,,desktop,Chrome,56.28,10884
ses_0374,evt_002307,6,2026-09-03T18:04:16Z,3ds_completed,card_visa,PHP,Philippines,gateway_alpha,abandoned,3ds_abandoned,desktop,Chrome,56.28,9631
ses_0375,evt_002308,1,2026-09-09T04:58:06Z,checkout_initiated,gcash,USD,Cross-border,wallet_hub,started,,desktop,Safari,158.58,1781
ses_0375,evt_002309,2,2026-09-09T04:58:09Z,method_selected,gcash,USD,Cross-border,wallet_hub,success,,desktop,Safari,158.58,407
ses_0375,evt_002310,3,2026-09-09T04:58:16Z,details_entered,gcash,USD,Cross-border,wallet_hub,success,,desktop,Safari,158.58,1493
ses_0375,evt_002311,4,2026-09-09T04:58:22Z,authorization_requested,gcash,USD,Cross-border,wallet_hub,submitted,,desktop,Safari,158.58,1613
ses_0375,evt_002312,5,2026-09-09T04:58:31Z,authorization_response,gcash,USD,Cross-border,wallet_hub,success,,desktop,Safari,158.58,985
ses_0375,evt_002313,6,2026-09-09T04:58:38Z,payment_completed,gcash,USD,Cross-border,wallet_hub,success,,desktop,Safari,158.58,376
ses_0376,evt_002314,1,2026-09-04T06:34:21Z,checkout_initiated,card_mastercard,SGD,Singapore,gateway_alpha,started,,desktop,Chrome,120.85,1727
ses_0376,evt_002315,2,2026-09-04T06:34:32Z,method_selected,card_mastercard,SGD,Singapore,gateway_alpha,success,,desktop,Chrome,120.85,887
ses_0376,evt_002316,3,2026-09-04T06:34:39Z,details_entered,card_mastercard,SGD,Singapore,gateway_alpha,success,,desktop,Chrome,120.85,537
ses_0376,evt_002317,4,2026-09-04T06:34:50Z,authorization_requested,card_mastercard,SGD,Singapore,gateway_alpha,submitted,,desktop,Chrome,120.85,791
ses_0376,evt_002318,5,2026-09-04T06:35:01Z,authorization_response,card_mastercard,SGD,Singapore,gateway_alpha,failed,fraud_suspected,desktop,Chrome,120.85,1346
ses_0377,evt_002319,1,2026-09-06T11:35:00Z,checkout_initiated,card_visa,SGD,Singapore,gateway_beta,started,,mobile,Chrome,403.26,928
ses_0377,evt_002320,2,2026-09-06T11:35:08Z,method_selected,card_visa,SGD,Singapore,gateway_beta,success,,mobile,Chrome,403.26,1776
ses_0377,evt_002321,3,2026-09-06T11:31:10Z,details_entered,card_visa,SGD,Singapore,gateway_beta,success,,mobile,Chrome,403.26,869
ses_0377,evt_002322,4,2026-09-06T11:35:14Z,authorization_requested,card_visa,SGD,Singapore,gateway_beta,submitted,,mobile,Chrome,403.26,996
ses_0377,evt_002323,5,2026-09-06T11:35:29Z,3ds_redirect,card_visa,SGD,Singapore,gateway_beta,redirected,,mobile,Chrome,403.26,11407
ses_0377,evt_002324,6,2026-09-06T11:35:44Z,3ds_completed,card_visa,SGD,Singapore,gateway_beta,abandoned,3ds_abandoned,mobile,Chrome,403.26,6537
ses_0378,evt_002325,1,2026-09-13T14:19:06Z,checkout_initiated,card_visa,KES,Kenya,gateway_alpha,started,,mobile,Edge,201.91,1100
ses_0378,evt_002326,2,2026-09-13T14:19:12Z,method_selected,card_visa,KES,Kenya,gateway_alpha,success,,mobile,Edge,201.91,1366
ses_0378,evt_002327,3,2026-09-13T14:19:21Z,details_entered,card_visa,KES,Kenya,gateway_alpha,success,,mobile,Edge,201.91,1010
ses_0378,evt_002328,4,2026-09-13T14:19:23Z,authorization_requested,card_visa,KES,Kenya,gateway_alpha,submitted,,mobile,Edge,201.91,898
ses_0378,evt_002329,5,2026-09-13T14:19:32Z,authorization_response,card_visa,KES,Kenya,gateway_alpha,success,,mobile,Edge,201.91,612
ses_0378,evt_002330,6,2026-09-13T14:19:42Z,payment_completed,card_visa,KES,Kenya,gateway_alpha,success,,mobile,Edge,201.91,502
ses_0379,evt_002331,1,2026-09-01T16:03:36Z,checkout_initiated,card_mastercard,KES,Kenya,gateway_alpha,started,,desktop,Chrome,201.85,691
ses_0379,evt_002332,2,2026-09-01T16:03:38Z,method_selected,card_mastercard,KES,Kenya,gateway_alpha,success,,desktop,Chrome,201.85,539
ses_0379,evt_002333,3,2026-09-01T16:03:46Z,details_entered,card_mastercard,KES,Kenya,gateway_alpha,success,,desktop,Chrome,201.85,1128
ses_0379,evt_002334,4,2026-09-01T16:03:49Z,authorization_requested,card_mastercard,KES,Kenya,gateway_alpha,submitted,,desktop,Chrome,201.85,1742
ses_0379,evt_002335,5,2026-09-01T16:04:02Z,3ds_redirect,card_mastercard,KES,Kenya,gateway_alpha,redirected,,desktop,Chrome,201.85,4720
ses_0379,evt_002336,6,2026-09-01T16:04:17Z,3ds_completed,card_mastercard,KES,Kenya,gateway_alpha,success,,desktop,Chrome,201.85,4829
ses_0379,evt_002337,7,2026-09-01T16:04:21Z,authorization_response,card_mastercard,KES,Kenya,gateway_alpha,failed,insufficient_funds,desktop,Chrome,201.85,1768
ses_0380,evt_002338,1,2026-09-01T14:41:22Z,checkout_initiated,card_visa,PHP,Philippines,gateway_alpha,started,,mobile,Firefox,373.45,1646
ses_0380,evt_002339,2,2026-09-01T14:41:28Z,method_selected,card_visa,PHP,Philippines,gateway_alpha,success,,mobile,Firefox,373.45,355
ses_0380,evt_002340,3,2026-09-01T14:41:33Z,details_entered,card_visa,PHP,Philippines,gateway_alpha,success,,mobile,Firefox,373.45,816
ses_0380,evt_002341,4,2026-09-01T14:41:42Z,authorization_requested,card_visa,PHP,Philippines,gateway_alpha,submitted,,mobile,Firefox,373.45,575
ses_0380,evt_002342,5,2026-09-01T14:41:50Z,3ds_redirect,card_visa,PHP,Philippines,gateway_alpha,redirected,,mobile,Firefox,373.45,3785
ses_0380,evt_002343,6,2026-09-01T14:41:54Z,3ds_completed,card_visa,PHP,Philippines,gateway_alpha,success,,mobile,Firefox,373.45,2102
ses_0380,evt_002344,7,2026-09-01T14:41:59Z,authorization_response,card_visa,PHP,Philippines,gateway_alpha,success,,mobile,Firefox,373.45,880
ses_0380,evt_002345,8,2026-09-01T14:42:04Z,payment_completed,card_visa,PHP,Philippines,gateway_alpha,success,,mobile,Firefox,373.45,1676
ses_0381,evt_002346,1,2026-09-01T05:49:35Z,checkout_initiated,mpesa,USD,Cross-border,wallet_hub,started,,mobile,Safari,34.58,1472
ses_0381,evt_002347,2,2026-09-01T05:49:39Z,method_selected,mpesa,USD,Cross-border,wallet_hub,success,,mobile,Safari,34.58,605
ses_0381,evt_002348,3,2026-09-01T05:49:41Z,details_entered,mpesa,USD,Cross-border,wallet_hub,success,,mobile,Safari,34.58,1116
ses_0381,evt_002349,4,2026-09-01T05:49:48Z,authorization_requested,mpesa,USD,Cross-border,wallet_hub,submitted,,mobile,Safari,34.58,1527
ses_0381,evt_002350,5,2026-09-01T05:49:58Z,authorization_response,mpesa,USD,Cross-border,wallet_hub,success,,mobile,Safari,34.58,1074
ses_0381,evt_002351,6,2026-09-01T05:50:10Z,payment_completed,mpesa,USD,Cross-border,wallet_hub,success,,mobile,Safari,34.58,1787
ses_0382,evt_002352,1,2026-09-01T17:53:55Z,checkout_initiated,card_visa,KES,Kenya,gateway_beta,started,,mobile,Safari,62.21,298
ses_0382,evt_002353,2,2026-09-01T17:54:05Z,method_selected,card_visa,KES,Kenya,gateway_beta,success,,mobile,Safari,62.21,392
ses_0382,evt_002354,3,2026-09-01T17:54:15Z,details_entered,card_visa,KES,Kenya,gateway_beta,abandoned,,mobile,Safari,62.21,259
ses_0383,evt_002355,1,2026-09-11T20:49:26Z,checkout_initiated,card_mastercard,PHP,Philippines,gateway_beta,started,,mobile,Chrome,428.86,719
ses_0383,evt_002356,2,2026-09-11T20:49:29Z,method_selected,card_mastercard,PHP,Philippines,gateway_beta,success,,mobile,Chrome,428.86,489
ses_0383,evt_002357,3,2026-09-11T20:49:36Z,details_entered,card_mastercard,PHP,Philippines,gateway_beta,success,,mobile,Chrome,428.86,536
ses_0383,evt_002358,4,2026-09-11T20:49:40Z,authorization_requested,card_mastercard,PHP,Philippines,gateway_beta,submitted,,mobile,Chrome,428.86,1317
ses_0383,evt_002359,5,2026-09-11T20:49:59Z,3ds_redirect,card_mastercard,PHP,Philippines,gateway_beta,redirected,,mobile,Chrome,428.86,10102
ses_0383,evt_002360,6,2026-09-11T20:50:13Z,3ds_completed,card_mastercard,PHP,Philippines,gateway_beta,abandoned,3ds_abandoned,mobile,Chrome,428.86,8443
ses_0384,evt_002361,1,2026-09-03T11:30:13Z,checkout_initiated,bnpl_atome,SGD,Singapore,bnpl_connect,started,,mobile,Chrome,457.23,779
ses_0384,evt_002362,2,2026-09-03T11:30:19Z,method_selected,bnpl_atome,SGD,Singapore,bnpl_connect,success,,mobile,Chrome,457.23,832
ses_0384,evt_002363,3,2026-09-03T11:30:21Z,details_entered,bnpl_atome,SGD,Singapore,bnpl_connect,success,,mobile,Chrome,457.23,1156
ses_0384,evt_002364,4,2026-09-03T11:30:32Z,authorization_requested,bnpl_atome,SGD,Singapore,bnpl_connect,submitted,,mobile,Chrome,457.23,1762
ses_0384,evt_002365,5,2026-09-03T11:30:39Z,authorization_response,bnpl_atome,SGD,Singapore,bnpl_connect,success,,mobile,Chrome,457.23,1509
ses_0384,evt_002366,6,2026-09-03T11:30:44Z,payment_completed,bnpl_atome,SGD,Singapore,bnpl_connect,success,,mobile,Chrome,457.23,565
ses_0385,evt_002367,1,2026-09-11T00:10:28Z,checkout_initiated,mpesa,KES,Kenya,wallet_hub,started,,mobile,Chrome,70.26,671
ses_0385,evt_002368,2,2026-09-11T00:10:32Z,method_selected,mpesa,KES,Kenya,wallet_hub,success,,mobile,Chrome,70.26,1632
ses_0385,evt_002369,3,2026-09-11T00:10:39Z,details_entered,mpesa,KES,Kenya,wallet_hub,success,,mobile,Chrome,70.26,1398
ses_0385,evt_002370,4,2026-09-11T00:10:50Z,authorization_requested,mpesa,KES,Kenya,wallet_hub,submitted,,mobile,Chrome,70.26,1773
ses_0385,evt_002371,5,2026-09-11T00:10:52Z,authorization_response,mpesa,KES,Kenya,wallet_hub,success,,mobile,Chrome,70.26,551
ses_0385,evt_002372,6,2026-09-11T00:11:00Z,payment_completed,mpesa,KES,Kenya,wallet_hub,success,,mobile,Chrome,70.26,348
ses_0386,evt_002373,1,2026-09-04T11:46:16Z,checkout_initiated,bank_transfer_local,PHP,Philippines,bank_rail,started,,mobile,Chrome,248.03,647
ses_0386,evt_002374,2,2026-09-04T11:46:24Z,method_selected,bank_transfer_local,PHP,Philippines,bank_rail,success,,mobile,Chrome,248.03,515
ses_0386,evt_002375,3,2026-09-04T11:46:26Z,details_entered,bank_transfer_local,PHP,Philippines,bank_rail,success,,mobile,Chrome,248.03,500
ses_0386,evt_002376,4,2026-09-04T11:46:36Z,authorization_requested,bank_transfer_local,PHP,Philippines,bank_rail,submitted,,mobile,Chrome,248.03,710
ses_0386,evt_002377,5,2026-09-04T11:46:48Z,authorization_response,bank_transfer_local,PHP,Philippines,bank_rail,success,,mobile,Chrome,248.03,1707
ses_0386,evt_002378,6,2026-09-04T11:46:57Z,payment_completed,bank_transfer_local,PHP,Philippines,bank_rail,success,,mobile,Chrome,248.03,713
ses_0387,evt_002379,1,2026-09-01T20:42:14Z,checkout_initiated,card_mastercard,SGD,Singapore,gateway_alpha,started,,mobile,Chrome,99.70,474
ses_0387,evt_002380,2,2026-09-01T20:42:19Z,method_selected,card_mastercard,SGD,Singapore,gateway_alpha,success,,mobile,Chrome,99.70,1551
ses_0387,evt_002381,3,2026-09-01T20:42:27Z,details_entered,card_mastercard,SGD,Singapore,gateway_alpha,success,,mobile,Chrome,99.70,1574
ses_0387,evt_002382,4,2026-09-01T20:42:32Z,authorization_requested,card_mastercard,SGD,Singapore,gateway_alpha,submitted,,mobile,Chrome,99.70,947
ses_0387,evt_002383,5,2026-09-01T20:42:37Z,3ds_redirect,card_mastercard,SGD,Singapore,gateway_alpha,redirected,,mobile,Chrome,99.70,3398
ses_0387,evt_002384,6,2026-09-01T20:42:46Z,3ds_completed,card_mastercard,SGD,Singapore,gateway_alpha,success,,mobile,Chrome,99.70,3770
ses_0387,evt_002385,7,2026-09-01T20:42:49Z,authorization_response,card_mastercard,SGD,Singapore,gateway_alpha,success,,mobile,Chrome,99.70,579
ses_0387,evt_002386,8,2026-09-01T20:42:55Z,payment_completed,card_mastercard,SGD,Singapore,gateway_alpha,success,,mobile,Chrome,99.70,1187
ses_0388,evt_002387,1,2026-09-06T13:53:30Z,checkout_initiated,mpesa,KES,Kenya,wallet_hub,started,,mobile,Chrome,476.27,890
ses_0388,evt_002388,2,2026-09-06T13:53:41Z,method_selected,mpesa,KES,Kenya,wallet_hub,success,,mobile,Chrome,476.27,1439
ses_0388,evt_002389,3,2026-09-06T13:53:52Z,details_entered,mpesa,KES,Kenya,wallet_hub,success,,mobile,Chrome,476.27,657
ses_0388,evt_002390,4,2026-09-06T13:54:04Z,authorization_requested,mpesa,KES,Kenya,wallet_hub,submitted,,mobile,Chrome,476.27,1684
ses_0388,evt_002391,5,2026-09-06T13:54:08Z,authorization_response,mpesa,KES,Kenya,wallet_hub,success,,mobile,Chrome,476.27,332
ses_0388,evt_002392,6,2026-09-06T13:54:17Z,payment_completed,mpesa,KES,Kenya,wallet_hub,success,,mobile,Chrome,476.27,902
ses_0389,evt_002393,1,2026-09-11T19:43:28Z,checkout_initiated,bnpl_atome,PHP,Philippines,bnpl_connect,started,,mobile,Edge,446.33,665
ses_0389,evt_002394,2,2026-09-11T19:43:36Z,method_selected,bnpl_atome,PHP,Philippines,bnpl_connect,success,,mobile,Edge,446.33,1624
ses_0389,evt_002395,3,2026-09-11T19:43:42Z,details_entered,bnpl_atome,PHP,Philippines,bnpl_connect,success,,mobile,Edge,446.33,1089
ses_0389,evt_002396,4,2026-09-11T19:43:52Z,authorization_requested,bnpl_atome,PHP,Philippines,bnpl_connect,submitted,,mobile,Edge,446.33,581
ses_0389,evt_002397,5,2026-09-11T19:44:03Z,authorization_response,bnpl_atome,PHP,Philippines,bnpl_connect,success,,mobile,Edge,446.33,597
ses_0389,evt_002398,6,2026-09-11T19:44:06Z,payment_completed,bnpl_atome,PHP,Philippines,bnpl_connect,success,,mobile,Edge,446.33,923
ses_0390,evt_002399,1,2026-09-06T03:53:06Z,checkout_initiated,card_mastercard,PHP,Philippines,gateway_alpha,started,,desktop,Chrome,92.66,195
ses_0390,evt_002400,2,2026-09-06T03:53:15Z,method_selected,card_mastercard,PHP,Philippines,gateway_alpha,success,,desktop,Chrome,92.66,267
ses_0390,evt_002401,3,2026-09-06T03:53:18Z,details_entered,card_mastercard,PHP,Philippines,gateway_alpha,success,,desktop,Chrome,92.66,754
ses_0390,evt_002402,4,2026-09-06T03:53:26Z,authorization_requested,card_mastercard,PHP,Philippines,gateway_alpha,submitted,,desktop,Chrome,92.66,278
ses_0390,evt_002403,5,2026-09-06T03:53:38Z,3ds_redirect,card_mastercard,PHP,Philippines,gateway_alpha,redirected,,desktop,Chrome,92.66,4693
ses_0390,evt_002404,6,2026-09-06T03:53:43Z,3ds_completed,card_mastercard,PHP,Philippines,gateway_alpha,success,,desktop,Chrome,92.66,3076
ses_0390,evt_002405,7,2026-09-06T03:53:49Z,authorization_response,card_mastercard,PHP,Philippines,gateway_alpha,success,,desktop,Chrome,92.66,751
ses_0390,evt_002406,8,2026-09-06T03:53:57Z,payment_completed,card_mastercard,PHP,Philippines,gateway_alpha,success,,desktop,Chrome,92.66,371
ses_0391,evt_002407,1,2026-09-12T12:57:48Z,checkout_initiated,card_visa,SGD,Singapore,gateway_beta,started,,mobile,Chrome,135.96,1412
ses_0391,evt_002408,2,2026-09-12T12:57:53Z,method_selected,card_visa,SGD,Singapore,gateway_beta,success,,mobile,Chrome,135.96,1114
ses_0391,evt_002409,3,2026-09-12T12:58:05Z,details_entered,card_visa,SGD,Singapore,gateway_beta,success,,mobile,Chrome,135.96,1531
ses_0391,evt_002410,4,2026-09-12T12:58:15Z,authorization_requested,card_visa,SGD,Singapore,gateway_beta,submitted,,mobile,Chrome,135.96,526
ses_0391,evt_002411,5,2026-09-12T12:58:21Z,authorization_response,card_visa,SGD,Singapore,gateway_beta,success,,mobile,Chrome,135.96,844
ses_0391,evt_002412,6,2026-09-12T12:58:32Z,payment_completed,card_visa,SGD,Singapore,gateway_beta,success,,mobile,Chrome,135.96,1412
ses_0392,evt_002413,1,2026-09-09T13:59:33Z,checkout_initiated,card_mastercard,USD,Cross-border,gateway_alpha,started,,mobile,Safari,393.50,1618
ses_0392,evt_002414,2,2026-09-09T13:59:43Z,method_selected,card_mastercard,USD,Cross-border,gateway_alpha,success,,mobile,Safari,393.50,488
ses_0392,evt_002415,3,2026-09-09T13:59:49Z,details_entered,card_mastercard,USD,Cross-border,gateway_alpha,success,,mobile,Safari,393.50,968
ses_0392,evt_002416,4,2026-09-09T13:59:58Z,authorization_requested,card_mastercard,USD,Cross-border,gateway_alpha,submitted,,mobile,Safari,393.50,1782
ses_0392,evt_002417,5,2026-09-09T14:00:05Z,authorization_response,card_mastercard,USD,Cross-border,gateway_alpha,success,,mobile,Safari,393.50,1757
ses_0392,evt_002418,6,2026-09-09T14:00:16Z,payment_completed,card_mastercard,USD,Cross-border,gateway_alpha,success,,mobile,Safari,393.50,1166
ses_0393,evt_002419,1,2026-09-08T14:09:07Z,checkout_initiated,card_mastercard,USD,Cross-border,gateway_alpha,started,,desktop,Chrome,121.20,1361
ses_0393,evt_002420,2,2026-09-08T14:09:19Z,method_selected,card_mastercard,USD,Cross-border,gateway_alpha,success,,desktop,Chrome,121.20,1606
ses_0393,evt_002421,3,2026-09-08T14:09:26Z,details_entered,card_mastercard,USD,Cross-border,gateway_alpha,success,,desktop,Chrome,121.20,1140
ses_0393,evt_002422,4,2026-09-08T14:09:35Z,authorization_requested,card_mastercard,USD,Cross-border,gateway_alpha,submitted,,desktop,Chrome,121.20,364
ses_0393,evt_002423,5,2026-09-08T14:09:42Z,authorization_response,card_mastercard,USD,Cross-border,gateway_alpha,success,,desktop,Chrome,121.20,734
ses_0393,evt_002424,6,2026-09-08T14:09:45Z,payment_completed,card_mastercard,USD,Cross-border,gateway_alpha,success,,desktop,Chrome,121.20,634
ses_0394,evt_002425,1,2026-09-08T15:37:09Z,checkout_initiated,mpesa,KES,Kenya,wallet_hub,started,,desktop,Firefox,72.19,639
ses_0394,evt_002426,2,2026-09-08T15:37:17Z,method_selected,mpesa,KES,Kenya,wallet_hub,success,,desktop,Firefox,72.19,1678
ses_0394,evt_002427,3,2026-09-08T15:37:26Z,details_entered,mpesa,KES,Kenya,wallet_hub,success,,desktop,Firefox,72.19,996
ses_0394,evt_002428,4,2026-09-08T15:37:34Z,authorization_requested,mpesa,KES,Kenya,wallet_hub,submitted,,desktop,Firefox,72.19,682
ses_0394,evt_002429,5,2026-09-08T15:37:39Z,authorization_response,mpesa,KES,Kenya,wallet_hub,failed,invalid_card,desktop,Firefox,72.19,1347
ses_0395,evt_002430,1,2026-09-14T07:27:17Z,checkout_initiated,bank_transfer_local,SGD,Singapore,bank_rail,started,,mobile,Safari,326.89,1770
ses_0395,evt_002431,2,2026-09-14T07:27:20Z,method_selected,bank_transfer_local,SGD,Singapore,bank_rail,success,,mobile,Safari,326.89,484
ses_0395,evt_002432,3,2026-09-14T07:27:25Z,details_entered,bank_transfer_local,SGD,Singapore,bank_rail,success,,mobile,Safari,326.89,1003
ses_0395,evt_002433,4,2026-09-14T07:27:27Z,authorization_requested,bank_transfer_local,SGD,Singapore,bank_rail,submitted,,mobile,Safari,326.89,976
ses_0395,evt_002434,5,2026-09-14T07:27:35Z,authorization_response,bank_transfer_local,SGD,Singapore,bank_rail,failed,insufficient_funds,mobile,Safari,326.89,759
ses_0396,evt_002435,1,2026-09-02T19:20:26Z,checkout_initiated,bank_transfer_local,PHP,Philippines,bank_rail,started,,mobile,Chrome,157.27,496
ses_0396,evt_002436,2,2026-09-02T19:20:37Z,method_selected,bank_transfer_local,PHP,Philippines,bank_rail,success,,mobile,Chrome,157.27,1027
ses_0396,evt_002437,3,2026-09-02T19:20:39Z,details_entered,bank_transfer_local,PHP,Philippines,bank_rail,success,,mobile,Chrome,157.27,1047
ses_0396,evt_002438,4,2026-09-02T19:20:47Z,authorization_requested,bank_transfer_local,PHP,Philippines,bank_rail,submitted,,mobile,Chrome,157.27,1418
ses_0396,evt_002439,5,2026-09-02T19:20:53Z,authorization_response,bank_transfer_local,PHP,Philippines,bank_rail,pending,,mobile,Chrome,157.27,571
ses_0397,evt_002440,1,2026-09-12T04:51:36Z,checkout_initiated,gcash,PHP,Philippines,wallet_hub,started,,desktop,Chrome,232.51,1245
ses_0397,evt_002441,2,2026-09-12T04:51:44Z,method_selected,gcash,PHP,Philippines,wallet_hub,success,,desktop,Chrome,232.51,1033
ses_0397,evt_002442,3,2026-09-12T04:51:47Z,details_entered,gcash,PHP,Philippines,wallet_hub,success,,desktop,Chrome,232.51,1482
ses_0397,evt_002443,4,2026-09-12T04:51:54Z,authorization_requested,gcash,PHP,Philippines,wallet_hub,submitted,,desktop,Chrome,232.51,545
ses_0397,evt_002444,5,2026-09-12T04:51:57Z,authorization_response,gcash,PHP,Philippines,wallet_hub,success,,desktop,Chrome,232.51,845
ses_0397,evt_002445,6,2026-09-12T04:52:03Z,payment_completed,gcash,PHP,Philippines,wallet_hub,success,,desktop,Chrome,232.51,298
ses_0397,evt_002446,5,2026-09-12T04:51:57Z,authorization_response,gcash,PHP,Philippines,wallet_hub,success,,desktop,Chrome,232.51,845
ses_0398,evt_002447,1,2026-09-08T16:40:49Z,checkout_initiated,bnpl_atome,SGD,Singapore,bnpl_connect,started,,mobile,Chrome,476.48,257
ses_0398,evt_002448,2,2026-09-08T16:40:54Z,method_selected,bnpl_atome,SGD,Singapore,bnpl_connect,success,,mobile,Chrome,476.48,1639
ses_0398,evt_002449,3,2026-09-08T16:40:57Z,details_entered,bnpl_atome,SGD,Singapore,bnpl_connect,success,,mobile,Chrome,476.48,1360
ses_0398,evt_002450,4,2026-09-08T16:40:59Z,authorization_requested,bnpl_atome,SGD,Singapore,bnpl_connect,submitted,,mobile,Chrome,476.48,977
ses_0398,evt_002451,5,2026-09-08T16:41:06Z,authorization_response,bnpl_atome,SGD,Singapore,bnpl_connect,success,,mobile,Chrome,476.48,723
ses_0398,evt_002452,6,2026-09-08T16:41:08Z,payment_completed,bnpl_atome,SGD,Singapore,bnpl_connect,success,,mobile,Chrome,476.48,1239
ses_0399,evt_002453,1,2026-09-08T05:49:46Z,checkout_initiated,bnpl_atome,PHP,Philippines,bnpl_connect,started,,desktop,Chrome,360.55,1199
ses_0399,evt_002454,2,2026-09-08T05:49:54Z,method_selected,bnpl_atome,PHP,Philippines,bnpl_connect,success,,desktop,Chrome,360.55,478
ses_0399,evt_002455,3,2026-09-08T05:50:00Z,details_entered,bnpl_atome,PHP,Philippines,bnpl_connect,success,,desktop,Chrome,360.55,1098
ses_0399,evt_002456,4,2026-09-08T05:50:03Z,authorization_requested,bnpl_atome,PHP,Philippines,bnpl_connect,submitted,,desktop,Chrome,360.55,555
ses_0399,evt_002457,5,2026-09-08T05:50:07Z,authorization_response,bnpl_atome,PHP,Philippines,bnpl_connect,failed,insufficient_funds,desktop,Chrome,360.55,491
ses_0400,evt_002458,1,2026-09-08T21:37:31Z,checkout_initiated,gcash,PHP,Philippines,wallet_hub,started,,desktop,Safari,459.27,1563
ses_0400,evt_002459,2,2026-09-08T21:37:41Z,method_selected,gcash,PHP,Philippines,wallet_hub,success,,desktop,Safari,459.27,1720
ses_0400,evt_002460,3,2026-09-08T21:37:49Z,details_entered,gcash,PHP,Philippines,wallet_hub,success,,desktop,Safari,459.27,902
ses_0400,evt_002461,4,2026-09-08T21:37:54Z,authorization_requested,gcash,PHP,Philippines,wallet_hub,submitted,,desktop,Safari,459.27,1231
ses_0400,evt_002462,5,2026-09-08T21:38:02Z,authorization_response,gcash,PHP,Philippines,wallet_hub,success,,desktop,Safari,459.27,966
ses_0400,evt_002463,6,2026-09-08T21:38:10Z,payment_completed,gcash,PHP,Philippines,wallet_hub,success,,desktop,Safari,459.27,236
ses_0401,evt_002464,1,2026-09-05T03:45:00Z,checkout_initiated,card_visa,PHP,Philippines,gateway_alpha,started,,mobile,Safari,313.67,748
ses_0401,evt_002465,2,2026-09-05T03:45:10Z,method_selected,card_visa,PHP,Philippines,gateway_alpha,success,,mobile,Safari,313.67,1305
ses_0401,evt_002466,3,2026-09-05T03:41:17Z,details_entered,card_visa,PHP,Philippines,gateway_alpha,success,,mobile,Safari,313.67,456
ses_0401,evt_002467,4,2026-09-05T03:45:26Z,authorization_requested,card_visa,PHP,Philippines,gateway_alpha,submitted,,mobile,Safari,313.67,1194
ses_0401,evt_002468,5,2026-09-05T03:45:47Z,3ds_redirect,card_visa,PHP,Philippines,gateway_alpha,redirected,,mobile,Safari,313.67,12522
ses_0401,evt_002469,6,2026-09-05T03:46:07Z,3ds_completed,card_visa,PHP,Philippines,gateway_alpha,abandoned,3ds_abandoned,mobile,Safari,313.67,10374
ses_0402,evt_002470,1,2026-09-02T19:02:28Z,checkout_initiated,mpesa,KES,Kenya,wallet_hub,started,,mobile,Chrome,131.85,489
ses_0402,evt_002471,2,2026-09-02T19:02:38Z,method_selected,mpesa,KES,Kenya,wallet_hub,success,,mobile,Chrome,131.85,385
ses_0402,evt_002472,3,2026-09-02T19:02:40Z,details_entered,mpesa,KES,Kenya,wallet_hub,success,,mobile,Chrome,131.85,795
ses_0402,evt_002473,4,2026-09-02T19:02:50Z,authorization_requested,mpesa,KES,Kenya,wallet_hub,submitted,,mobile,Chrome,131.85,960
ses_0402,evt_002474,5,2026-09-02T19:03:01Z,authorization_response,mpesa,KES,Kenya,wallet_hub,success,,mobile,Chrome,131.85,1272
ses_0402,evt_002475,6,2026-09-02T19:03:09Z,payment_completed,mpesa,KES,Kenya,wallet_hub,success,,mobile,Chrome,131.85,814
ses_0403,evt_002476,1,2026-09-04T22:06:42Z,checkout_initiated,card_visa,SGD,Singapore,gateway_alpha,started,,mobile,Chrome,314.42,1191
ses_0403,evt_002477,2,2026-09-04T22:06:44Z,method_selected,card_visa,SGD,Singapore,gateway_alpha,success,,mobile,Chrome,314.42,658
ses_0403,evt_002478,3,2026-09-04T22:06:54Z,details_entered,card_visa,SGD,Singapore,gateway_alpha,success,,mobile,Chrome,314.42,1273
ses_0403,evt_002479,4,2026-09-04T22:06:57Z,authorization_requested,card_visa,SGD,Singapore,gateway_alpha,submitted,,mobile,Chrome,314.42,982
ses_0403,evt_002480,5,2026-09-04T22:07:06Z,3ds_redirect,card_visa,SGD,Singapore,gateway_alpha,redirected,,mobile,Chrome,314.42,7699
ses_0403,evt_002481,6,2026-09-04T22:07:21Z,3ds_completed,card_visa,SGD,Singapore,gateway_alpha,abandoned,3ds_abandoned,mobile,Chrome,314.42,10059
ses_0404,evt_002482,1,2026-09-12T22:31:14Z,checkout_initiated,mpesa,KES,Kenya,wallet_hub,started,,mobile,Safari,140.42,1048
ses_0404,evt_002483,2,2026-09-12T22:31:20Z,method_selected,mpesa,KES,Kenya,wallet_hub,success,,mobile,Safari,140.42,1661
ses_0404,evt_002484,3,2026-09-12T22:31:26Z,details_entered,mpesa,KES,Kenya,wallet_hub,success,,mobile,Safari,140.42,1630
ses_0404,evt_002485,4,2026-09-12T22:31:36Z,authorization_requested,mpesa,KES,Kenya,wallet_hub,submitted,,mobile,Safari,140.42,959
ses_0404,evt_002486,5,2026-09-12T22:31:41Z,authorization_response,mpesa,KES,Kenya,wallet_hub,success,,mobile,Safari,140.42,1420
ses_0404,evt_002487,6,2026-09-12T22:31:46Z,payment_completed,mpesa,KES,Kenya,wallet_hub,success,,mobile,Safari,140.42,577
ses_0405,evt_002488,1,2026-09-03T14:48:32Z,checkout_initiated,card_mastercard,PHP,Philippines,gateway_beta,started,,mobile,Chrome,235.26,838
ses_0405,evt_002489,2,2026-09-03T14:48:35Z,method_selected,card_mastercard,PHP,Philippines,gateway_beta,success,,mobile,Chrome,235.26,196
ses_0405,evt_002490,3,2026-09-03T14:48:40Z,details_entered,card_mastercard,PHP,Philippines,gateway_beta,success,,mobile,Chrome,235.26,1418
ses_0405,evt_002491,4,2026-09-03T14:48:45Z,authorization_requested,card_mastercard,PHP,Philippines,gateway_beta,submitted,,mobile,Chrome,235.26,343
ses_0405,evt_002492,5,2026-09-03T14:48:48Z,3ds_redirect,card_mastercard,PHP,Philippines,gateway_beta,redirected,,mobile,Chrome,235.26,1329
ses_0405,evt_002493,6,2026-09-03T14:48:55Z,3ds_completed,card_mastercard,PHP,Philippines,gateway_beta,success,,mobile,Chrome,235.26,4037
ses_0405,evt_002494,7,2026-09-03T14:49:00Z,authorization_response,card_mastercard,PHP,Philippines,gateway_beta,success,,mobile,Chrome,235.26,198
ses_0405,evt_002495,8,2026-09-03T14:49:05Z,payment_completed,card_mastercard,PHP,Philippines,gateway_beta,success,,mobile,Chrome,235.26,618
ses_0406,evt_002496,1,2026-09-03T10:02:59Z,checkout_initiated,card_mastercard,KES,Kenya,gateway_beta,started,,mobile,Chrome,11.14,960
ses_0406,evt_002497,2,2026-09-03T10:03:03Z,method_selected,card_mastercard,KES,Kenya,gateway_beta,success,,mobile,Chrome,11.14,218
ses_0406,evt_002498,3,2026-09-03T10:03:08Z,details_entered,card_mastercard,KES,Kenya,gateway_beta,success,,mobile,Chrome,11.14,683
ses_0406,evt_002499,4,2026-09-03T10:03:11Z,authorization_requested,card_mastercard,KES,Kenya,gateway_beta,submitted,,mobile,Chrome,11.14,1273
ses_0406,evt_002500,5,2026-09-03T10:03:13Z,authorization_response,card_mastercard,KES,Kenya,gateway_beta,success,,mobile,Chrome,11.14,1194
ses_0406,evt_002501,6,2026-09-03T10:03:19Z,payment_completed,card_mastercard,KES,Kenya,gateway_beta,success,,mobile,Chrome,11.14,1515
ses_0407,evt_002502,1,2026-09-04T12:21:51Z,checkout_initiated,card_mastercard,KES,Kenya,gateway_alpha,started,,desktop,Chrome,195.01,927
ses_0407,evt_002503,2,2026-09-04T12:21:56Z,method_selected,card_mastercard,KES,Kenya,gateway_alpha,success,,desktop,Chrome,195.01,535
ses_0407,evt_002504,3,2026-09-04T12:22:04Z,details_entered,card_mastercard,KES,Kenya,gateway_alpha,success,,desktop,Chrome,195.01,559
ses_0407,evt_002505,4,2026-09-04T12:22:09Z,authorization_requested,card_mastercard,KES,Kenya,gateway_alpha,submitted,,desktop,Chrome,195.01,923
ses_0407,evt_002506,5,2026-09-04T12:22:19Z,authorization_response,card_mastercard,KES,Kenya,gateway_alpha,success,,desktop,Chrome,195.01,1783
ses_0407,evt_002507,6,2026-09-04T12:22:26Z,payment_completed,card_mastercard,KES,Kenya,gateway_alpha,success,,desktop,Chrome,195.01,919
ses_0408,evt_002508,1,2026-09-07T12:05:04Z,checkout_initiated,card_visa,PHP,Philippines,gateway_beta,started,,mobile,Edge,125.12,446
ses_0408,evt_002509,2,2026-09-07T12:05:09Z,method_selected,card_visa,PHP,Philippines,gateway_beta,success,,mobile,Edge,125.12,1057
ses_0408,evt_002510,3,2026-09-07T12:05:12Z,details_entered,card_visa,PHP,Philippines,gateway_beta,success,,mobile,Edge,125.12,740
ses_0408,evt_002511,4,2026-09-07T12:05:17Z,authorization_requested,card_visa,PHP,Philippines,gateway_beta,submitted,,mobile,Edge,125.12,1596
ses_0408,evt_002512,5,2026-09-07T12:05:22Z,authorization_response,card_visa,PHP,Philippines,gateway_beta,success,,mobile,Edge,125.12,834
ses_0408,evt_002513,6,2026-09-07T12:05:25Z,payment_completed,card_visa,PHP,Philippines,gateway_beta,success,,mobile,Edge,125.12,1024
ses_0409,evt_002514,1,2026-09-06T20:38:01Z,checkout_initiated,card_mastercard,PHP,Philippines,gateway_alpha,started,,mobile,Firefox,282.15,419
ses_0409,evt_002515,2,2026-09-06T20:38:12Z,method_selected,card_mastercard,PHP,Philippines,gateway_alpha,success,,mobile,Firefox,282.15,1565
ses_0409,evt_002516,3,2026-09-06T20:38:16Z,details_entered,card_mastercard,PHP,Philippines,gateway_alpha,success,,mobile,Firefox,282.15,800
ses_0409,evt_002517,4,2026-09-06T20:38:26Z,authorization_requested,card_mastercard,PHP,Philippines,gateway_alpha,submitted,,mobile,Firefox,282.15,224
ses_0409,evt_002518,5,2026-09-06T20:38:39Z,3ds_redirect,card_mastercard,PHP,Philippines,gateway_alpha,redirected,,mobile,Firefox,282.15,10343
ses_0409,evt_002519,6,2026-09-06T20:38:50Z,3ds_completed,card_mastercard,PHP,Philippines,gateway_alpha,abandoned,3ds_abandoned,mobile,Firefox,282.15,7966
ses_0410,evt_002520,1,2026-09-09T09:22:37Z,checkout_initiated,card_visa,SGD,Singapore,gateway_alpha,started,,mobile,Chrome,434.00,296
ses_0410,evt_002521,2,2026-09-09T09:22:41Z,method_selected,card_visa,SGD,Singapore,gateway_alpha,success,,mobile,Chrome,434.00,661
ses_0410,evt_002522,3,2026-09-09T09:22:45Z,details_entered,card_visa,SGD,Singapore,gateway_alpha,success,,mobile,Chrome,434.00,818
ses_0410,evt_002523,4,2026-09-09T09:22:55Z,authorization_requested,card_visa,SGD,Singapore,gateway_alpha,submitted,,mobile,Chrome,434.00,1631
ses_0410,evt_002524,5,2026-09-09T09:22:57Z,authorization_response,card_visa,SGD,Singapore,gateway_alpha,success,,mobile,Chrome,434.00,471
ses_0410,evt_002525,6,2026-09-09T09:23:01Z,payment_completed,card_visa,SGD,Singapore,gateway_alpha,success,,mobile,Chrome,434.00,526
ses_0411,evt_002526,1,2026-09-10T12:34:05Z,checkout_initiated,bnpl_atome,SGD,Singapore,bnpl_connect,started,,desktop,Safari,266.04,1044
ses_0411,evt_002527,2,2026-09-10T12:34:15Z,method_selected,bnpl_atome,SGD,Singapore,bnpl_connect,success,,desktop,Safari,266.04,1533
ses_0411,evt_002528,3,2026-09-10T12:34:18Z,details_entered,bnpl_atome,SGD,Singapore,bnpl_connect,success,,desktop,Safari,266.04,1738
ses_0411,evt_002529,4,2026-09-10T12:34:25Z,authorization_requested,bnpl_atome,SGD,Singapore,bnpl_connect,submitted,,desktop,Safari,266.04,556
ses_0411,evt_002530,5,2026-09-10T12:34:32Z,authorization_response,bnpl_atome,SGD,Singapore,bnpl_connect,success,,desktop,Safari,266.04,1373
ses_0411,evt_002531,6,2026-09-10T12:34:43Z,payment_completed,bnpl_atome,SGD,Singapore,bnpl_connect,success,,desktop,Safari,266.04,1522
ses_0412,evt_002532,1,2026-09-04T13:02:13Z,checkout_initiated,gcash,PHP,Philippines,wallet_hub,started,,mobile,Chrome,289.34,809
ses_0412,evt_002533,2,2026-09-04T13:02:16Z,method_selected,gcash,PHP,Philippines,wallet_hub,success,,mobile,Chrome,289.34,321
ses_0412,evt_002534,3,2026-09-04T13:02:25Z,details_entered,gcash,PHP,Philippines,wallet_hub,success,,mobile,Chrome,289.34,1483
ses_0412,evt_002535,4,2026-09-04T13:02:35Z,authorization_requested,gcash,PHP,Philippines,wallet_hub,submitted,,mobile,Chrome,289.34,763
ses_0412,evt_002536,5,2026-09-04T13:02:42Z,authorization_response,gcash,PHP,Philippines,wallet_hub,success,,mobile,Chrome,289.34,611
ses_0412,evt_002537,6,2026-09-04T13:02:47Z,payment_completed,gcash,PHP,Philippines,wallet_hub,success,,mobile,Chrome,289.34,1063
ses_0413,evt_002538,1,2026-09-08T11:04:12Z,checkout_initiated,card_visa,SGD,Singapore,gateway_alpha,started,,desktop,Safari,249.44,1378
ses_0413,evt_002539,2,2026-09-08T11:04:22Z,method_selected,card_visa,SGD,Singapore,gateway_alpha,success,,desktop,Safari,249.44,1731
ses_0413,evt_002540,3,2026-09-08T11:04:28Z,details_entered,card_visa,SGD,Singapore,gateway_alpha,success,,desktop,Safari,249.44,1506
ses_0413,evt_002541,4,2026-09-08T11:04:33Z,authorization_requested,card_visa,SGD,Singapore,gateway_alpha,submitted,,desktop,Safari,249.44,1766
ses_0413,evt_002542,5,2026-09-08T11:04:42Z,3ds_redirect,card_visa,SGD,Singapore,gateway_alpha,redirected,,desktop,Safari,249.44,7263
ses_0413,evt_002543,6,2026-09-08T11:04:51Z,3ds_completed,card_visa,SGD,Singapore,gateway_alpha,abandoned,3ds_abandoned,desktop,Safari,249.44,7802
ses_0414,evt_002544,1,2026-09-10T10:26:53Z,checkout_initiated,card_visa,PHP,Philippines,gateway_alpha,started,,mobile,Chrome,177.92,1073
ses_0414,evt_002545,2,2026-09-10T10:27:02Z,method_selected,card_visa,PHP,Philippines,gateway_alpha,success,,mobile,Chrome,177.92,735
ses_0414,evt_002546,3,2026-09-10T10:27:05Z,details_entered,card_visa,PHP,Philippines,gateway_alpha,success,,mobile,Chrome,177.92,398
ses_0414,evt_002547,4,2026-09-10T10:27:07Z,authorization_requested,card_visa,PHP,Philippines,gateway_alpha,submitted,,mobile,Chrome,177.92,1224
ses_0414,evt_002548,5,2026-09-10T10:27:09Z,authorization_response,card_visa,PHP,Philippines,gateway_alpha,success,,mobile,Chrome,177.92,1007
ses_0414,evt_002549,6,2026-09-10T10:27:12Z,payment_completed,card_visa,PHP,Philippines,gateway_alpha,success,,mobile,Chrome,177.92,855
ses_0415,evt_002550,1,2026-09-11T04:25:34Z,checkout_initiated,gcash,PHP,Philippines,wallet_hub,started,,mobile,Chrome,306.22,1344
ses_0415,evt_002551,2,2026-09-11T04:25:45Z,method_selected,gcash,PHP,Philippines,wallet_hub,success,,mobile,Chrome,306.22,1232
ses_0415,evt_002552,3,2026-09-11T04:25:53Z,details_entered,gcash,PHP,Philippines,wallet_hub,success,,mobile,Chrome,306.22,1551
ses_0415,evt_002553,4,2026-09-11T04:25:57Z,authorization_requested,gcash,PHP,Philippines,wallet_hub,submitted,,mobile,Chrome,306.22,981
ses_0415,evt_002554,5,2026-09-11T04:25:59Z,authorization_response,gcash,PHP,Philippines,wallet_hub,success,,mobile,Chrome,306.22,986
ses_0415,evt_002555,6,2026-09-11T04:26:09Z,payment_completed,gcash,PHP,Philippines,wallet_hub,success,,mobile,Chrome,306.22,269
ses_0416,evt_002556,1,2026-09-09T13:29:06Z,checkout_initiated,mpesa,KES,Kenya,wallet_hub,started,,desktop,Chrome,409.14,1625
ses_0416,evt_002557,2,2026-09-09T13:29:17Z,method_selected,mpesa,KES,Kenya,wallet_hub,success,,desktop,Chrome,409.14,491
ses_0416,evt_002558,3,2026-09-09T13:29:20Z,details_entered,mpesa,KES,Kenya,wallet_hub,success,,desktop,Chrome,409.14,1227
ses_0416,evt_002559,4,2026-09-09T13:29:30Z,authorization_requested,mpesa,KES,Kenya,wallet_hub,submitted,,desktop,Chrome,409.14,1699
ses_0416,evt_002560,5,2026-09-09T13:29:37Z,authorization_response,mpesa,KES,Kenya,wallet_hub,success,,desktop,Chrome,409.14,300
ses_0416,evt_002561,6,2026-09-09T13:29:44Z,payment_completed,mpesa,KES,Kenya,wallet_hub,success,,desktop,Chrome,409.14,255
ses_0417,evt_002562,1,2026-09-09T15:39:08Z,checkout_initiated,card_visa,KES,Kenya,gateway_beta,started,,desktop,Safari,344.28,203
ses_0417,evt_002563,2,2026-09-09T15:39:14Z,method_selected,card_visa,KES,Kenya,gateway_beta,success,,desktop,Safari,344.28,1045
ses_0417,evt_002564,3,2026-09-09T15:39:17Z,details_entered,card_visa,KES,Kenya,gateway_beta,success,,desktop,Safari,344.28,558
ses_0417,evt_002565,4,2026-09-09T15:39:26Z,authorization_requested,card_visa,KES,Kenya,gateway_beta,submitted,,desktop,Safari,344.28,423
ses_0417,evt_002566,5,2026-09-09T15:39:33Z,authorization_response,card_visa,KES,Kenya,gateway_beta,success,,desktop,Safari,344.28,1398
ses_0417,evt_002567,6,2026-09-09T15:39:36Z,payment_completed,card_visa,KES,Kenya,gateway_beta,success,,desktop,Safari,344.28,348
ses_0418,evt_002568,1,2026-09-03T03:59:02Z,checkout_initiated,mpesa,KES,Kenya,wallet_hub,started,,mobile,Firefox,190.89,874
ses_0418,evt_002569,2,2026-09-03T03:59:04Z,method_selected,mpesa,KES,Kenya,wallet_hub,success,,mobile,Firefox,190.89,1127
ses_0418,evt_002570,3,2026-09-03T03:59:11Z,details_entered,mpesa,KES,Kenya,wallet_hub,success,,mobile,Firefox,190.89,1793
ses_0418,evt_002571,4,2026-09-03T03:59:22Z,authorization_requested,mpesa,KES,Kenya,wallet_hub,submitted,,mobile,Firefox,190.89,1455
ses_0418,evt_002572,5,2026-09-03T03:59:31Z,authorization_response,mpesa,KES,Kenya,wallet_hub,success,,mobile,Firefox,190.89,872
ses_0418,evt_002573,6,2026-09-03T03:59:33Z,payment_completed,mpesa,KES,Kenya,wallet_hub,success,,mobile,Firefox,190.89,384
ses_0419,evt_002574,1,2026-09-07T18:23:48Z,checkout_initiated,card_mastercard,PHP,Philippines,gateway_beta,started,,mobile,Safari,352.15,276
ses_0419,evt_002575,2,2026-09-07T18:23:59Z,method_selected,card_mastercard,PHP,Philippines,gateway_beta,success,,mobile,Safari,352.15,185
ses_0419,evt_002576,3,2026-09-07T18:24:04Z,details_entered,card_mastercard,PHP,Philippines,gateway_beta,success,,mobile,Safari,352.15,621
ses_0419,evt_002577,4,2026-09-07T18:24:11Z,authorization_requested,card_mastercard,PHP,Philippines,gateway_beta,submitted,,mobile,Safari,352.15,1595
ses_0419,evt_002578,5,2026-09-07T18:24:32Z,3ds_redirect,card_mastercard,PHP,Philippines,gateway_beta,redirected,,mobile,Safari,352.15,11710
ses_0419,evt_002579,6,2026-09-07T18:24:42Z,3ds_completed,card_mastercard,PHP,Philippines,gateway_beta,abandoned,3ds_abandoned,mobile,Safari,352.15,8974
ses_0420,evt_002580,1,2026-09-03T09:13:32Z,checkout_initiated,mpesa,KES,Kenya,wallet_hub,started,,mobile,Chrome,267.77,1048
ses_0420,evt_002581,2,2026-09-03T09:13:41Z,method_selected,mpesa,KES,Kenya,wallet_hub,success,,mobile,Chrome,267.77,450
ses_0420,evt_002582,3,2026-09-03T09:13:49Z,details_entered,mpesa,KES,Kenya,wallet_hub,success,,mobile,Chrome,267.77,677
ses_0420,evt_002583,4,2026-09-03T09:13:54Z,authorization_requested,mpesa,KES,Kenya,wallet_hub,submitted,,mobile,Chrome,267.77,1751
ses_0420,evt_002584,5,2026-09-03T09:14:01Z,authorization_response,mpesa,KES,Kenya,wallet_hub,failed,insufficient_funds,mobile,Chrome,267.77,1229
ses_0421,evt_002585,1,2026-09-11T13:48:31Z,checkout_initiated,mpesa,KES,Kenya,wallet_hub,started,,desktop,Chrome,449.85,724
ses_0422,evt_002586,1,2026-09-10T18:27:07Z,checkout_initiated,bnpl_atome,PHP,Philippines,bnpl_connect,started,,desktop,Safari,130.34,271
ses_0422,evt_002587,2,2026-09-10T18:27:18Z,method_selected,bnpl_atome,PHP,Philippines,bnpl_connect,success,,desktop,Safari,130.34,893
ses_0422,evt_002588,3,2026-09-10T18:27:21Z,details_entered,bnpl_atome,PHP,Philippines,bnpl_connect,success,,desktop,Safari,130.34,1155
ses_0422,evt_002589,4,2026-09-10T18:27:29Z,authorization_requested,bnpl_atome,PHP,Philippines,bnpl_connect,submitted,,desktop,Safari,130.34,1151
ses_0422,evt_002590,5,2026-09-10T18:27:34Z,authorization_response,bnpl_atome,PHP,Philippines,bnpl_connect,failed,insufficient_funds,desktop,Safari,130.34,1215
ses_0423,evt_002591,1,2026-09-09T11:06:55Z,checkout_initiated,card_mastercard,PHP,Philippines,gateway_beta,started,,mobile,Chrome,409.58,1598
ses_0423,evt_002592,2,2026-09-09T11:07:00Z,method_selected,card_mastercard,PHP,Philippines,gateway_beta,success,,mobile,Chrome,409.58,1402
ses_0423,evt_002593,3,2026-09-09T11:07:09Z,details_entered,card_mastercard,PHP,Philippines,gateway_beta,success,,mobile,Chrome,409.58,1773
ses_0423,evt_002594,4,2026-09-09T11:07:19Z,authorization_requested,card_mastercard,PHP,Philippines,gateway_beta,submitted,,mobile,Chrome,409.58,364
ses_0423,evt_002595,5,2026-09-09T11:07:37Z,3ds_redirect,card_mastercard,PHP,Philippines,gateway_beta,redirected,,mobile,Chrome,409.58,9574
ses_0423,evt_002596,6,2026-09-09T11:07:53Z,3ds_completed,card_mastercard,PHP,Philippines,gateway_beta,abandoned,3ds_abandoned,mobile,Chrome,409.58,10511
ses_0424,evt_002597,1,2026-09-05T16:58:41Z,checkout_initiated,card_visa,SGD,Singapore,gateway_beta,started,,mobile,Safari,69.49,803
ses_0424,evt_002598,2,2026-09-05T16:58:49Z,method_selected,card_visa,SGD,Singapore,gateway_beta,success,,mobile,Safari,69.49,535
ses_0424,evt_002599,3,2026-09-05T16:58:51Z,details_entered,card_visa,SGD,Singapore,gateway_beta,success,,mobile,Safari,69.49,1450
ses_0424,evt_002600,4,2026-09-05T16:58:58Z,authorization_requested,card_visa,SGD,Singapore,gateway_beta,submitted,,mobile,Safari,69.49,539
ses_0424,evt_002601,5,2026-09-05T16:59:14Z,authorization_response,card_visa,SGD,Singapore,gateway_beta,failed,timeout,mobile,Safari,69.49,8820
ses_0425,evt_002602,1,2026-09-11T12:54:27Z,checkout_initiated,mpesa,KES,Kenya,wallet_hub,started,,desktop,Chrome,37.13,298
ses_0425,evt_002603,2,2026-09-11T12:54:29Z,method_selected,mpesa,KES,Kenya,wallet_hub,success,,desktop,Chrome,37.13,532
ses_0425,evt_002604,3,2026-09-11T13:23:19Z,details_entered,mpesa,KES,Kenya,wallet_hub,success,,desktop,Chrome,37.13,572
ses_0425,evt_002605,4,2026-09-11T13:23:25Z,authorization_requested,mpesa,KES,Kenya,wallet_hub,abandoned,,desktop,Chrome,37.13,1091
ses_0426,evt_002606,1,2026-09-05T15:24:25Z,checkout_initiated,bnpl_atome,SGD,Singapore,bnpl_connect,started,,mobile,Chrome,449.27,1007
ses_0426,evt_002607,2,2026-09-05T15:24:29Z,method_selected,bnpl_atome,SGD,Singapore,bnpl_connect,success,,mobile,Chrome,449.27,1175
ses_0426,evt_002608,3,2026-09-05T15:24:35Z,details_entered,bnpl_atome,SGD,Singapore,bnpl_connect,success,,mobile,Chrome,449.27,1053
ses_0426,evt_002609,4,2026-09-05T15:24:43Z,authorization_requested,bnpl_atome,SGD,Singapore,bnpl_connect,submitted,,mobile,Chrome,449.27,595
ses_0426,evt_002610,5,2026-09-05T15:24:46Z,authorization_response,bnpl_atome,SGD,Singapore,bnpl_connect,success,,mobile,Chrome,449.27,911
ses_0426,evt_002611,6,2026-09-05T15:24:51Z,payment_completed,bnpl_atome,SGD,Singapore,bnpl_connect,success,,mobile,Chrome,449.27,1573
ses_0427,evt_002612,1,2026-09-13T14:04:10Z,checkout_initiated,bnpl_atome,SGD,Singapore,bnpl_connect,started,,mobile,Edge,116.60,289
ses_0427,evt_002613,2,2026-09-13T14:04:21Z,method_selected,bnpl_atome,SGD,Singapore,bnpl_connect,success,,mobile,Edge,116.60,1582
ses_0427,evt_002614,3,2026-09-13T14:04:23Z,details_entered,bnpl_atome,SGD,Singapore,bnpl_connect,success,,mobile,Edge,116.60,1132
ses_0427,evt_002615,4,2026-09-13T14:04:25Z,authorization_requested,bnpl_atome,SGD,Singapore,bnpl_connect,submitted,,mobile,Edge,116.60,1273
ses_0427,evt_002616,5,2026-09-13T14:04:35Z,authorization_response,bnpl_atome,SGD,Singapore,bnpl_connect,success,,mobile,Edge,116.60,1626
ses_0427,evt_002617,6,2026-09-13T14:04:45Z,payment_completed,bnpl_atome,SGD,Singapore,bnpl_connect,success,,mobile,Edge,116.60,1744
ses_0428,evt_002618,1,2026-09-03T07:47:23Z,checkout_initiated,card_mastercard,USD,Cross-border,gateway_beta,started,,mobile,Edge,287.31,1086
ses_0428,evt_002619,2,2026-09-03T07:47:30Z,method_selected,card_mastercard,USD,Cross-border,gateway_beta,success,,mobile,Edge,287.31,1529
ses_0428,evt_002620,3,2026-09-03T07:47:38Z,details_entered,card_mastercard,USD,Cross-border,gateway_beta,success,,mobile,Edge,287.31,1684
ses_0428,evt_002621,4,2026-09-03T07:47:45Z,authorization_requested,card_mastercard,USD,Cross-border,gateway_beta,submitted,,mobile,Edge,287.31,751
ses_0428,evt_002622,5,2026-09-03T07:47:57Z,3ds_redirect,card_mastercard,USD,Cross-border,gateway_beta,redirected,,mobile,Edge,287.31,3977
ses_0428,evt_002623,6,2026-09-03T07:48:04Z,3ds_completed,card_mastercard,USD,Cross-border,gateway_beta,success,,mobile,Edge,287.31,4160
ses_0428,evt_002624,7,2026-09-03T07:48:08Z,authorization_response,card_mastercard,USD,Cross-border,gateway_beta,success,,mobile,Edge,287.31,263
ses_0428,evt_002625,8,2026-09-03T07:48:15Z,payment_completed,card_mastercard,USD,Cross-border,gateway_beta,success,,mobile,Edge,287.31,767
ses_0429,evt_002626,1,2026-09-06T19:55:52Z,checkout_initiated,card_mastercard,KES,Kenya,gateway_beta,started,,mobile,Chrome,8.90,1606
ses_0429,evt_002627,2,2026-09-06T19:56:01Z,method_selected,card_mastercard,KES,Kenya,gateway_beta,success,,mobile,Chrome,8.90,1009
ses_0429,evt_002628,3,2026-09-06T19:56:07Z,details_entered,card_mastercard,KES,Kenya,gateway_beta,success,,mobile,Chrome,8.90,1121
ses_0429,evt_002629,4,2026-09-06T19:56:10Z,authorization_requested,card_mastercard,KES,Kenya,gateway_beta,submitted,,mobile,Chrome,8.90,510
ses_0429,evt_002630,5,2026-09-06T19:56:19Z,3ds_redirect,card_mastercard,KES,Kenya,gateway_beta,redirected,,mobile,Chrome,8.90,1915
ses_0429,evt_002631,6,2026-09-06T19:56:28Z,3ds_completed,card_mastercard,KES,Kenya,gateway_beta,success,,mobile,Chrome,8.90,3196
ses_0429,evt_002632,7,2026-09-06T19:56:42Z,authorization_response,card_mastercard,KES,Kenya,gateway_beta,failed,timeout,mobile,Chrome,8.90,7219
ses_0430,evt_002633,1,2026-09-09T12:01:46Z,checkout_initiated,card_mastercard,USD,Cross-border,gateway_alpha,started,,desktop,Safari,121.37,415
ses_0430,evt_002634,2,2026-09-09T12:01:54Z,method_selected,card_mastercard,USD,Cross-border,gateway_alpha,success,,desktop,Safari,121.37,1397
ses_0430,evt_002635,3,2026-09-09T12:01:57Z,details_entered,card_mastercard,USD,Cross-border,gateway_alpha,success,,desktop,Safari,121.37,705
ses_0430,evt_002636,4,2026-09-09T12:02:01Z,authorization_requested,card_mastercard,USD,Cross-border,gateway_alpha,submitted,,desktop,Safari,121.37,1708
ses_0430,evt_002637,5,2026-09-09T12:02:09Z,3ds_redirect,card_mastercard,USD,Cross-border,gateway_alpha,redirected,,desktop,Safari,121.37,3541
ses_0430,evt_002638,6,2026-09-09T12:02:19Z,3ds_completed,card_mastercard,USD,Cross-border,gateway_alpha,success,,desktop,Safari,121.37,2930
ses_0430,evt_002639,7,2026-09-09T12:02:28Z,authorization_response,card_mastercard,USD,Cross-border,gateway_alpha,success,,desktop,Safari,121.37,1388
ses_0430,evt_002640,8,2026-09-09T12:02:34Z,payment_completed,card_mastercard,USD,Cross-border,gateway_alpha,success,,desktop,Safari,121.37,312
ses_0431,evt_002641,1,2026-09-03T06:06:23Z,checkout_initiated,card_visa,PHP,Philippines,gateway_alpha,started,,mobile,Safari,249.37,1534
ses_0431,evt_002642,2,2026-09-03T06:06:32Z,method_selected,card_visa,PHP,Philippines,gateway_alpha,success,,mobile,Safari,249.37,291
ses_0431,evt_002643,3,2026-09-03T06:06:41Z,details_entered,card_visa,PHP,Philippines,gateway_alpha,success,,mobile,Safari,249.37,522
ses_0431,evt_002644,4,2026-09-03T06:06:50Z,authorization_requested,card_visa,PHP,Philippines,gateway_alpha,submitted,,mobile,Safari,249.37,1456
ses_0431,evt_002645,5,2026-09-03T06:07:05Z,3ds_redirect,card_visa,PHP,Philippines,gateway_alpha,redirected,,mobile,Safari,249.37,5912
ses_0431,evt_002646,6,2026-09-03T06:07:19Z,3ds_completed,card_visa,PHP,Philippines,gateway_alpha,abandoned,3ds_abandoned,mobile,Safari,249.37,8737
ses_0432,evt_002647,1,2026-09-02T03:41:58Z,checkout_initiated,gcash,PHP,Philippines,wallet_hub,started,,mobile,Chrome,126.00,998
ses_0432,evt_002648,2,2026-09-02T03:42:07Z,method_selected,gcash,PHP,Philippines,wallet_hub,success,,mobile,Chrome,126.00,1031
ses_0432,evt_002649,3,2026-09-02T03:42:12Z,details_entered,gcash,PHP,Philippines,wallet_hub,success,,mobile,Chrome,126.00,975
ses_0432,evt_002650,4,2026-09-02T03:42:15Z,authorization_requested,gcash,PHP,Philippines,wallet_hub,submitted,,mobile,Chrome,126.00,343
ses_0432,evt_002651,5,2026-09-02T03:42:22Z,authorization_response,gcash,PHP,Philippines,wallet_hub,success,,mobile,Chrome,126.00,394
ses_0432,evt_002652,6,2026-09-02T03:42:25Z,payment_completed,gcash,PHP,Philippines,wallet_hub,success,,mobile,Chrome,126.00,733
ses_0433,evt_002653,1,2026-09-13T12:49:54Z,checkout_initiated,card_mastercard,KES,Kenya,gateway_alpha,started,,mobile,Safari,282.28,202
ses_0433,evt_002654,2,2026-09-13T12:50:00Z,method_selected,card_mastercard,KES,Kenya,gateway_alpha,success,,mobile,Safari,282.28,563
ses_0433,evt_002655,3,2026-09-13T12:50:06Z,details_entered,card_mastercard,KES,Kenya,gateway_alpha,success,,mobile,Safari,282.28,870
ses_0433,evt_002656,4,2026-09-13T12:50:14Z,authorization_requested,card_mastercard,KES,Kenya,gateway_alpha,submitted,,mobile,Safari,282.28,1195
ses_0433,evt_002657,5,2026-09-13T12:50:18Z,3ds_redirect,card_mastercard,KES,Kenya,gateway_alpha,redirected,,mobile,Safari,282.28,3139
ses_0433,evt_002658,6,2026-09-13T12:50:21Z,3ds_completed,card_mastercard,KES,Kenya,gateway_alpha,success,,mobile,Safari,282.28,2089
ses_0433,evt_002659,7,2026-09-13T12:50:25Z,authorization_response,card_mastercard,KES,Kenya,gateway_alpha,failed,fraud_suspected,mobile,Safari,282.28,1720
ses_0434,evt_002660,1,2026-09-01T17:14:54Z,checkout_initiated,gcash,PHP,Philippines,wallet_hub,started,,mobile,Firefox,78.88,345
ses_0434,evt_002661,2,2026-09-01T17:14:59Z,method_selected,gcash,PHP,Philippines,wallet_hub,success,,mobile,Firefox,78.88,313
ses_0434,evt_002662,3,2026-09-01T17:15:05Z,details_entered,gcash,PHP,Philippines,wallet_hub,success,,mobile,Firefox,78.88,854
ses_0434,evt_002663,4,2026-09-01T17:15:11Z,authorization_requested,gcash,PHP,Philippines,wallet_hub,submitted,,mobile,Firefox,78.88,1225
ses_0434,evt_002664,5,2026-09-01T17:15:21Z,authorization_response,gcash,PHP,Philippines,wallet_hub,failed,fraud_suspected,mobile,Firefox,78.88,788
ses_0435,evt_002665,1,2026-09-04T10:06:19Z,checkout_initiated,card_visa,USD,Cross-border,gateway_beta,started,,mobile,Edge,167.74,1016
ses_0435,evt_002666,2,2026-09-04T10:06:28Z,method_selected,card_visa,USD,Cross-border,gateway_beta,success,,mobile,Edge,167.74,1297
ses_0435,evt_002667,3,2026-09-04T10:06:35Z,details_entered,card_visa,USD,Cross-border,gateway_beta,success,,mobile,Edge,167.74,1421
ses_0435,evt_002668,4,2026-09-04T10:06:42Z,authorization_requested,card_visa,USD,Cross-border,gateway_beta,submitted,,mobile,Edge,167.74,181
ses_0435,evt_002669,5,2026-09-04T10:07:02Z,3ds_redirect,card_visa,USD,Cross-border,gateway_beta,redirected,,mobile,Edge,167.74,9846
ses_0435,evt_002670,6,2026-09-04T10:07:22Z,3ds_completed,card_visa,USD,Cross-border,gateway_beta,abandoned,3ds_abandoned,mobile,Edge,167.74,11760
ses_0436,evt_002671,1,2026-09-03T21:58:03Z,checkout_initiated,gcash,PHP,Philippines,wallet_hub,started,,mobile,Safari,155.52,319
ses_0436,evt_002672,2,2026-09-03T21:58:10Z,method_selected,gcash,PHP,Philippines,wallet_hub,success,,mobile,Safari,155.52,1273
ses_0436,evt_002673,3,2026-09-03T21:58:14Z,details_entered,gcash,PHP,Philippines,wallet_hub,success,,mobile,Safari,155.52,795
ses_0436,evt_002674,4,2026-09-03T21:58:16Z,authorization_requested,gcash,PHP,Philippines,wallet_hub,submitted,,mobile,Safari,155.52,409
ses_0436,evt_002675,5,2026-09-03T21:58:26Z,authorization_response,gcash,PHP,Philippines,wallet_hub,failed,insufficient_funds,mobile,Safari,155.52,240
ses_0437,evt_002676,1,2026-09-08T19:12:45Z,checkout_initiated,card_mastercard,PHP,Philippines,gateway_beta,started,,mobile,Chrome,34.36,977
ses_0437,evt_002677,2,2026-09-08T19:12:56Z,method_selected,card_mastercard,PHP,Philippines,gateway_beta,success,,mobile,Chrome,34.36,598
ses_0437,evt_002678,3,2026-09-08T19:13:07Z,details_entered,card_mastercard,PHP,Philippines,gateway_beta,success,,mobile,Chrome,34.36,319
ses_0437,evt_002679,4,2026-09-08T19:13:18Z,authorization_requested,card_mastercard,PHP,Philippines,gateway_beta,submitted,,mobile,Chrome,34.36,1126
ses_0437,evt_002680,5,2026-09-08T19:13:23Z,authorization_response,card_mastercard,PHP,Philippines,gateway_beta,failed,insufficient_funds,mobile,Chrome,34.36,504
ses_0438,evt_002681,1,2026-09-09T04:03:53Z,checkout_initiated,bank_transfer_local,KES,Kenya,bank_rail,started,,mobile,Firefox,267.54,1073
ses_0438,evt_002682,2,2026-09-09T04:04:01Z,method_selected,bank_transfer_local,KES,Kenya,bank_rail,success,,mobile,Firefox,267.54,648
ses_0438,evt_002683,3,2026-09-09T04:04:04Z,details_entered,bank_transfer_local,KES,Kenya,bank_rail,success,,mobile,Firefox,267.54,337
ses_0438,evt_002684,4,2026-09-09T04:04:10Z,authorization_requested,bank_transfer_local,KES,Kenya,bank_rail,submitted,,mobile,Firefox,267.54,942
ses_0438,evt_002685,5,2026-09-09T04:04:13Z,authorization_response,bank_transfer_local,KES,Kenya,bank_rail,pending,,mobile,Firefox,267.54,940
ses_0439,evt_002686,1,2026-09-07T06:39:05Z,checkout_initiated,gcash,PHP,Philippines,wallet_hub,started,,desktop,Chrome,87.33,630
ses_0439,evt_002687,2,2026-09-07T06:39:12Z,method_selected,gcash,PHP,Philippines,wallet_hub,success,,desktop,Chrome,87.33,635
ses_0439,evt_002688,3,2026-09-07T06:39:17Z,details_entered,gcash,PHP,Philippines,wallet_hub,success,,desktop,Chrome,87.33,1779
ses_0439,evt_002689,4,2026-09-07T06:39:26Z,authorization_requested,gcash,PHP,Philippines,wallet_hub,submitted,,desktop,Chrome,87.33,1622
ses_0439,evt_002690,5,2026-09-07T06:39:29Z,authorization_response,gcash,PHP,Philippines,wallet_hub,success,,desktop,Chrome,87.33,941
ses_0439,evt_002691,6,2026-09-07T06:39:36Z,payment_completed,gcash,PHP,Philippines,wallet_hub,success,,desktop,Chrome,87.33,1049
ses_0440,evt_002692,1,2026-09-07T08:57:53Z,checkout_initiated,card_visa,KES,Kenya,gateway_beta,started,,mobile,Safari,27.77,1217
ses_0440,evt_002693,2,2026-09-07T08:57:58Z,method_selected,card_visa,KES,Kenya,gateway_beta,success,,mobile,Safari,27.77,417
ses_0440,evt_002694,3,2026-09-07T08:58:08Z,details_entered,card_visa,KES,Kenya,gateway_beta,success,,mobile,Safari,27.77,1376
ses_0440,evt_002695,4,2026-09-07T08:58:16Z,authorization_requested,card_visa,KES,Kenya,gateway_beta,submitted,,mobile,Safari,27.77,239
ses_0440,evt_002696,5,2026-09-07T08:58:30Z,3ds_redirect,card_visa,KES,Kenya,gateway_beta,redirected,,mobile,Safari,27.77,9880
ses_0440,evt_002697,6,2026-09-07T08:58:43Z,3ds_completed,card_visa,KES,Kenya,gateway_beta,abandoned,3ds_abandoned,mobile,Safari,27.77,11676
ses_0441,evt_002698,1,2026-09-12T02:39:04Z,checkout_initiated,card_mastercard,PHP,Philippines,gateway_beta,started,,mobile,Safari,266.19,1238
ses_0441,evt_002699,2,2026-09-12T02:39:12Z,method_selected,card_mastercard,PHP,Philippines,gateway_beta,success,,mobile,Safari,266.19,778
ses_0441,evt_002700,3,2026-09-12T02:39:20Z,details_entered,card_mastercard,PHP,Philippines,gateway_beta,success,,mobile,Safari,266.19,379
ses_0441,evt_002701,4,2026-09-12T02:39:28Z,authorization_requested,card_mastercard,PHP,Philippines,gateway_beta,submitted,,mobile,Safari,266.19,1069
ses_0441,evt_002702,5,2026-09-12T02:39:41Z,3ds_redirect,card_mastercard,PHP,Philippines,gateway_beta,redirected,,mobile,Safari,266.19,3602
ses_0441,evt_002703,6,2026-09-12T02:39:47Z,3ds_completed,card_mastercard,PHP,Philippines,gateway_beta,success,,mobile,Safari,266.19,1378
ses_0441,evt_002704,7,2026-09-12T02:40:03Z,authorization_response,card_mastercard,PHP,Philippines,gateway_beta,failed,timeout,mobile,Safari,266.19,6738
ses_0442,evt_002705,1,2026-09-12T14:21:32Z,checkout_initiated,gcash,PHP,Philippines,wallet_hub,started,,mobile,Safari,344.14,433
ses_0442,evt_002706,2,2026-09-12T14:21:40Z,method_selected,gcash,PHP,Philippines,wallet_hub,success,,mobile,Safari,344.14,1506
ses_0442,evt_002707,3,2026-09-12T14:21:49Z,details_entered,gcash,PHP,Philippines,wallet_hub,success,,mobile,Safari,344.14,1556
ses_0442,evt_002708,4,2026-09-12T14:21:55Z,authorization_requested,gcash,PHP,Philippines,wallet_hub,submitted,,mobile,Safari,344.14,1738
ses_0442,evt_002709,5,2026-09-12T14:21:59Z,authorization_response,gcash,PHP,Philippines,wallet_hub,success,,mobile,Safari,344.14,1685
ses_0442,evt_002710,6,2026-09-12T14:22:02Z,payment_completed,gcash,PHP,Philippines,wallet_hub,success,,mobile,Safari,344.14,1550
ses_0443,evt_002711,1,2026-09-10T00:46:11Z,checkout_initiated,gcash,USD,Cross-border,wallet_hub,started,,mobile,Firefox,476.16,1630
ses_0443,evt_002712,2,2026-09-10T00:46:20Z,method_selected,gcash,USD,Cross-border,wallet_hub,success,,mobile,Firefox,476.16,1409
ses_0443,evt_002713,3,2026-09-10T00:46:24Z,details_entered,gcash,USD,Cross-border,wallet_hub,success,,mobile,Firefox,476.16,1260
ses_0443,evt_002714,4,2026-09-10T00:46:29Z,authorization_requested,gcash,USD,Cross-border,wallet_hub,submitted,,mobile,Firefox,476.16,997
ses_0443,evt_002715,5,2026-09-10T00:46:36Z,authorization_response,gcash,USD,Cross-border,wallet_hub,success,,mobile,Firefox,476.16,707
ses_0443,evt_002716,6,2026-09-10T00:46:44Z,payment_completed,gcash,USD,Cross-border,wallet_hub,success,,mobile,Firefox,476.16,482
ses_0444,evt_002717,1,2026-09-02T09:47:50Z,checkout_initiated,bnpl_atome,PHP,Philippines,bnpl_connect,started,,mobile,Edge,180.30,861
ses_0444,evt_002718,2,2026-09-02T09:48:00Z,method_selected,bnpl_atome,PHP,Philippines,bnpl_connect,success,,mobile,Edge,180.30,1747
ses_0444,evt_002719,3,2026-09-02T09:48:06Z,details_entered,bnpl_atome,PHP,Philippines,bnpl_connect,success,,mobile,Edge,180.30,276
ses_0444,evt_002720,4,2026-09-02T09:48:08Z,authorization_requested,bnpl_atome,PHP,Philippines,bnpl_connect,submitted,,mobile,Edge,180.30,1195
ses_0444,evt_002721,5,2026-09-02T09:48:18Z,authorization_response,bnpl_atome,PHP,Philippines,bnpl_connect,failed,insufficient_funds,mobile,Edge,180.30,1045
ses_0445,evt_002722,1,2026-09-09T18:59:23Z,checkout_initiated,card_visa,PHP,Philippines,gateway_alpha,started,,mobile,Chrome,94.33,1513
ses_0445,evt_002723,2,2026-09-09T18:59:31Z,method_selected,card_visa,PHP,Philippines,gateway_alpha,success,,mobile,Chrome,94.33,674
ses_0445,evt_002724,3,2026-09-09T18:59:39Z,details_entered,card_visa,PHP,Philippines,gateway_alpha,success,,mobile,Chrome,94.33,1078
ses_0445,evt_002725,4,2026-09-09T18:59:42Z,authorization_requested,card_visa,PHP,Philippines,gateway_alpha,submitted,,mobile,Chrome,94.33,604
ses_0445,evt_002726,5,2026-09-09T18:59:55Z,3ds_redirect,card_visa,PHP,Philippines,gateway_alpha,redirected,,mobile,Chrome,94.33,4760
ses_0445,evt_002727,6,2026-09-09T19:00:01Z,3ds_completed,card_visa,PHP,Philippines,gateway_alpha,success,,mobile,Chrome,94.33,2468
ses_0445,evt_002728,7,2026-09-09T19:00:05Z,authorization_response,card_visa,PHP,Philippines,gateway_alpha,success,,mobile,Chrome,94.33,1076
ses_0445,evt_002729,8,2026-09-09T19:00:08Z,payment_completed,card_visa,PHP,Philippines,gateway_alpha,success,,mobile,Chrome,94.33,580
ses_0446,evt_002730,1,2026-09-12T07:31:48Z,checkout_initiated,mpesa,KES,Kenya,wallet_hub,started,,mobile,Chrome,374.25,972
ses_0446,evt_002731,2,2026-09-12T07:31:54Z,method_selected,mpesa,KES,Kenya,wallet_hub,success,,mobile,Chrome,374.25,950
ses_0446,evt_002732,3,2026-09-12T07:32:02Z,details_entered,mpesa,KES,Kenya,wallet_hub,success,,mobile,Chrome,374.25,1546
ses_0446,evt_002733,4,2026-09-12T07:32:13Z,authorization_requested,mpesa,KES,Kenya,wallet_hub,submitted,,mobile,Chrome,374.25,1163
ses_0446,evt_002734,5,2026-09-12T07:32:15Z,authorization_response,mpesa,KES,Kenya,wallet_hub,success,,mobile,Chrome,374.25,1101
ses_0446,evt_002735,6,2026-09-12T07:32:21Z,payment_completed,mpesa,KES,Kenya,wallet_hub,success,,mobile,Chrome,374.25,1350
ses_0447,evt_002736,1,2026-09-07T12:37:15Z,checkout_initiated,gcash,PHP,Philippines,wallet_hub,started,,mobile,Chrome,455.66,1436
ses_0447,evt_002737,2,2026-09-07T12:37:26Z,method_selected,gcash,PHP,Philippines,wallet_hub,success,,mobile,Chrome,455.66,923
ses_0447,evt_002738,3,2026-09-07T12:37:34Z,details_entered,gcash,PHP,Philippines,wallet_hub,success,,mobile,Chrome,455.66,1264
ses_0447,evt_002739,4,2026-09-07T12:37:40Z,authorization_requested,gcash,PHP,Philippines,wallet_hub,submitted,,mobile,Chrome,455.66,1189
ses_0447,evt_002740,5,2026-09-07T12:37:51Z,authorization_response,gcash,PHP,Philippines,wallet_hub,success,,mobile,Chrome,455.66,1760
ses_0447,evt_002741,6,2026-09-07T12:37:54Z,payment_completed,gcash,PHP,Philippines,wallet_hub,success,,mobile,Chrome,455.66,659
ses_0448,evt_002742,1,2026-09-11T17:42:37Z,checkout_initiated,card_mastercard,PHP,Philippines,gateway_alpha,started,,mobile,Chrome,416.03,1669
ses_0448,evt_002743,2,2026-09-11T17:42:41Z,method_selected,card_mastercard,PHP,Philippines,gateway_alpha,success,,mobile,Chrome,416.03,821
ses_0448,evt_002744,3,2026-09-11T17:42:44Z,details_entered,card_mastercard,PHP,Philippines,gateway_alpha,success,,mobile,Chrome,416.03,360
ses_0448,evt_002745,4,2026-09-11T17:42:52Z,authorization_requested,card_mastercard,PHP,Philippines,gateway_alpha,submitted,,mobile,Chrome,416.03,1210
ses_0448,evt_002746,5,2026-09-11T17:43:14Z,3ds_redirect,card_mastercard,PHP,Philippines,gateway_alpha,redirected,,mobile,Chrome,416.03,11621
ses_0448,evt_002747,6,2026-09-11T17:43:25Z,3ds_completed,card_mastercard,PHP,Philippines,gateway_alpha,abandoned,3ds_abandoned,mobile,Chrome,416.03,6958
ses_0449,evt_002748,1,2026-09-06T07:13:07Z,checkout_initiated,card_visa,PHP,Philippines,gateway_alpha,started,,mobile,Safari,139.87,776
ses_0449,evt_002749,2,2026-09-06T07:13:10Z,method_selected,card_visa,PHP,Philippines,gateway_alpha,success,,mobile,Safari,139.87,389
ses_0449,evt_002750,3,2026-09-06T07:13:21Z,details_entered,card_visa,PHP,Philippines,gateway_alpha,success,,mobile,Safari,139.87,1274
ses_0449,evt_002751,4,2026-09-06T07:13:25Z,authorization_requested,card_visa,PHP,Philippines,gateway_alpha,submitted,,mobile,Safari,139.87,417
ses_0449,evt_002752,5,2026-09-06T07:13:34Z,3ds_redirect,card_visa,PHP,Philippines,gateway_alpha,redirected,,mobile,Safari,139.87,2589
ses_0449,evt_002753,6,2026-09-06T07:13:41Z,3ds_completed,card_visa,PHP,Philippines,gateway_alpha,success,,mobile,Safari,139.87,3073
ses_0449,evt_002754,7,2026-09-06T07:13:46Z,authorization_response,card_visa,PHP,Philippines,gateway_alpha,success,,mobile,Safari,139.87,275
ses_0449,evt_002755,8,2026-09-06T07:13:54Z,payment_completed,card_visa,PHP,Philippines,gateway_alpha,success,,mobile,Safari,139.87,326
ses_0450,evt_002756,1,2026-09-09T06:17:57Z,checkout_initiated,card_mastercard,PHP,Philippines,gateway_beta,started,,desktop,Chrome,188.16,1486
ses_0450,evt_002757,2,2026-09-09T06:18:01Z,method_selected,card_mastercard,PHP,Philippines,gateway_beta,success,,desktop,Chrome,188.16,989
ses_0450,evt_002758,3,2026-09-09T06:18:06Z,details_entered,card_mastercard,PHP,Philippines,gateway_beta,success,,desktop,Chrome,188.16,1522
ses_0450,evt_002759,4,2026-09-09T06:18:15Z,authorization_requested,card_mastercard,PHP,Philippines,gateway_beta,submitted,,desktop,Chrome,188.16,1547
ses_0450,evt_002760,5,2026-09-09T06:18:29Z,3ds_redirect,card_mastercard,PHP,Philippines,gateway_beta,redirected,,desktop,Chrome,188.16,9183
ses_0450,evt_002761,6,2026-09-09T06:18:41Z,3ds_completed,card_mastercard,PHP,Philippines,gateway_beta,abandoned,3ds_abandoned,desktop,Chrome,188.16,8079
ses_0451,evt_002762,1,2026-09-14T02:54:32Z,checkout_initiated,card_mastercard,PHP,Philippines,gateway_alpha,started,,mobile,Chrome,426.69,503
ses_0451,evt_002763,2,2026-09-14T02:54:40Z,method_selected,card_mastercard,PHP,Philippines,gateway_alpha,success,,mobile,Chrome,426.69,1187
ses_0451,evt_002764,3,2026-09-14T02:54:44Z,details_entered,card_mastercard,PHP,Philippines,gateway_alpha,success,,mobile,Chrome,426.69,446
ses_0451,evt_002765,4,2026-09-14T02:54:50Z,authorization_requested,card_mastercard,PHP,Philippines,gateway_alpha,submitted,,mobile,Chrome,426.69,285
ses_0451,evt_002766,5,2026-09-14T02:55:04Z,3ds_redirect,card_mastercard,PHP,Philippines,gateway_alpha,redirected,,mobile,Chrome,426.69,4055
ses_0451,evt_002767,6,2026-09-14T02:55:09Z,3ds_completed,card_mastercard,PHP,Philippines,gateway_alpha,success,,mobile,Chrome,426.69,2006
ses_0451,evt_002768,7,2026-09-14T02:55:19Z,authorization_response,card_mastercard,PHP,Philippines,gateway_alpha,failed,invalid_card,mobile,Chrome,426.69,1663
ses_0452,evt_002769,1,2026-09-03T11:22:40Z,checkout_initiated,bnpl_atome,PHP,Philippines,bnpl_connect,started,,desktop,Safari,49.49,520
ses_0452,evt_002770,2,2026-09-03T11:22:42Z,method_selected,bnpl_atome,PHP,Philippines,bnpl_connect,success,,desktop,Safari,49.49,372
ses_0452,evt_002771,3,2026-09-03T11:22:44Z,details_entered,bnpl_atome,PHP,Philippines,bnpl_connect,abandoned,,desktop,Safari,49.49,633
ses_0453,evt_002772,1,2026-09-13T00:42:29Z,checkout_initiated,mpesa,KES,Kenya,wallet_hub,started,,mobile,Chrome,120.35,196
ses_0453,evt_002773,2,2026-09-13T00:42:33Z,method_selected,mpesa,KES,Kenya,wallet_hub,success,,mobile,Chrome,120.35,1090
ses_0453,evt_002774,3,2026-09-13T00:42:43Z,details_entered,mpesa,KES,Kenya,wallet_hub,success,,mobile,Chrome,120.35,1236
ses_0453,evt_002775,4,2026-09-13T00:42:47Z,authorization_requested,mpesa,KES,Kenya,wallet_hub,submitted,,mobile,Chrome,120.35,1337
ses_0453,evt_002776,5,2026-09-13T00:42:58Z,authorization_response,mpesa,KES,Kenya,wallet_hub,failed,insufficient_funds,mobile,Chrome,120.35,1379
ses_0454,evt_002777,1,2026-09-08T02:15:00Z,checkout_initiated,card_visa,SGD,Singapore,gateway_beta,started,,desktop,Chrome,432.66,918
ses_0454,evt_002778,2,2026-09-08T02:15:04Z,method_selected,card_visa,SGD,Singapore,gateway_beta,success,,desktop,Chrome,432.66,851
ses_0454,evt_002779,3,2026-09-08T02:15:13Z,details_entered,card_visa,SGD,Singapore,gateway_beta,success,,desktop,Chrome,432.66,1738
ses_0454,evt_002780,4,2026-09-08T02:15:22Z,authorization_requested,card_visa,SGD,Singapore,gateway_beta,submitted,,desktop,Chrome,432.66,1503
ses_0454,evt_002781,5,2026-09-08T02:15:34Z,3ds_redirect,card_visa,SGD,Singapore,gateway_beta,redirected,,desktop,Chrome,432.66,3273
ses_0454,evt_002782,6,2026-09-08T02:15:40Z,3ds_completed,card_visa,SGD,Singapore,gateway_beta,success,,desktop,Chrome,432.66,4753
ses_0454,evt_002783,7,2026-09-08T02:15:49Z,authorization_response,card_visa,SGD,Singapore,gateway_beta,success,,desktop,Chrome,432.66,421
ses_0454,evt_002784,8,2026-09-08T02:15:58Z,payment_completed,card_visa,SGD,Singapore,gateway_beta,success,,desktop,Chrome,432.66,842
ses_0455,evt_002785,1,2026-09-05T16:11:22Z,checkout_initiated,gcash,PHP,Philippines,wallet_hub,started,,desktop,Chrome,30.12,1686
ses_0455,evt_002786,2,2026-09-05T16:11:24Z,method_selected,gcash,PHP,Philippines,wallet_hub,success,,desktop,Chrome,30.12,681
ses_0455,evt_002787,3,2026-09-05T16:11:34Z,details_entered,gcash,PHP,Philippines,wallet_hub,success,,desktop,Chrome,30.12,1695
ses_0455,evt_002788,4,2026-09-05T16:11:38Z,authorization_requested,gcash,PHP,Philippines,wallet_hub,submitted,,desktop,Chrome,30.12,930
ses_0455,evt_002789,5,2026-09-05T16:11:48Z,authorization_response,gcash,PHP,Philippines,wallet_hub,failed,fraud_suspected,desktop,Chrome,30.12,1040
ses_0456,evt_002790,1,2026-09-11T06:11:53Z,checkout_initiated,card_mastercard,KES,Kenya,gateway_beta,started,,desktop,Chrome,379.28,251
ses_0456,evt_002791,2,2026-09-11T06:12:03Z,method_selected,card_mastercard,KES,Kenya,gateway_beta,success,,desktop,Chrome,379.28,648
ses_0456,evt_002792,3,2026-09-11T06:12:07Z,details_entered,card_mastercard,KES,Kenya,gateway_beta,success,,desktop,Chrome,379.28,1719
ses_0456,evt_002793,4,2026-09-11T06:12:10Z,authorization_requested,card_mastercard,KES,Kenya,gateway_beta,submitted,,desktop,Chrome,379.28,1236
ses_0456,evt_002794,5,2026-09-11T06:12:21Z,3ds_redirect,card_mastercard,KES,Kenya,gateway_beta,redirected,,desktop,Chrome,379.28,3989
ses_0456,evt_002795,6,2026-09-11T06:12:30Z,3ds_completed,card_mastercard,KES,Kenya,gateway_beta,success,,desktop,Chrome,379.28,4144
ses_0456,evt_002796,7,2026-09-11T06:12:32Z,authorization_response,card_mastercard,KES,Kenya,gateway_beta,success,,desktop,Chrome,379.28,1309
ses_0456,evt_002797,8,2026-09-11T06:12:39Z,payment_completed,card_mastercard,KES,Kenya,gateway_beta,success,,desktop,Chrome,379.28,1369
ses_0457,evt_002798,1,2026-09-07T01:57:28Z,checkout_initiated,bnpl_atome,SGD,Singapore,bnpl_connect,started,,mobile,Firefox,310.53,458
ses_0457,evt_002799,2,2026-09-07T01:57:33Z,method_selected,bnpl_atome,SGD,Singapore,bnpl_connect,success,,mobile,Firefox,310.53,1621
ses_0457,evt_002800,3,2026-09-07T01:57:39Z,details_entered,bnpl_atome,SGD,Singapore,bnpl_connect,success,,mobile,Firefox,310.53,1759
ses_0457,evt_002801,4,2026-09-07T01:57:44Z,authorization_requested,bnpl_atome,SGD,Singapore,bnpl_connect,submitted,,mobile,Firefox,310.53,933
ses_0457,evt_002802,5,2026-09-07T01:57:48Z,authorization_response,bnpl_atome,SGD,Singapore,bnpl_connect,success,,mobile,Firefox,310.53,1689
ses_0457,evt_002803,6,2026-09-07T01:57:58Z,payment_completed,bnpl_atome,SGD,Singapore,bnpl_connect,success,,mobile,Firefox,310.53,884
ses_0458,evt_002804,1,2026-09-03T08:10:52Z,checkout_initiated,mpesa,KES,Kenya,wallet_hub,started,,mobile,Chrome,384.11,731
ses_0458,evt_002805,2,2026-09-03T08:11:02Z,method_selected,mpesa,KES,Kenya,wallet_hub,success,,mobile,Chrome,384.11,1421
ses_0458,evt_002806,3,2026-09-03T08:11:11Z,details_entered,mpesa,KES,Kenya,wallet_hub,success,,mobile,Chrome,384.11,590
ses_0458,evt_002807,4,2026-09-03T08:11:16Z,authorization_requested,mpesa,KES,Kenya,wallet_hub,submitted,,mobile,Chrome,384.11,1650
ses_0458,evt_002808,5,2026-09-03T08:11:20Z,authorization_response,mpesa,KES,Kenya,wallet_hub,success,,mobile,Chrome,384.11,1276
ses_0458,evt_002809,6,2026-09-03T08:11:31Z,payment_completed,mpesa,KES,Kenya,wallet_hub,success,,mobile,Chrome,384.11,423
ses_0459,evt_002810,1,2026-09-02T20:34:41Z,checkout_initiated,mpesa,KES,Kenya,wallet_hub,started,,desktop,Safari,32.74,332
ses_0459,evt_002811,2,2026-09-02T20:34:48Z,method_selected,mpesa,KES,Kenya,wallet_hub,success,,desktop,Safari,32.74,1384
ses_0459,evt_002812,3,2026-09-02T20:34:57Z,details_entered,mpesa,KES,Kenya,wallet_hub,success,,desktop,Safari,32.74,706
ses_0459,evt_002813,4,2026-09-02T20:35:04Z,authorization_requested,mpesa,KES,Kenya,wallet_hub,submitted,,desktop,Safari,32.74,490
ses_0459,evt_002814,5,2026-09-02T20:35:09Z,authorization_response,mpesa,KES,Kenya,wallet_hub,failed,invalid_card,desktop,Safari,32.74,384
ses_0460,evt_002815,1,2026-09-10T12:59:02Z,checkout_initiated,card_visa,PHP,Philippines,gateway_alpha,started,,mobile,Firefox,145.42,583
ses_0460,evt_002816,2,2026-09-10T12:59:04Z,method_selected,card_visa,PHP,Philippines,gateway_alpha,success,,mobile,Firefox,145.42,644
ses_0460,evt_002817,3,2026-09-10T12:59:09Z,details_entered,card_visa,PHP,Philippines,gateway_alpha,success,,mobile,Firefox,145.42,1507
ses_0460,evt_002818,4,2026-09-10T12:59:17Z,authorization_requested,card_visa,PHP,Philippines,gateway_alpha,submitted,,mobile,Firefox,145.42,1558
ses_0460,evt_002819,5,2026-09-10T12:59:26Z,3ds_redirect,card_visa,PHP,Philippines,gateway_alpha,redirected,,mobile,Firefox,145.42,4291
ses_0460,evt_002820,6,2026-09-10T12:59:34Z,3ds_completed,card_visa,PHP,Philippines,gateway_alpha,success,,mobile,Firefox,145.42,1820
ses_0460,evt_002821,7,2026-09-10T12:59:45Z,authorization_response,card_visa,PHP,Philippines,gateway_alpha,success,,mobile,Firefox,145.42,1513
ses_0460,evt_002822,8,2026-09-10T12:59:47Z,payment_completed,card_visa,PHP,Philippines,gateway_alpha,success,,mobile,Firefox,145.42,664
ses_0461,evt_002823,1,2026-09-02T15:29:06Z,checkout_initiated,card_visa,SGD,Singapore,gateway_beta,started,,mobile,Chrome,221.83,508
ses_0461,evt_002824,2,2026-09-02T15:29:15Z,method_selected,card_visa,SGD,Singapore,gateway_beta,success,,mobile,Chrome,221.83,1717
ses_0461,evt_002825,3,2026-09-02T15:29:18Z,details_entered,card_visa,SGD,Singapore,gateway_beta,success,,mobile,Chrome,221.83,1503
ses_0461,evt_002826,4,2026-09-02T15:29:21Z,authorization_requested,card_visa,SGD,Singapore,gateway_beta,submitted,,mobile,Chrome,221.83,402
ses_0461,evt_002827,5,2026-09-02T15:29:32Z,authorization_response,card_visa,SGD,Singapore,gateway_beta,success,,mobile,Chrome,221.83,599
ses_0461,evt_002828,6,2026-09-02T15:29:36Z,payment_completed,card_visa,SGD,Singapore,gateway_beta,success,,mobile,Chrome,221.83,268
ses_0462,evt_002829,1,2026-09-04T16:49:15Z,checkout_initiated,bnpl_atome,SGD,Singapore,bnpl_connect,started,,mobile,Chrome,425.50,706
ses_0462,evt_002830,2,2026-09-04T16:49:19Z,method_selected,bnpl_atome,SGD,Singapore,bnpl_connect,success,,mobile,Chrome,425.50,1138
ses_0462,evt_002831,3,2026-09-04T16:49:26Z,details_entered,bnpl_atome,SGD,Singapore,bnpl_connect,success,,mobile,Chrome,425.50,721
ses_0462,evt_002832,4,2026-09-04T16:49:28Z,authorization_requested,bnpl_atome,SGD,Singapore,bnpl_connect,submitted,,mobile,Chrome,425.50,386
ses_0462,evt_002833,5,2026-09-04T16:49:37Z,authorization_response,bnpl_atome,SGD,Singapore,bnpl_connect,success,,mobile,Chrome,425.50,1436
ses_0462,evt_002834,6,2026-09-04T16:49:48Z,payment_completed,bnpl_atome,SGD,Singapore,bnpl_connect,success,,mobile,Chrome,425.50,1636
ses_0463,evt_002835,1,2026-09-11T07:26:45Z,checkout_initiated,card_mastercard,PHP,Philippines,gateway_beta,started,,mobile,Chrome,473.17,761
ses_0463,evt_002836,2,2026-09-11T07:26:49Z,method_selected,card_mastercard,PHP,Philippines,gateway_beta,success,,mobile,Chrome,473.17,1655
ses_0463,evt_002837,3,2026-09-11T07:26:56Z,details_entered,card_mastercard,PHP,Philippines,gateway_beta,success,,mobile,Chrome,473.17,1637
ses_0463,evt_002838,4,2026-09-11T07:27:05Z,authorization_requested,card_mastercard,PHP,Philippines,gateway_beta,submitted,,mobile,Chrome,473.17,558
ses_0463,evt_002839,5,2026-09-11T07:27:15Z,3ds_redirect,card_mastercard,PHP,Philippines,gateway_beta,redirected,,mobile,Chrome,473.17,3492
ses_0463,evt_002840,6,2026-09-11T07:27:28Z,3ds_completed,card_mastercard,PHP,Philippines,gateway_beta,success,,mobile,Chrome,473.17,2677
ses_0463,evt_002841,7,2026-09-11T07:27:31Z,authorization_response,card_mastercard,PHP,Philippines,gateway_beta,failed,fraud_suspected,mobile,Chrome,473.17,1014
ses_0464,evt_002842,1,2026-09-07T05:59:02Z,checkout_initiated,mpesa,KES,Kenya,wallet_hub,started,,mobile,Safari,228.85,984
ses_0464,evt_002843,2,2026-09-07T05:59:09Z,method_selected,mpesa,KES,Kenya,wallet_hub,success,,mobile,Safari,228.85,1482
ses_0464,evt_002844,3,2026-09-07T05:59:17Z,details_entered,mpesa,KES,Kenya,wallet_hub,success,,mobile,Safari,228.85,636
ses_0464,evt_002845,4,2026-09-07T05:59:28Z,authorization_requested,mpesa,KES,Kenya,wallet_hub,submitted,,mobile,Safari,228.85,1111
ses_0464,evt_002846,5,2026-09-07T05:59:38Z,authorization_response,mpesa,KES,Kenya,wallet_hub,success,,mobile,Safari,228.85,1068
ses_0464,evt_002847,6,2026-09-07T05:59:44Z,payment_completed,mpesa,KES,Kenya,wallet_hub,success,,mobile,Safari,228.85,1750
ses_0465,evt_002848,1,2026-09-02T02:39:43Z,checkout_initiated,gcash,PHP,Philippines,wallet_hub,started,,mobile,Safari,366.01,816
ses_0465,evt_002849,2,2026-09-02T02:39:53Z,method_selected,gcash,PHP,Philippines,wallet_hub,success,,mobile,Safari,366.01,616
ses_0465,evt_002850,3,2026-09-02T02:40:04Z,details_entered,gcash,PHP,Philippines,wallet_hub,success,,mobile,Safari,366.01,871
ses_0465,evt_002851,4,2026-09-02T02:40:06Z,authorization_requested,gcash,PHP,Philippines,wallet_hub,submitted,,mobile,Safari,366.01,1039
ses_0465,evt_002852,5,2026-09-02T02:40:10Z,authorization_response,gcash,PHP,Philippines,wallet_hub,failed,fraud_suspected,mobile,Safari,366.01,1591
ses_0466,evt_002853,1,2026-09-09T01:52:38Z,checkout_initiated,mpesa,KES,Kenya,wallet_hub,started,,mobile,Chrome,277.12,1335
ses_0466,evt_002854,2,2026-09-09T01:52:49Z,method_selected,mpesa,KES,Kenya,wallet_hub,success,,mobile,Chrome,277.12,645
ses_0466,evt_002855,3,2026-09-09T01:52:52Z,details_entered,mpesa,KES,Kenya,wallet_hub,success,,mobile,Chrome,277.12,959
ses_0466,evt_002856,4,2026-09-09T01:53:00Z,authorization_requested,mpesa,KES,Kenya,wallet_hub,submitted,,mobile,Chrome,277.12,1559
ses_0466,evt_002857,5,2026-09-09T01:53:03Z,authorization_response,mpesa,KES,Kenya,wallet_hub,success,,mobile,Chrome,277.12,264
ses_0466,evt_002858,6,2026-09-09T01:53:05Z,payment_completed,mpesa,KES,Kenya,wallet_hub,success,,mobile,Chrome,277.12,1395
ses_0467,evt_002859,1,2026-09-12T05:02:09Z,checkout_initiated,gcash,PHP,Philippines,wallet_hub,started,,desktop,Firefox,192.55,1559
ses_0467,evt_002860,2,2026-09-12T05:02:16Z,method_selected,gcash,PHP,Philippines,wallet_hub,success,,desktop,Firefox,192.55,222
ses_0467,evt_002861,3,2026-09-12T05:02:22Z,details_entered,gcash,PHP,Philippines,wallet_hub,success,,desktop,Firefox,192.55,609
ses_0467,evt_002862,4,2026-09-12T05:02:34Z,authorization_requested,gcash,PHP,Philippines,wallet_hub,submitted,,desktop,Firefox,192.55,1633
ses_0467,evt_002863,5,2026-09-12T05:02:37Z,authorization_response,gcash,PHP,Philippines,wallet_hub,success,,desktop,Firefox,192.55,1150
ses_0467,evt_002864,6,2026-09-12T05:02:40Z,payment_completed,gcash,PHP,Philippines,wallet_hub,success,,desktop,Firefox,192.55,625
ses_0468,evt_002865,1,2026-09-13T15:16:18Z,checkout_initiated,bank_transfer_local,KES,Kenya,bank_rail,started,,mobile,Chrome,365.16,1531
ses_0468,evt_002866,2,2026-09-13T15:16:27Z,method_selected,bank_transfer_local,KES,Kenya,bank_rail,success,,mobile,Chrome,365.16,376
ses_0468,evt_002867,3,2026-09-13T15:16:36Z,details_entered,bank_transfer_local,KES,Kenya,bank_rail,success,,mobile,Chrome,365.16,731
ses_0468,evt_002868,4,2026-09-13T15:16:40Z,authorization_requested,bank_transfer_local,KES,Kenya,bank_rail,submitted,,mobile,Chrome,365.16,410
ses_0468,evt_002869,5,2026-09-13T15:16:48Z,authorization_response,bank_transfer_local,KES,Kenya,bank_rail,pending,,mobile,Chrome,365.16,1697
ses_0469,evt_002870,1,2026-09-12T10:52:20Z,checkout_initiated,card_mastercard,USD,Cross-border,gateway_alpha,started,,mobile,Safari,197.05,1761
ses_0469,evt_002871,2,2026-09-12T10:52:25Z,method_selected,card_mastercard,USD,Cross-border,gateway_alpha,success,,mobile,Safari,197.05,1440
ses_0469,evt_002872,3,2026-09-12T10:52:34Z,details_entered,card_mastercard,USD,Cross-border,gateway_alpha,success,,mobile,Safari,197.05,838
ses_0469,evt_002873,4,2026-09-12T10:52:39Z,authorization_requested,card_mastercard,USD,Cross-border,gateway_alpha,submitted,,mobile,Safari,197.05,1468
ses_0469,evt_002874,5,2026-09-12T10:52:51Z,3ds_redirect,card_mastercard,USD,Cross-border,gateway_alpha,redirected,,mobile,Safari,197.05,6879
ses_0469,evt_002875,6,2026-09-12T10:53:05Z,3ds_completed,card_mastercard,USD,Cross-border,gateway_alpha,abandoned,3ds_abandoned,mobile,Safari,197.05,9075
ses_0470,evt_002876,1,2026-09-06T03:25:03Z,checkout_initiated,card_visa,USD,Cross-border,gateway_alpha,started,,mobile,Firefox,475.52,1014
ses_0470,evt_002877,2,2026-09-06T03:25:13Z,method_selected,card_visa,USD,Cross-border,gateway_alpha,success,,mobile,Firefox,475.52,1425
ses_0470,evt_002878,3,2026-09-06T03:41:52Z,details_entered,card_visa,USD,Cross-border,gateway_alpha,success,,mobile,Firefox,475.52,1660
ses_0470,evt_002879,4,2026-09-06T03:41:54Z,authorization_requested,card_visa,USD,Cross-border,gateway_alpha,submitted,,mobile,Firefox,475.52,1306
ses_0470,evt_002880,5,2026-09-06T03:42:03Z,3ds_redirect,card_visa,USD,Cross-border,gateway_alpha,redirected,,mobile,Firefox,475.52,1536
ses_0470,evt_002881,6,2026-09-06T03:42:14Z,3ds_completed,card_visa,USD,Cross-border,gateway_alpha,success,,mobile,Firefox,475.52,2679
ses_0470,evt_002882,7,2026-09-06T03:42:25Z,authorization_response,card_visa,USD,Cross-border,gateway_alpha,success,,mobile,Firefox,475.52,763
ses_0470,evt_002883,8,2026-09-06T03:42:37Z,payment_completed,card_visa,USD,Cross-border,gateway_alpha,success,,mobile,Firefox,475.52,1618
ses_0471,evt_002884,1,2026-09-11T13:38:31Z,checkout_initiated,card_visa,PHP,Philippines,gateway_beta,started,,mobile,Chrome,445.76,1639
ses_0471,evt_002885,2,2026-09-11T13:38:37Z,method_selected,card_visa,PHP,Philippines,gateway_beta,success,,mobile,Chrome,445.76,1611
ses_0471,evt_002886,3,2026-09-11T13:38:44Z,details_entered,card_visa,PHP,Philippines,gateway_beta,success,,mobile,Chrome,445.76,835
ses_0471,evt_002887,4,2026-09-11T13:38:54Z,authorization_requested,card_visa,PHP,Philippines,gateway_beta,submitted,,mobile,Chrome,445.76,180
ses_0471,evt_002888,5,2026-09-11T13:39:03Z,authorization_response,card_visa,PHP,Philippines,gateway_beta,success,,mobile,Chrome,445.76,675
ses_0471,evt_002889,6,2026-09-11T13:39:12Z,payment_completed,card_visa,PHP,Philippines,gateway_beta,success,,mobile,Chrome,445.76,1533
ses_0472,evt_002890,1,2026-09-14T17:31:29Z,checkout_initiated,card_mastercard,PHP,Philippines,gateway_alpha,started,,mobile,Chrome,417.58,717
ses_0472,evt_002891,2,2026-09-14T17:31:31Z,method_selected,card_mastercard,PHP,Philippines,gateway_alpha,success,,mobile,Chrome,417.58,1168
ses_0472,evt_002892,3,2026-09-14T17:31:42Z,details_entered,card_mastercard,PHP,Philippines,gateway_alpha,success,,mobile,Chrome,417.58,780
ses_0472,evt_002893,4,2026-09-14T17:31:51Z,authorization_requested,card_mastercard,PHP,Philippines,gateway_alpha,submitted,,mobile,Chrome,417.58,359
ses_0472,evt_002894,5,2026-09-14T17:32:00Z,3ds_redirect,card_mastercard,PHP,Philippines,gateway_alpha,redirected,,mobile,Chrome,417.58,2295
ses_0472,evt_002895,6,2026-09-14T17:32:13Z,3ds_completed,card_mastercard,PHP,Philippines,gateway_alpha,success,,mobile,Chrome,417.58,2501
ses_0472,evt_002896,7,2026-09-14T17:32:19Z,authorization_response,card_mastercard,PHP,Philippines,gateway_alpha,success,,mobile,Chrome,417.58,836
ses_0472,evt_002897,8,2026-09-14T17:32:26Z,payment_completed,card_mastercard,PHP,Philippines,gateway_alpha,success,,mobile,Chrome,417.58,901
ses_0473,evt_002898,1,2026-09-03T15:22:28Z,checkout_initiated,card_visa,PHP,Philippines,gateway_beta,started,,mobile,Chrome,241.35,771
ses_0473,evt_002899,2,2026-09-03T15:22:33Z,method_selected,card_visa,PHP,Philippines,gateway_beta,success,,mobile,Chrome,241.35,1032
ses_0473,evt_002900,3,2026-09-03T15:22:36Z,details_entered,card_visa,PHP,Philippines,gateway_beta,success,,mobile,Chrome,241.35,1277
ses_0473,evt_002901,4,2026-09-03T15:22:39Z,authorization_requested,card_visa,PHP,Philippines,gateway_beta,submitted,,mobile,Chrome,241.35,1031
ses_0473,evt_002902,5,2026-09-03T15:22:54Z,3ds_redirect,card_visa,PHP,Philippines,gateway_beta,redirected,,mobile,Chrome,241.35,9672
ses_0473,evt_002903,6,2026-09-03T15:23:08Z,3ds_completed,card_visa,PHP,Philippines,gateway_beta,abandoned,3ds_abandoned,mobile,Chrome,241.35,8888
ses_0474,evt_002904,1,2026-09-03T12:33:40Z,checkout_initiated,card_visa,SGD,Singapore,gateway_alpha,started,,mobile,Safari,392.95,1388
ses_0474,evt_002905,2,2026-09-03T12:33:51Z,method_selected,card_visa,SGD,Singapore,gateway_alpha,success,,mobile,Safari,392.95,357
ses_0474,evt_002906,3,2026-09-03T12:33:56Z,details_entered,card_visa,SGD,Singapore,gateway_alpha,success,,mobile,Safari,392.95,229
ses_0474,evt_002907,4,2026-09-03T12:34:04Z,authorization_requested,card_visa,SGD,Singapore,gateway_alpha,submitted,,mobile,Safari,392.95,473
ses_0474,evt_002908,5,2026-09-03T12:34:14Z,3ds_redirect,card_visa,SGD,Singapore,gateway_alpha,redirected,,mobile,Safari,392.95,7664
ses_0474,evt_002909,6,2026-09-03T12:34:27Z,3ds_completed,card_visa,SGD,Singapore,gateway_alpha,abandoned,3ds_abandoned,mobile,Safari,392.95,8572
ses_0475,evt_002910,1,2026-09-14T08:11:58Z,checkout_initiated,card_visa,KES,Kenya,gateway_beta,started,,mobile,Chrome,458.41,584
ses_0475,evt_002911,2,2026-09-14T08:12:04Z,method_selected,card_visa,KES,Kenya,gateway_beta,success,,mobile,Chrome,458.41,1313
ses_0475,evt_002912,3,2026-09-14T08:12:08Z,details_entered,card_visa,KES,Kenya,gateway_beta,success,,mobile,Chrome,458.41,1263
ses_0475,evt_002913,4,2026-09-14T08:12:13Z,authorization_requested,card_visa,KES,Kenya,gateway_beta,submitted,,mobile,Chrome,458.41,266
ses_0475,evt_002914,5,2026-09-14T08:12:21Z,authorization_response,card_visa,KES,Kenya,gateway_beta,success,,mobile,Chrome,458.41,1523
ses_0475,evt_002915,6,2026-09-14T08:12:30Z,payment_completed,card_visa,KES,Kenya,gateway_beta,success,,mobile,Chrome,458.41,187
ses_0476,evt_002916,1,2026-09-04T09:11:05Z,checkout_initiated,bnpl_atome,SGD,Singapore,bnpl_connect,started,,desktop,Safari,471.46,1195
ses_0476,evt_002917,2,2026-09-04T09:11:10Z,method_selected,bnpl_atome,SGD,Singapore,bnpl_connect,success,,desktop,Safari,471.46,1475
ses_0476,evt_002918,3,2026-09-04T09:11:19Z,details_entered,bnpl_atome,SGD,Singapore,bnpl_connect,success,,desktop,Safari,471.46,715
ses_0476,evt_002919,4,2026-09-04T09:11:21Z,authorization_requested,bnpl_atome,SGD,Singapore,bnpl_connect,submitted,,desktop,Safari,471.46,968
ses_0476,evt_002920,5,2026-09-04T09:11:31Z,authorization_response,bnpl_atome,SGD,Singapore,bnpl_connect,success,,desktop,Safari,471.46,221
ses_0476,evt_002921,6,2026-09-04T09:11:40Z,payment_completed,bnpl_atome,SGD,Singapore,bnpl_connect,success,,desktop,Safari,471.46,1161
ses_0477,evt_002922,1,2026-09-10T23:57:26Z,checkout_initiated,bank_transfer_local,SGD,Singapore,bank_rail,started,,mobile,Safari,375.50,1652
ses_0477,evt_002923,2,2026-09-10T23:57:34Z,method_selected,bank_transfer_local,SGD,Singapore,bank_rail,success,,mobile,Safari,375.50,1418
ses_0477,evt_002924,3,2026-09-10T23:57:39Z,details_entered,bank_transfer_local,SGD,Singapore,bank_rail,success,,mobile,Safari,375.50,1144
ses_0477,evt_002925,4,2026-09-10T23:57:43Z,authorization_requested,bank_transfer_local,SGD,Singapore,bank_rail,submitted,,mobile,Safari,375.50,1451
ses_0477,evt_002926,5,2026-09-10T23:57:53Z,authorization_response,bank_transfer_local,SGD,Singapore,bank_rail,failed,fraud_suspected,mobile,Safari,375.50,1597
ses_0478,evt_002927,1,2026-09-11T21:46:19Z,checkout_initiated,gcash,PHP,Philippines,wallet_hub,started,,mobile,Chrome,443.63,1555
ses_0478,evt_002928,2,2026-09-11T21:46:23Z,method_selected,gcash,PHP,Philippines,wallet_hub,success,,mobile,Chrome,443.63,359
ses_0478,evt_002929,3,2026-09-11T21:46:34Z,details_entered,gcash,PHP,Philippines,wallet_hub,success,,mobile,Chrome,443.63,1642
ses_0478,evt_002930,4,2026-09-11T21:46:44Z,authorization_requested,gcash,PHP,Philippines,wallet_hub,submitted,,mobile,Chrome,443.63,1432
ses_0478,evt_002931,5,2026-09-11T21:46:50Z,authorization_response,gcash,PHP,Philippines,wallet_hub,success,,mobile,Chrome,443.63,611
ses_0478,evt_002932,6,2026-09-11T21:46:58Z,payment_completed,gcash,PHP,Philippines,wallet_hub,success,,mobile,Chrome,443.63,1259
ses_0479,evt_002933,1,2026-09-06T08:29:13Z,checkout_initiated,card_mastercard,USD,Cross-border,gateway_alpha,started,,desktop,Chrome,315.47,1302
ses_0479,evt_002934,2,2026-09-06T08:29:16Z,method_selected,card_mastercard,USD,Cross-border,gateway_alpha,success,,desktop,Chrome,315.47,1736
ses_0479,evt_002935,3,2026-09-06T08:29:27Z,details_entered,card_mastercard,USD,Cross-border,gateway_alpha,success,,desktop,Chrome,315.47,679
ses_0479,evt_002936,4,2026-09-06T08:29:32Z,authorization_requested,card_mastercard,USD,Cross-border,gateway_alpha,submitted,,desktop,Chrome,315.47,675
ses_0479,evt_002937,5,2026-09-06T08:29:41Z,3ds_redirect,card_mastercard,USD,Cross-border,gateway_alpha,redirected,,desktop,Chrome,315.47,1720
ses_0479,evt_002938,6,2026-09-06T08:29:49Z,3ds_completed,card_mastercard,USD,Cross-border,gateway_alpha,success,,desktop,Chrome,315.47,4376
ses_0479,evt_002939,7,2026-09-06T08:29:53Z,authorization_response,card_mastercard,USD,Cross-border,gateway_alpha,failed,insufficient_funds,desktop,Chrome,315.47,1684
ses_0480,evt_002940,1,2026-09-12T14:49:21Z,checkout_initiated,card_visa,KES,Kenya,gateway_alpha,started,,mobile,Safari,312.32,1042
ses_0480,evt_002941,2,2026-09-12T14:49:32Z,method_selected,card_visa,KES,Kenya,gateway_alpha,success,,mobile,Safari,312.32,825
ses_0480,evt_002942,3,2026-09-12T14:49:40Z,details_entered,card_visa,KES,Kenya,gateway_alpha,success,,mobile,Safari,312.32,1562
ses_0480,evt_002943,4,2026-09-12T14:49:51Z,authorization_requested,card_visa,KES,Kenya,gateway_alpha,submitted,,mobile,Safari,312.32,796
ses_0480,evt_002944,5,2026-09-12T14:49:58Z,authorization_response,card_visa,KES,Kenya,gateway_alpha,success,,mobile,Safari,312.32,1595
ses_0480,evt_002945,6,2026-09-12T14:50:02Z,payment_completed,card_visa,KES,Kenya,gateway_alpha,success,,mobile,Safari,312.32,554
ses_0481,evt_002946,1,2026-09-02T21:21:09Z,checkout_initiated,bank_transfer_local,KES,Kenya,bank_rail,started,,mobile,Safari,434.81,1764
ses_0481,evt_002947,2,2026-09-02T21:21:15Z,method_selected,bank_transfer_local,KES,Kenya,bank_rail,success,,mobile,Safari,434.81,831
ses_0481,evt_002948,3,2026-09-02T21:21:24Z,details_entered,bank_transfer_local,KES,Kenya,bank_rail,success,,mobile,Safari,434.81,677
ses_0481,evt_002949,4,2026-09-02T21:21:27Z,authorization_requested,bank_transfer_local,KES,Kenya,bank_rail,submitted,,mobile,Safari,434.81,415
ses_0481,evt_002950,5,2026-09-02T21:21:33Z,authorization_response,bank_transfer_local,KES,Kenya,bank_rail,failed,invalid_card,mobile,Safari,434.81,1772
ses_0482,evt_002951,1,2026-09-01T16:22:59Z,checkout_initiated,mpesa,KES,Kenya,wallet_hub,started,,mobile,Chrome,416.82,1207
ses_0482,evt_002952,2,2026-09-01T16:23:08Z,method_selected,mpesa,KES,Kenya,wallet_hub,success,,mobile,Chrome,416.82,1620
ses_0482,evt_002953,3,2026-09-01T16:23:15Z,details_entered,mpesa,KES,Kenya,wallet_hub,success,,mobile,Chrome,416.82,949
ses_0482,evt_002954,4,2026-09-01T16:23:17Z,authorization_requested,mpesa,KES,Kenya,wallet_hub,submitted,,mobile,Chrome,416.82,700
ses_0482,evt_002955,5,2026-09-01T16:23:22Z,authorization_response,mpesa,KES,Kenya,wallet_hub,success,,mobile,Chrome,416.82,928
ses_0482,evt_002956,6,2026-09-01T16:23:33Z,payment_completed,mpesa,KES,Kenya,wallet_hub,success,,mobile,Chrome,416.82,931
ses_0483,evt_002957,1,2026-09-10T22:00:42Z,checkout_initiated,card_mastercard,SGD,Singapore,gateway_alpha,started,,mobile,Chrome,324.30,210
ses_0483,evt_002958,2,2026-09-10T22:00:45Z,method_selected,card_mastercard,SGD,Singapore,gateway_alpha,success,,mobile,Chrome,324.30,1134
ses_0483,evt_002959,3,2026-09-10T22:00:54Z,details_entered,card_mastercard,SGD,Singapore,gateway_alpha,success,,mobile,Chrome,324.30,509
ses_0483,evt_002960,4,2026-09-10T22:01:03Z,authorization_requested,card_mastercard,SGD,Singapore,gateway_alpha,submitted,,mobile,Chrome,324.30,1767
ses_0483,evt_002961,5,2026-09-10T22:01:11Z,3ds_redirect,card_mastercard,SGD,Singapore,gateway_alpha,redirected,,mobile,Chrome,324.30,1949
ses_0483,evt_002962,6,2026-09-10T22:01:21Z,3ds_completed,card_mastercard,SGD,Singapore,gateway_alpha,success,,mobile,Chrome,324.30,1477
ses_0483,evt_002963,7,2026-09-10T22:01:25Z,authorization_response,card_mastercard,SGD,Singapore,gateway_alpha,success,,mobile,Chrome,324.30,977
ses_0483,evt_002964,8,2026-09-10T22:01:35Z,payment_completed,card_mastercard,SGD,Singapore,gateway_alpha,success,,mobile,Chrome,324.30,933
ses_0484,evt_002965,1,2026-09-01T09:48:54Z,checkout_initiated,card_visa,KES,Kenya,gateway_beta,started,,mobile,Chrome,48.25,1005
ses_0484,evt_002966,2,2026-09-01T09:49:03Z,method_selected,card_visa,KES,Kenya,gateway_beta,success,,mobile,Chrome,48.25,1424
ses_0484,evt_002967,3,2026-09-01T09:49:12Z,details_entered,card_visa,KES,Kenya,gateway_beta,success,,mobile,Chrome,48.25,1676
ses_0484,evt_002968,4,2026-09-01T09:49:22Z,authorization_requested,card_visa,KES,Kenya,gateway_beta,submitted,,mobile,Chrome,48.25,1626
ses_0484,evt_002969,5,2026-09-01T09:49:43Z,3ds_redirect,card_visa,KES,Kenya,gateway_beta,redirected,,mobile,Chrome,48.25,12212
ses_0484,evt_002970,6,2026-09-01T09:49:57Z,3ds_completed,card_visa,KES,Kenya,gateway_beta,abandoned,3ds_abandoned,mobile,Chrome,48.25,7890
ses_0485,evt_002971,1,2026-09-14T09:28:56Z,checkout_initiated,card_visa,USD,Cross-border,gateway_alpha,started,,mobile,Chrome,352.32,325
ses_0485,evt_002972,2,2026-09-14T09:29:05Z,method_selected,card_visa,USD,Cross-border,gateway_alpha,success,,mobile,Chrome,352.32,1364
ses_0485,evt_002973,3,2026-09-14T09:29:07Z,details_entered,card_visa,USD,Cross-border,gateway_alpha,success,,mobile,Chrome,352.32,1251
ses_0485,evt_002974,4,2026-09-14T09:29:17Z,authorization_requested,card_visa,USD,Cross-border,gateway_alpha,submitted,,mobile,Chrome,352.32,1733
ses_0485,evt_002975,5,2026-09-14T09:29:23Z,authorization_response,card_visa,USD,Cross-border,gateway_alpha,success,,mobile,Chrome,352.32,916
ses_0485,evt_002976,6,2026-09-14T09:29:32Z,payment_completed,card_visa,USD,Cross-border,gateway_alpha,success,,mobile,Chrome,352.32,1019
ses_0486,evt_002977,1,2026-09-05T13:29:11Z,checkout_initiated,card_mastercard,KES,Kenya,gateway_beta,started,,desktop,Safari,339.53,1216
ses_0486,evt_002978,2,2026-09-05T13:29:15Z,method_selected,card_mastercard,KES,Kenya,gateway_beta,success,,desktop,Safari,339.53,853
ses_0486,evt_002979,3,2026-09-05T13:29:20Z,details_entered,card_mastercard,KES,Kenya,gateway_beta,success,,desktop,Safari,339.53,1281
ses_0486,evt_002980,4,2026-09-05T13:29:22Z,authorization_requested,card_mastercard,KES,Kenya,gateway_beta,submitted,,desktop,Safari,339.53,680
ses_0486,evt_002981,5,2026-09-05T13:29:31Z,3ds_redirect,card_mastercard,KES,Kenya,gateway_beta,redirected,,desktop,Safari,339.53,2679
ses_0486,evt_002982,6,2026-09-05T13:29:38Z,3ds_completed,card_mastercard,KES,Kenya,gateway_beta,success,,desktop,Safari,339.53,3268
ses_0486,evt_002983,7,2026-09-05T13:29:54Z,authorization_response,card_mastercard,KES,Kenya,gateway_beta,failed,timeout,desktop,Safari,339.53,7764
ses_0487,evt_002984,1,2026-09-11T12:00:49Z,checkout_initiated,card_mastercard,PHP,Philippines,gateway_beta,started,,mobile,Chrome,303.99,1307
ses_0487,evt_002985,2,2026-09-11T12:00:55Z,method_selected,card_mastercard,PHP,Philippines,gateway_beta,success,,mobile,Chrome,303.99,203
ses_0487,evt_002986,3,2026-09-11T12:01:06Z,details_entered,card_mastercard,PHP,Philippines,gateway_beta,success,,mobile,Chrome,303.99,813
ses_0487,evt_002987,4,2026-09-11T12:01:13Z,authorization_requested,card_mastercard,PHP,Philippines,gateway_beta,submitted,,mobile,Chrome,303.99,1796
ses_0487,evt_002988,5,2026-09-11T12:01:24Z,3ds_redirect,card_mastercard,PHP,Philippines,gateway_beta,redirected,,mobile,Chrome,303.99,2986
ses_0487,evt_002989,6,2026-09-11T12:01:37Z,3ds_completed,card_mastercard,PHP,Philippines,gateway_beta,success,,mobile,Chrome,303.99,5194
ses_0487,evt_002990,7,2026-09-11T12:01:44Z,authorization_response,card_mastercard,PHP,Philippines,gateway_beta,failed,fraud_suspected,mobile,Chrome,303.99,903
ses_0488,evt_002991,1,2026-09-13T06:59:31Z,checkout_initiated,card_visa,SGD,Singapore,gateway_alpha,started,,mobile,Chrome,43.41,1577
ses_0488,evt_002992,2,2026-09-13T06:59:40Z,method_selected,card_visa,SGD,Singapore,gateway_alpha,success,,mobile,Chrome,43.41,358
ses_0488,evt_002993,3,2026-09-13T06:59:46Z,details_entered,card_visa,SGD,Singapore,gateway_alpha,success,,mobile,Chrome,43.41,769
ses_0488,evt_002994,4,2026-09-13T06:59:50Z,authorization_requested,card_visa,SGD,Singapore,gateway_alpha,submitted,,mobile,Chrome,43.41,1630
ses_0488,evt_002995,5,2026-09-13T07:00:01Z,3ds_redirect,card_visa,SGD,Singapore,gateway_alpha,redirected,,mobile,Chrome,43.41,4938
ses_0488,evt_002996,6,2026-09-13T07:00:13Z,3ds_completed,card_visa,SGD,Singapore,gateway_alpha,success,,mobile,Chrome,43.41,2887
ses_0488,evt_002997,7,2026-09-13T07:00:17Z,authorization_response,card_visa,SGD,Singapore,gateway_alpha,success,,mobile,Chrome,43.41,1249
ses_0488,evt_002998,8,2026-09-13T07:00:19Z,payment_completed,card_visa,SGD,Singapore,gateway_alpha,success,,mobile,Chrome,43.41,317
ses_0489,evt_002999,1,2026-09-10T15:15:05Z,checkout_initiated,mpesa,KES,Kenya,wallet_hub,started,,mobile,Chrome,199.90,1142
ses_0489,evt_003000,2,2026-09-10T15:15:13Z,method_selected,mpesa,KES,Kenya,wallet_hub,success,,mobile,Chrome,199.90,992
ses_0489,evt_003001,3,2026-09-10T15:15:19Z,details_entered,mpesa,KES,Kenya,wallet_hub,success,,mobile,Chrome,199.90,994
ses_0489,evt_003002,4,2026-09-10T15:15:31Z,authorization_requested,mpesa,KES,Kenya,wallet_hub,submitted,,mobile,Chrome,199.90,1799
ses_0489,evt_003003,5,2026-09-10T15:15:40Z,authorization_response,mpesa,KES,Kenya,wallet_hub,success,,mobile,Chrome,199.90,1389
ses_0489,evt_003004,6,2026-09-10T15:15:44Z,payment_completed,mpesa,KES,Kenya,wallet_hub,success,,mobile,Chrome,199.90,931
ses_0490,evt_003005,1,2026-09-03T14:47:58Z,checkout_initiated,card_visa,KES,Kenya,gateway_alpha,started,,desktop,Chrome,29.83,660
ses_0490,evt_003006,2,2026-09-03T14:48:09Z,method_selected,card_visa,KES,Kenya,gateway_alpha,success,,desktop,Chrome,29.83,1038
ses_0490,evt_003007,3,2026-09-03T14:48:17Z,details_entered,card_visa,KES,Kenya,gateway_alpha,success,,desktop,Chrome,29.83,629
ses_0490,evt_003008,4,2026-09-03T14:48:24Z,authorization_requested,card_visa,KES,Kenya,gateway_alpha,submitted,,desktop,Chrome,29.83,1054
ses_0490,evt_003009,5,2026-09-03T14:48:32Z,3ds_redirect,card_visa,KES,Kenya,gateway_alpha,redirected,,desktop,Chrome,29.83,2473
ses_0490,evt_003010,6,2026-09-03T14:48:43Z,3ds_completed,card_visa,KES,Kenya,gateway_alpha,success,,desktop,Chrome,29.83,4952
ses_0490,evt_003011,7,2026-09-03T14:48:52Z,authorization_response,card_visa,KES,Kenya,gateway_alpha,success,,desktop,Chrome,29.83,1529
ses_0490,evt_003012,8,2026-09-03T14:49:02Z,payment_completed,card_visa,KES,Kenya,gateway_alpha,success,,desktop,Chrome,29.83,862
ses_0491,evt_003013,1,2026-09-04T09:42:25Z,checkout_initiated,bank_transfer_local,KES,Kenya,bank_rail,started,,mobile,Chrome,200.61,318
ses_0491,evt_003014,2,2026-09-04T09:42:33Z,method_selected,bank_transfer_local,KES,Kenya,bank_rail,success,,mobile,Chrome,200.61,1522
ses_0491,evt_003015,3,2026-09-04T09:42:44Z,details_entered,bank_transfer_local,KES,Kenya,bank_rail,success,,mobile,Chrome,200.61,343
ses_0491,evt_003016,4,2026-09-04T09:42:52Z,authorization_requested,bank_transfer_local,KES,Kenya,bank_rail,submitted,,mobile,Chrome,200.61,420
ses_0491,evt_003017,5,2026-09-04T09:42:55Z,authorization_response,bank_transfer_local,KES,Kenya,bank_rail,success,,mobile,Chrome,200.61,248
ses_0491,evt_003018,6,2026-09-04T09:42:58Z,payment_completed,bank_transfer_local,KES,Kenya,bank_rail,success,,mobile,Chrome,200.61,1672
ses_0492,evt_003019,1,2026-09-11T23:33:53Z,checkout_initiated,card_visa,KES,Kenya,gateway_alpha,started,,mobile,Firefox,196.05,312
ses_0492,evt_003020,2,2026-09-11T23:33:58Z,method_selected,card_visa,KES,Kenya,gateway_alpha,success,,mobile,Firefox,196.05,1292
ses_0492,evt_003021,3,2026-09-11T23:34:10Z,details_entered,card_visa,KES,Kenya,gateway_alpha,success,,mobile,Firefox,196.05,1708
ses_0492,evt_003022,4,2026-09-11T23:34:15Z,authorization_requested,card_visa,KES,Kenya,gateway_alpha,submitted,,mobile,Firefox,196.05,1429
ses_0492,evt_003023,5,2026-09-11T23:34:24Z,authorization_response,card_visa,KES,Kenya,gateway_alpha,success,,mobile,Firefox,196.05,279
ses_0492,evt_003024,6,2026-09-11T23:34:27Z,payment_completed,card_visa,KES,Kenya,gateway_alpha,success,,mobile,Firefox,196.05,972
ses_0493,evt_003025,1,2026-09-09T06:44:12Z,checkout_initiated,card_visa,SGD,Singapore,gateway_alpha,started,,mobile,Chrome,239.42,809
ses_0493,evt_003026,2,2026-09-09T06:44:20Z,method_selected,card_visa,SGD,Singapore,gateway_alpha,success,,mobile,Chrome,239.42,1265
ses_0493,evt_003027,3,2026-09-09T06:44:23Z,details_entered,card_visa,SGD,Singapore,gateway_alpha,success,,mobile,Chrome,239.42,244
ses_0493,evt_003028,4,2026-09-09T06:44:33Z,authorization_requested,card_visa,SGD,Singapore,gateway_alpha,submitted,,mobile,Chrome,239.42,1122
ses_0493,evt_003029,5,2026-09-09T06:44:40Z,3ds_redirect,card_visa,SGD,Singapore,gateway_alpha,redirected,,mobile,Chrome,239.42,3838
ses_0493,evt_003030,6,2026-09-09T06:44:54Z,3ds_completed,card_visa,SGD,Singapore,gateway_alpha,success,,mobile,Chrome,239.42,4622
ses_0493,evt_003031,7,2026-09-09T06:45:04Z,authorization_response,card_visa,SGD,Singapore,gateway_alpha,success,,mobile,Chrome,239.42,1583
ses_0493,evt_003032,8,2026-09-09T06:45:09Z,payment_completed,card_visa,SGD,Singapore,gateway_alpha,success,,mobile,Chrome,239.42,1761
ses_0494,evt_003033,1,2026-09-04T05:47:55Z,checkout_initiated,gcash,PHP,Philippines,wallet_hub,started,,mobile,Safari,421.68,687
ses_0494,evt_003034,2,2026-09-04T05:48:06Z,method_selected,gcash,PHP,Philippines,wallet_hub,success,,mobile,Safari,421.68,1784
ses_0494,evt_003035,3,2026-09-04T05:48:08Z,details_entered,gcash,PHP,Philippines,wallet_hub,success,,mobile,Safari,421.68,1365
ses_0494,evt_003036,4,2026-09-04T05:48:14Z,authorization_requested,gcash,PHP,Philippines,wallet_hub,submitted,,mobile,Safari,421.68,1236
ses_0494,evt_003037,5,2026-09-04T05:48:25Z,authorization_response,gcash,PHP,Philippines,wallet_hub,success,,mobile,Safari,421.68,1720
ses_0494,evt_003038,6,2026-09-04T05:48:35Z,payment_completed,gcash,PHP,Philippines,wallet_hub,success,,mobile,Safari,421.68,556
ses_0495,evt_003039,1,2026-09-03T16:52:09Z,checkout_initiated,bank_transfer_local,PHP,Philippines,bank_rail,started,,mobile,Chrome,331.86,487
ses_0495,evt_003040,2,2026-09-03T16:52:17Z,method_selected,bank_transfer_local,PHP,Philippines,bank_rail,success,,mobile,Chrome,331.86,420
ses_0495,evt_003041,3,2026-09-03T16:52:25Z,details_entered,bank_transfer_local,PHP,Philippines,bank_rail,success,,mobile,Chrome,331.86,1144
ses_0495,evt_003042,4,2026-09-03T16:52:29Z,authorization_requested,bank_transfer_local,PHP,Philippines,bank_rail,submitted,,mobile,Chrome,331.86,792
ses_0495,evt_003043,5,2026-09-03T16:52:39Z,authorization_response,bank_transfer_local,PHP,Philippines,bank_rail,success,,mobile,Chrome,331.86,1465
ses_0495,evt_003044,6,2026-09-03T16:52:42Z,payment_completed,bank_transfer_local,PHP,Philippines,bank_rail,success,,mobile,Chrome,331.86,1051
ses_0496,evt_003045,1,2026-09-11T13:29:07Z,checkout_initiated,gcash,PHP,Philippines,wallet_hub,started,,mobile,Safari,119.14,1307
ses_0496,evt_003046,2,2026-09-11T13:29:19Z,method_selected,gcash,PHP,Philippines,wallet_hub,success,,mobile,Safari,119.14,1772
ses_0496,evt_003047,3,2026-09-11T13:29:28Z,details_entered,gcash,PHP,Philippines,wallet_hub,success,,mobile,Safari,119.14,806
ses_0496,evt_003048,4,2026-09-11T13:29:32Z,authorization_requested,gcash,PHP,Philippines,wallet_hub,submitted,,mobile,Safari,119.14,810
ses_0496,evt_003049,5,2026-09-11T13:29:34Z,authorization_response,gcash,PHP,Philippines,wallet_hub,success,,mobile,Safari,119.14,681
ses_0496,evt_003050,6,2026-09-11T13:29:45Z,payment_completed,gcash,PHP,Philippines,wallet_hub,success,,mobile,Safari,119.14,1246
ses_0497,evt_003051,1,2026-09-01T14:08:33Z,checkout_initiated,card_visa,PHP,Philippines,gateway_alpha,started,,mobile,Safari,48.96,1633
ses_0497,evt_003052,2,2026-09-01T14:08:38Z,method_selected,card_visa,PHP,Philippines,gateway_alpha,success,,mobile,Safari,48.96,1295
ses_0497,evt_003053,3,2026-09-01T14:08:41Z,details_entered,card_visa,PHP,Philippines,gateway_alpha,success,,mobile,Safari,48.96,180
ses_0497,evt_003054,4,2026-09-01T14:08:50Z,authorization_requested,card_visa,PHP,Philippines,gateway_alpha,submitted,,mobile,Safari,48.96,1469
ses_0497,evt_003055,5,2026-09-01T14:09:03Z,3ds_redirect,card_visa,PHP,Philippines,gateway_alpha,redirected,,mobile,Safari,48.96,9533
ses_0497,evt_003056,6,2026-09-01T14:09:17Z,3ds_completed,card_visa,PHP,Philippines,gateway_alpha,abandoned,3ds_abandoned,mobile,Safari,48.96,6032
ses_0498,evt_003057,1,2026-09-03T01:26:53Z,checkout_initiated,card_visa,PHP,Philippines,gateway_alpha,started,,mobile,Chrome,399.71,887
ses_0498,evt_003058,2,2026-09-03T01:26:56Z,method_selected,card_visa,PHP,Philippines,gateway_alpha,success,,mobile,Chrome,399.71,1054
ses_0498,evt_003059,3,2026-09-03T01:27:00Z,details_entered,card_visa,PHP,Philippines,gateway_alpha,success,,mobile,Chrome,399.71,501
ses_0498,evt_003060,4,2026-09-03T01:27:06Z,authorization_requested,card_visa,PHP,Philippines,gateway_alpha,submitted,,mobile,Chrome,399.71,1585
ses_0498,evt_003061,5,2026-09-03T01:27:14Z,3ds_redirect,card_visa,PHP,Philippines,gateway_alpha,redirected,,mobile,Chrome,399.71,2599
ses_0498,evt_003062,6,2026-09-03T01:27:26Z,3ds_completed,card_visa,PHP,Philippines,gateway_alpha,success,,mobile,Chrome,399.71,3980
ses_0498,evt_003063,7,2026-09-03T01:27:30Z,authorization_response,card_visa,PHP,Philippines,gateway_alpha,success,,mobile,Chrome,399.71,659
ses_0498,evt_003064,8,2026-09-03T01:27:34Z,payment_completed,card_visa,PHP,Philippines,gateway_alpha,success,,mobile,Chrome,399.71,579
ses_0499,evt_003065,1,2026-09-07T16:04:08Z,checkout_initiated,mpesa,KES,Kenya,wallet_hub,started,,desktop,Chrome,140.08,1082
ses_0499,evt_003066,2,2026-09-07T16:04:16Z,method_selected,mpesa,KES,Kenya,wallet_hub,success,,desktop,Chrome,140.08,869
ses_0499,evt_003067,3,2026-09-07T16:04:20Z,details_entered,mpesa,KES,Kenya,wallet_hub,success,,desktop,Chrome,140.08,993
ses_0499,evt_003068,4,2026-09-07T16:04:32Z,authorization_requested,mpesa,KES,Kenya,wallet_hub,submitted,,desktop,Chrome,140.08,1548
ses_0499,evt_003069,5,2026-09-07T16:04:40Z,authorization_response,mpesa,KES,Kenya,wallet_hub,success,,desktop,Chrome,140.08,428
ses_0499,evt_003070,6,2026-09-07T16:04:45Z,payment_completed,mpesa,KES,Kenya,wallet_hub,success,,desktop,Chrome,140.08,869
ses_0500,evt_003071,1,2026-09-04T13:07:06Z,checkout_initiated,card_visa,USD,Cross-border,gateway_alpha,started,,mobile,Chrome,215.35,1055
ses_0500,evt_003072,2,2026-09-04T13:07:13Z,method_selected,card_visa,USD,Cross-border,gateway_alpha,success,,mobile,Chrome,215.35,983
ses_0500,evt_003073,3,2026-09-04T13:07:20Z,details_entered,card_visa,USD,Cross-border,gateway_alpha,success,,mobile,Chrome,215.35,470
ses_0500,evt_003074,4,2026-09-04T13:07:24Z,authorization_requested,card_visa,USD,Cross-border,gateway_alpha,submitted,,mobile,Chrome,215.35,180
ses_0500,evt_003075,5,2026-09-04T13:07:43Z,3ds_redirect,card_visa,USD,Cross-border,gateway_alpha,redirected,,mobile,Chrome,215.35,8608
ses_0500,evt_003076,6,2026-09-04T13:08:02Z,3ds_completed,card_visa,USD,Cross-border,gateway_alpha,abandoned,3ds_abandoned,mobile,Chrome,215.35,9999
ses_0501,evt_003077,1,2026-09-11T20:39:26Z,checkout_initiated,gcash,PHP,Philippines,wallet_hub,started,,mobile,Firefox,207.19,1565
ses_0501,evt_003078,2,2026-09-11T20:39:33Z,method_selected,gcash,PHP,Philippines,wallet_hub,success,,mobile,Firefox,207.19,695
ses_0501,evt_003079,3,2026-09-11T20:39:39Z,details_entered,gcash,PHP,Philippines,wallet_hub,success,,mobile,Firefox,207.19,969
ses_0501,evt_003080,4,2026-09-11T20:39:49Z,authorization_requested,gcash,PHP,Philippines,wallet_hub,submitted,,mobile,Firefox,207.19,1417
ses_0501,evt_003081,5,2026-09-11T20:39:53Z,authorization_response,gcash,PHP,Philippines,wallet_hub,success,,mobile,Firefox,207.19,1345
ses_0501,evt_003082,6,2026-09-11T20:40:04Z,payment_completed,gcash,PHP,Philippines,wallet_hub,success,,mobile,Firefox,207.19,1750
ses_0502,evt_003083,1,2026-09-07T14:38:17Z,checkout_initiated,mpesa,KES,Kenya,wallet_hub,started,,mobile,Chrome,123.01,1363
ses_0502,evt_003084,2,2026-09-07T14:38:24Z,method_selected,mpesa,KES,Kenya,wallet_hub,success,,mobile,Chrome,123.01,739
ses_0502,evt_003085,3,2026-09-07T14:38:30Z,details_entered,mpesa,KES,Kenya,wallet_hub,success,,mobile,Chrome,123.01,629
ses_0502,evt_003086,4,2026-09-07T14:38:40Z,authorization_requested,mpesa,KES,Kenya,wallet_hub,submitted,,mobile,Chrome,123.01,402
ses_0502,evt_003087,5,2026-09-07T14:38:48Z,authorization_response,mpesa,KES,Kenya,wallet_hub,success,,mobile,Chrome,123.01,1133
ses_0502,evt_003088,6,2026-09-07T14:38:59Z,payment_completed,mpesa,KES,Kenya,wallet_hub,success,,mobile,Chrome,123.01,1463
ses_0503,evt_003089,1,2026-09-07T10:30:02Z,checkout_initiated,card_mastercard,USD,Cross-border,gateway_alpha,started,,mobile,Safari,52.88,540
ses_0503,evt_003090,2,2026-09-07T10:30:11Z,method_selected,card_mastercard,USD,Cross-border,gateway_alpha,success,,mobile,Safari,52.88,1162
ses_0503,evt_003091,3,2026-09-07T10:30:15Z,details_entered,card_mastercard,USD,Cross-border,gateway_alpha,success,,mobile,Safari,52.88,1512
ses_0503,evt_003092,4,2026-09-07T10:30:23Z,authorization_requested,card_mastercard,USD,Cross-border,gateway_alpha,submitted,,mobile,Safari,52.88,1750
ses_0503,evt_003093,5,2026-09-07T10:30:39Z,3ds_redirect,card_mastercard,USD,Cross-border,gateway_alpha,redirected,,mobile,Safari,52.88,12023
ses_0503,evt_003094,6,2026-09-07T10:30:58Z,3ds_completed,card_mastercard,USD,Cross-border,gateway_alpha,abandoned,3ds_abandoned,mobile,Safari,52.88,13541
ses_0504,evt_003095,1,2026-09-11T08:03:05Z,checkout_initiated,card_visa,SGD,Singapore,gateway_alpha,started,,desktop,Firefox,315.37,281
ses_0504,evt_003096,2,2026-09-11T08:03:10Z,method_selected,card_visa,SGD,Singapore,gateway_alpha,success,,desktop,Firefox,315.37,1019
ses_0504,evt_003097,3,2026-09-11T08:03:19Z,details_entered,card_visa,SGD,Singapore,gateway_alpha,success,,desktop,Firefox,315.37,250
ses_0504,evt_003098,4,2026-09-11T08:03:22Z,authorization_requested,card_visa,SGD,Singapore,gateway_alpha,submitted,,desktop,Firefox,315.37,1349
ses_0504,evt_003099,5,2026-09-11T08:03:29Z,authorization_response,card_visa,SGD,Singapore,gateway_alpha,success,,desktop,Firefox,315.37,1171
ses_0504,evt_003100,6,2026-09-11T08:03:39Z,payment_completed,card_visa,SGD,Singapore,gateway_alpha,success,,desktop,Firefox,315.37,1055
ses_0505,evt_003101,1,2026-09-08T20:42:00Z,checkout_initiated,card_visa,SGD,Singapore,gateway_alpha,started,,mobile,Safari,391.94,260
ses_0505,evt_003102,2,2026-09-08T20:42:06Z,method_selected,card_visa,SGD,Singapore,gateway_alpha,success,,mobile,Safari,391.94,1735
ses_0505,evt_003103,3,2026-09-08T20:42:13Z,details_entered,card_visa,SGD,Singapore,gateway_alpha,success,,mobile,Safari,391.94,1670
ses_0505,evt_003104,4,2026-09-08T20:42:17Z,authorization_requested,card_visa,SGD,Singapore,gateway_alpha,submitted,,mobile,Safari,391.94,475
ses_0505,evt_003105,5,2026-09-08T20:42:26Z,3ds_redirect,card_visa,SGD,Singapore,gateway_alpha,redirected,,mobile,Safari,391.94,1235
ses_0505,evt_003106,6,2026-09-08T20:42:32Z,3ds_completed,card_visa,SGD,Singapore,gateway_alpha,success,,mobile,Safari,391.94,3489
ses_0505,evt_003107,7,2026-09-08T20:42:39Z,authorization_response,card_visa,SGD,Singapore,gateway_alpha,failed,insufficient_funds,mobile,Safari,391.94,1127
ses_0506,evt_003108,1,2026-09-13T07:40:09Z,checkout_initiated,bank_transfer_local,KES,Kenya,bank_rail,started,,mobile,Chrome,403.82,1004
ses_0506,evt_003109,2,2026-09-13T07:40:16Z,method_selected,bank_transfer_local,KES,Kenya,bank_rail,success,,mobile,Chrome,403.82,1720
ses_0506,evt_003110,3,2026-09-13T07:40:21Z,details_entered,bank_transfer_local,KES,Kenya,bank_rail,success,,mobile,Chrome,403.82,1135
ses_0506,evt_003111,4,2026-09-13T07:40:30Z,authorization_requested,bank_transfer_local,KES,Kenya,bank_rail,submitted,,mobile,Chrome,403.82,1107
ses_0506,evt_003112,5,2026-09-13T07:40:40Z,authorization_response,bank_transfer_local,KES,Kenya,bank_rail,success,,mobile,Chrome,403.82,759
ses_0506,evt_003113,6,2026-09-13T07:40:45Z,payment_completed,bank_transfer_local,KES,Kenya,bank_rail,success,,mobile,Chrome,403.82,1225
ses_0507,evt_003114,1,2026-09-12T12:08:46Z,checkout_initiated,card_mastercard,USD,Cross-border,gateway_alpha,started,,mobile,Firefox,278.58,1255
ses_0507,evt_003115,2,2026-09-12T12:08:57Z,method_selected,card_mastercard,USD,Cross-border,gateway_alpha,success,,mobile,Firefox,278.58,710
ses_0507,evt_003116,3,2026-09-12T12:09:01Z,details_entered,card_mastercard,USD,Cross-border,gateway_alpha,success,,mobile,Firefox,278.58,676
ses_0507,evt_003117,4,2026-09-12T12:09:06Z,authorization_requested,card_mastercard,USD,Cross-border,gateway_alpha,submitted,,mobile,Firefox,278.58,760
ses_0507,evt_003118,5,2026-09-12T12:09:11Z,3ds_redirect,card_mastercard,USD,Cross-border,gateway_alpha,redirected,,mobile,Firefox,278.58,2268
ses_0507,evt_003119,6,2026-09-12T12:09:16Z,3ds_completed,card_mastercard,USD,Cross-border,gateway_alpha,success,,mobile,Firefox,278.58,3200
ses_0507,evt_003120,7,2026-09-12T12:09:24Z,authorization_response,card_mastercard,USD,Cross-border,gateway_alpha,success,,mobile,Firefox,278.58,1781
ses_0507,evt_003121,8,2026-09-12T12:09:26Z,payment_completed,card_mastercard,USD,Cross-border,gateway_alpha,success,,mobile,Firefox,278.58,1015
ses_0508,evt_003122,1,2026-09-07T13:14:58Z,checkout_initiated,card_visa,PHP,Philippines,gateway_alpha,started,,mobile,Chrome,161.70,1358
ses_0508,evt_003123,2,2026-09-07T13:15:09Z,method_selected,card_visa,PHP,Philippines,gateway_alpha,success,,mobile,Chrome,161.70,1601
ses_0508,evt_003124,3,2026-09-07T13:15:18Z,details_entered,card_visa,PHP,Philippines,gateway_alpha,success,,mobile,Chrome,161.70,1321
ses_0508,evt_003125,4,2026-09-07T13:15:29Z,authorization_requested,card_visa,PHP,Philippines,gateway_alpha,submitted,,mobile,Chrome,161.70,1188
ses_0508,evt_003126,5,2026-09-07T13:15:35Z,3ds_redirect,card_visa,PHP,Philippines,gateway_alpha,redirected,,mobile,Chrome,161.70,2050
ses_0508,evt_003127,6,2026-09-07T13:15:47Z,3ds_completed,card_visa,PHP,Philippines,gateway_alpha,success,,mobile,Chrome,161.70,5109
ses_0508,evt_003128,7,2026-09-07T13:15:57Z,authorization_response,card_visa,PHP,Philippines,gateway_alpha,success,,mobile,Chrome,161.70,1577
ses_0508,evt_003129,8,2026-09-07T13:16:00Z,payment_completed,card_visa,PHP,Philippines,gateway_alpha,success,,mobile,Chrome,161.70,966
ses_0509,evt_003130,1,2026-09-13T15:06:18Z,checkout_initiated,bnpl_atome,SGD,Singapore,bnpl_connect,started,,desktop,Chrome,104.45,212
ses_0509,evt_003131,2,2026-09-13T15:06:27Z,method_selected,bnpl_atome,SGD,Singapore,bnpl_connect,success,,desktop,Chrome,104.45,604
ses_0509,evt_003132,3,2026-09-13T15:06:29Z,details_entered,bnpl_atome,SGD,Singapore,bnpl_connect,success,,desktop,Chrome,104.45,1033
ses_0509,evt_003133,4,2026-09-13T15:06:34Z,authorization_requested,bnpl_atome,SGD,Singapore,bnpl_connect,submitted,,desktop,Chrome,104.45,1335
ses_0509,evt_003134,5,2026-09-13T15:06:36Z,authorization_response,bnpl_atome,SGD,Singapore,bnpl_connect,success,,desktop,Chrome,104.45,1121
ses_0509,evt_003135,6,2026-09-13T15:06:39Z,payment_completed,bnpl_atome,SGD,Singapore,bnpl_connect,success,,desktop,Chrome,104.45,1636
ses_0510,evt_003136,1,2026-09-13T18:49:26Z,checkout_initiated,bnpl_atome,SGD,Singapore,bnpl_connect,started,,desktop,Safari,382.14,1067
ses_0510,evt_003137,2,2026-09-13T18:49:34Z,method_selected,bnpl_atome,SGD,Singapore,bnpl_connect,success,,desktop,Safari,382.14,1735
ses_0510,evt_003138,3,2026-09-13T18:49:41Z,details_entered,bnpl_atome,SGD,Singapore,bnpl_connect,success,,desktop,Safari,382.14,1282
ses_0510,evt_003139,4,2026-09-13T18:49:50Z,authorization_requested,bnpl_atome,SGD,Singapore,bnpl_connect,submitted,,desktop,Safari,382.14,1449
ses_0510,evt_003140,5,2026-09-13T18:50:01Z,authorization_response,bnpl_atome,SGD,Singapore,bnpl_connect,success,,desktop,Safari,382.14,1463
ses_0510,evt_003141,6,2026-09-13T18:50:08Z,payment_completed,bnpl_atome,SGD,Singapore,bnpl_connect,success,,desktop,Safari,382.14,1221
ses_0511,evt_003142,1,2026-09-01T23:34:41Z,checkout_initiated,bnpl_atome,PHP,Philippines,bnpl_connect,started,,desktop,Chrome,105.48,1616
ses_0511,evt_003143,2,2026-09-01T23:34:51Z,method_selected,bnpl_atome,PHP,Philippines,bnpl_connect,success,,desktop,Chrome,105.48,1158
ses_0511,evt_003144,3,2026-09-01T23:34:59Z,details_entered,bnpl_atome,PHP,Philippines,bnpl_connect,success,,desktop,Chrome,105.48,941
ses_0511,evt_003145,4,2026-09-01T23:35:06Z,authorization_requested,bnpl_atome,PHP,Philippines,bnpl_connect,submitted,,desktop,Chrome,105.48,585
ses_0511,evt_003146,5,2026-09-01T23:35:08Z,authorization_response,bnpl_atome,PHP,Philippines,bnpl_connect,success,,desktop,Chrome,105.48,496
ses_0511,evt_003147,6,2026-09-01T23:35:12Z,payment_completed,bnpl_atome,PHP,Philippines,bnpl_connect,success,,desktop,Chrome,105.48,1649
ses_0512,evt_003148,1,2026-09-04T06:41:13Z,checkout_initiated,card_mastercard,KES,Kenya,gateway_alpha,started,,mobile,Chrome,117.73,827
ses_0512,evt_003149,2,2026-09-04T06:41:16Z,method_selected,card_mastercard,KES,Kenya,gateway_alpha,success,,mobile,Chrome,117.73,542
ses_0512,evt_003150,3,2026-09-04T06:41:20Z,details_entered,card_mastercard,KES,Kenya,gateway_alpha,success,,mobile,Chrome,117.73,1381
ses_0512,evt_003151,4,2026-09-04T06:41:27Z,authorization_requested,card_mastercard,KES,Kenya,gateway_alpha,submitted,,mobile,Chrome,117.73,1521
ses_0512,evt_003152,5,2026-09-04T06:41:34Z,authorization_response,card_mastercard,KES,Kenya,gateway_alpha,success,,mobile,Chrome,117.73,596
ses_0512,evt_003153,6,2026-09-04T06:41:40Z,payment_completed,card_mastercard,KES,Kenya,gateway_alpha,success,,mobile,Chrome,117.73,882
ses_0513,evt_003154,1,2026-09-13T15:30:09Z,checkout_initiated,card_visa,SGD,Singapore,gateway_alpha,started,,mobile,Chrome,335.27,1748
ses_0514,evt_003155,1,2026-09-09T21:45:20Z,checkout_initiated,bank_transfer_local,SGD,Singapore,bank_rail,started,,desktop,Safari,141.97,691
ses_0514,evt_003156,2,2026-09-09T21:45:30Z,method_selected,bank_transfer_local,SGD,Singapore,bank_rail,success,,desktop,Safari,141.97,869
ses_0514,evt_003157,3,2026-09-09T21:45:32Z,details_entered,bank_transfer_local,SGD,Singapore,bank_rail,success,,desktop,Safari,141.97,857
ses_0514,evt_003158,4,2026-09-09T21:45:35Z,authorization_requested,bank_transfer_local,SGD,Singapore,bank_rail,submitted,,desktop,Safari,141.97,374
ses_0514,evt_003159,5,2026-09-09T21:45:39Z,authorization_response,bank_transfer_local,SGD,Singapore,bank_rail,success,,desktop,Safari,141.97,537
ses_0514,evt_003160,6,2026-09-09T21:45:51Z,payment_completed,bank_transfer_local,SGD,Singapore,bank_rail,success,,desktop,Safari,141.97,1585
ses_0515,evt_003161,1,2026-09-14T03:50:03Z,checkout_initiated,card_visa,PHP,Philippines,gateway_alpha,started,,mobile,Chrome,102.46,322
ses_0515,evt_003162,2,2026-09-14T03:50:06Z,method_selected,card_visa,PHP,Philippines,gateway_alpha,success,,mobile,Chrome,102.46,1636
ses_0515,evt_003163,3,2026-09-14T03:50:12Z,details_entered,card_visa,PHP,Philippines,gateway_alpha,success,,mobile,Chrome,102.46,1303
ses_0515,evt_003164,4,2026-09-14T03:50:17Z,authorization_requested,card_visa,PHP,Philippines,gateway_alpha,submitted,,mobile,Chrome,102.46,415
ses_0515,evt_003165,5,2026-09-14T03:50:26Z,authorization_response,card_visa,PHP,Philippines,gateway_alpha,success,,mobile,Chrome,102.46,250
ses_0515,evt_003166,6,2026-09-14T03:50:28Z,payment_completed,card_visa,PHP,Philippines,gateway_alpha,success,,mobile,Chrome,102.46,386
ses_0516,evt_003167,1,2026-09-09T06:16:40Z,checkout_initiated,card_mastercard,USD,Cross-border,gateway_beta,started,,mobile,Chrome,365.41,1127
ses_0516,evt_003168,2,2026-09-09T06:16:48Z,method_selected,card_mastercard,USD,Cross-border,gateway_beta,success,,mobile,Chrome,365.41,893
ses_0516,evt_003169,3,2026-09-09T06:16:57Z,details_entered,card_mastercard,USD,Cross-border,gateway_beta,success,,mobile,Chrome,365.41,329
ses_0516,evt_003170,4,2026-09-09T06:17:05Z,authorization_requested,card_mastercard,USD,Cross-border,gateway_beta,submitted,,mobile,Chrome,365.41,1714
ses_0516,evt_003171,5,2026-09-09T06:17:22Z,3ds_redirect,card_mastercard,USD,Cross-border,gateway_beta,redirected,,mobile,Chrome,365.41,11490
ses_0516,evt_003172,6,2026-09-09T06:17:39Z,3ds_completed,card_mastercard,USD,Cross-border,gateway_beta,abandoned,3ds_abandoned,mobile,Chrome,365.41,9448
ses_0517,evt_003173,1,2026-09-13T05:19:55Z,checkout_initiated,card_visa,PHP,Philippines,gateway_beta,started,,mobile,Chrome,142.62,551
ses_0517,evt_003174,2,2026-09-13T05:20:03Z,method_selected,card_visa,PHP,Philippines,gateway_beta,success,,mobile,Chrome,142.62,1333
ses_0517,evt_003175,3,2026-09-13T05:20:11Z,details_entered,card_visa,PHP,Philippines,gateway_beta,success,,mobile,Chrome,142.62,762
ses_0517,evt_003176,4,2026-09-13T05:20:22Z,authorization_requested,card_visa,PHP,Philippines,gateway_beta,submitted,,mobile,Chrome,142.62,1066
ses_0517,evt_003177,5,2026-09-13T05:20:27Z,3ds_redirect,card_visa,PHP,Philippines,gateway_beta,redirected,,mobile,Chrome,142.62,3856
ses_0517,evt_003178,6,2026-09-13T05:20:35Z,3ds_completed,card_visa,PHP,Philippines,gateway_beta,success,,mobile,Chrome,142.62,2468
ses_0517,evt_003179,7,2026-09-13T05:20:45Z,authorization_response,card_visa,PHP,Philippines,gateway_beta,failed,timeout,mobile,Chrome,142.62,8444
ses_0518,evt_003180,1,2026-09-03T13:15:10Z,checkout_initiated,card_mastercard,KES,Kenya,gateway_beta,started,,desktop,Chrome,468.38,1623
ses_0518,evt_003181,2,2026-09-03T13:15:20Z,method_selected,card_mastercard,KES,Kenya,gateway_beta,success,,desktop,Chrome,468.38,544
ses_0518,evt_003182,3,2026-09-03T13:15:26Z,details_entered,card_mastercard,KES,Kenya,gateway_beta,success,,desktop,Chrome,468.38,1091
ses_0518,evt_003183,4,2026-09-03T13:15:35Z,authorization_requested,card_mastercard,KES,Kenya,gateway_beta,submitted,,desktop,Chrome,468.38,553
ses_0518,evt_003184,5,2026-09-03T13:15:46Z,3ds_redirect,card_mastercard,KES,Kenya,gateway_beta,redirected,,desktop,Chrome,468.38,8622
ses_0518,evt_003185,6,2026-09-03T13:16:02Z,3ds_completed,card_mastercard,KES,Kenya,gateway_beta,abandoned,3ds_abandoned,desktop,Chrome,468.38,9891
ses_0519,evt_003186,1,2026-09-02T04:00:14Z,checkout_initiated,card_visa,SGD,Singapore,gateway_beta,started,,desktop,Chrome,264.24,1307
ses_0519,evt_003187,2,2026-09-02T04:00:23Z,method_selected,card_visa,SGD,Singapore,gateway_beta,success,,desktop,Chrome,264.24,1174
ses_0519,evt_003188,3,2026-09-02T04:25:36Z,details_entered,card_visa,SGD,Singapore,gateway_beta,success,,desktop,Chrome,264.24,1793
ses_0519,evt_003189,4,2026-09-02T04:25:42Z,authorization_requested,card_visa,SGD,Singapore,gateway_beta,submitted,,desktop,Chrome,264.24,720
ses_0519,evt_003190,5,2026-09-02T04:25:48Z,3ds_redirect,card_visa,SGD,Singapore,gateway_beta,redirected,,desktop,Chrome,264.24,3113
ses_0519,evt_003191,6,2026-09-02T04:25:52Z,3ds_completed,card_visa,SGD,Singapore,gateway_beta,success,,desktop,Chrome,264.24,2087
ses_0519,evt_003192,7,2026-09-02T04:25:59Z,authorization_response,card_visa,SGD,Singapore,gateway_beta,failed,fraud_suspected,desktop,Chrome,264.24,1334
ses_0520,evt_003193,1,2026-09-07T04:06:11Z,checkout_initiated,card_visa,PHP,Philippines,gateway_alpha,started,,desktop,Chrome,200.48,561
ses_0520,evt_003194,2,2026-09-07T04:06:21Z,method_selected,card_visa,PHP,Philippines,gateway_alpha,success,,desktop,Chrome,200.48,393
ses_0520,evt_003195,3,2026-09-07T04:06:26Z,details_entered,card_visa,PHP,Philippines,gateway_alpha,success,,desktop,Chrome,200.48,819
ses_0520,evt_003196,4,2026-09-07T04:06:37Z,authorization_requested,card_visa,PHP,Philippines,gateway_alpha,submitted,,desktop,Chrome,200.48,1712
ses_0520,evt_003197,5,2026-09-07T04:06:51Z,3ds_redirect,card_visa,PHP,Philippines,gateway_alpha,redirected,,desktop,Chrome,200.48,4152
ses_0520,evt_003198,6,2026-09-07T04:07:01Z,3ds_completed,card_visa,PHP,Philippines,gateway_alpha,success,,desktop,Chrome,200.48,3388
ses_0520,evt_003199,7,2026-09-07T04:07:06Z,authorization_response,card_visa,PHP,Philippines,gateway_alpha,success,,desktop,Chrome,200.48,759
ses_0520,evt_003200,8,2026-09-07T04:07:16Z,payment_completed,card_visa,PHP,Philippines,gateway_alpha,success,,desktop,Chrome,200.48,1423
ses_0521,evt_003201,1,2026-09-11T23:07:45Z,checkout_initiated,card_mastercard,USD,Cross-border,gateway_alpha,started,,mobile,Edge,295.40,253
ses_0521,evt_003202,2,2026-09-11T23:07:55Z,method_selected,card_mastercard,USD,Cross-border,gateway_alpha,success,,mobile,Edge,295.40,408
ses_0521,evt_003203,3,2026-09-11T23:08:05Z,details_entered,card_mastercard,USD,Cross-border,gateway_alpha,success,,mobile,Edge,295.40,1721
ses_0521,evt_003204,4,2026-09-11T23:08:07Z,authorization_requested,card_mastercard,USD,Cross-border,gateway_alpha,submitted,,mobile,Edge,295.40,314
ses_0521,evt_003205,5,2026-09-11T23:08:18Z,authorization_response,card_mastercard,USD,Cross-border,gateway_alpha,success,,mobile,Edge,295.40,1352
ses_0521,evt_003206,6,2026-09-11T23:08:20Z,payment_completed,card_mastercard,USD,Cross-border,gateway_alpha,success,,mobile,Edge,295.40,1233
ses_0522,evt_003207,1,2026-09-14T00:20:45Z,checkout_initiated,card_mastercard,KES,Kenya,gateway_alpha,started,,desktop,Safari,96.89,1416
ses_0522,evt_003208,2,2026-09-14T00:20:52Z,method_selected,card_mastercard,KES,Kenya,gateway_alpha,success,,desktop,Safari,96.89,522
ses_0522,evt_003209,3,2026-09-14T00:20:59Z,details_entered,card_mastercard,KES,Kenya,gateway_alpha,success,,desktop,Safari,96.89,1230
ses_0522,evt_003210,4,2026-09-14T00:21:01Z,authorization_requested,card_mastercard,KES,Kenya,gateway_alpha,submitted,,desktop,Safari,96.89,704
ses_0522,evt_003211,5,2026-09-14T00:21:20Z,3ds_redirect,card_mastercard,KES,Kenya,gateway_alpha,redirected,,desktop,Safari,96.89,11642
ses_0522,evt_003212,6,2026-09-14T00:21:36Z,3ds_completed,card_mastercard,KES,Kenya,gateway_alpha,abandoned,3ds_abandoned,desktop,Safari,96.89,13495
ses_0523,evt_003213,1,2026-09-02T01:21:47Z,checkout_initiated,card_mastercard,KES,Kenya,gateway_alpha,started,,mobile,Chrome,415.17,1414
ses_0523,evt_003214,2,2026-09-02T01:21:53Z,method_selected,card_mastercard,KES,Kenya,gateway_alpha,success,,mobile,Chrome,415.17,432
ses_0523,evt_003215,3,2026-09-02T01:21:58Z,details_entered,card_mastercard,KES,Kenya,gateway_alpha,success,,mobile,Chrome,415.17,613
ses_0523,evt_003216,4,2026-09-02T01:22:07Z,authorization_requested,card_mastercard,KES,Kenya,gateway_alpha,submitted,,mobile,Chrome,415.17,419
ses_0523,evt_003217,5,2026-09-02T01:22:19Z,3ds_redirect,card_mastercard,KES,Kenya,gateway_alpha,redirected,,mobile,Chrome,415.17,2541
ses_0523,evt_003218,6,2026-09-02T01:22:24Z,3ds_completed,card_mastercard,KES,Kenya,gateway_alpha,success,,mobile,Chrome,415.17,2990
ses_0523,evt_003219,7,2026-09-02T01:22:34Z,authorization_response,card_mastercard,KES,Kenya,gateway_alpha,success,,mobile,Chrome,415.17,1747
ses_0523,evt_003220,8,2026-09-02T01:22:42Z,payment_completed,card_mastercard,KES,Kenya,gateway_alpha,success,,mobile,Chrome,415.17,1220
ses_0524,evt_003221,1,2026-09-02T23:41:19Z,checkout_initiated,card_mastercard,SGD,Singapore,gateway_beta,started,,mobile,Safari,82.05,1389
ses_0524,evt_003222,2,2026-09-02T23:41:23Z,method_selected,card_mastercard,SGD,Singapore,gateway_beta,success,,mobile,Safari,82.05,1754
ses_0524,evt_003223,3,2026-09-03T00:05:19Z,details_entered,card_mastercard,SGD,Singapore,gateway_beta,success,,mobile,Safari,82.05,934
ses_0524,evt_003224,4,2026-09-03T00:05:29Z,authorization_requested,card_mastercard,SGD,Singapore,gateway_beta,submitted,,mobile,Safari,82.05,194
ses_0524,evt_003225,5,2026-09-03T00:05:48Z,3ds_redirect,card_mastercard,SGD,Singapore,gateway_beta,redirected,,mobile,Safari,82.05,12836
ses_0524,evt_003226,6,2026-09-03T00:05:57Z,3ds_completed,card_mastercard,SGD,Singapore,gateway_beta,abandoned,3ds_abandoned,mobile,Safari,82.05,7614
ses_0525,evt_003227,1,2026-09-04T13:24:25Z,checkout_initiated,card_visa,SGD,Singapore,gateway_alpha,started,,desktop,Chrome,324.07,429
ses_0525,evt_003228,2,2026-09-04T13:24:32Z,method_selected,card_visa,SGD,Singapore,gateway_alpha,success,,desktop,Chrome,324.07,1371
ses_0525,evt_003229,3,2026-09-04T13:24:39Z,details_entered,card_visa,SGD,Singapore,gateway_alpha,success,,desktop,Chrome,324.07,1306
ses_0525,evt_003230,4,2026-09-04T13:24:48Z,authorization_requested,card_visa,SGD,Singapore,gateway_alpha,submitted,,desktop,Chrome,324.07,1126
ses_0525,evt_003231,5,2026-09-04T13:25:06Z,3ds_redirect,card_visa,SGD,Singapore,gateway_alpha,redirected,,desktop,Chrome,324.07,9720
ses_0525,evt_003232,6,2026-09-04T13:25:24Z,3ds_completed,card_visa,SGD,Singapore,gateway_alpha,abandoned,3ds_abandoned,desktop,Chrome,324.07,11577
ses_0526,evt_003233,1,2026-09-03T04:44:46Z,checkout_initiated,card_visa,USD,Cross-border,gateway_alpha,started,,mobile,Safari,239.11,353
ses_0526,evt_003234,2,2026-09-03T04:44:58Z,method_selected,card_visa,USD,Cross-border,gateway_alpha,success,,mobile,Safari,239.11,1781
ses_0526,evt_003235,3,2026-09-03T04:45:04Z,details_entered,card_visa,USD,Cross-border,gateway_alpha,success,,mobile,Safari,239.11,1177
ses_0526,evt_003236,4,2026-09-03T04:45:06Z,authorization_requested,card_visa,USD,Cross-border,gateway_alpha,submitted,,mobile,Safari,239.11,1202
ses_0526,evt_003237,5,2026-09-03T04:45:19Z,3ds_redirect,card_visa,USD,Cross-border,gateway_alpha,redirected,,mobile,Safari,239.11,5069
ses_0526,evt_003238,6,2026-09-03T04:45:28Z,3ds_completed,card_visa,USD,Cross-border,gateway_alpha,success,,mobile,Safari,239.11,4744
ses_0526,evt_003239,7,2026-09-03T04:45:35Z,authorization_response,card_visa,USD,Cross-border,gateway_alpha,failed,fraud_suspected,mobile,Safari,239.11,551
ses_0527,evt_003240,1,2026-09-02T23:01:55Z,checkout_initiated,card_mastercard,PHP,Philippines,gateway_beta,started,,desktop,Safari,37.65,1313
ses_0527,evt_003241,2,2026-09-02T23:01:57Z,method_selected,card_mastercard,PHP,Philippines,gateway_beta,success,,desktop,Safari,37.65,619
ses_0527,evt_003242,3,2026-09-02T23:02:03Z,details_entered,card_mastercard,PHP,Philippines,gateway_beta,success,,desktop,Safari,37.65,1352
ses_0527,evt_003243,4,2026-09-02T23:02:14Z,authorization_requested,card_mastercard,PHP,Philippines,gateway_beta,submitted,,desktop,Safari,37.65,1394
ses_0527,evt_003244,5,2026-09-02T23:02:24Z,3ds_redirect,card_mastercard,PHP,Philippines,gateway_beta,redirected,,desktop,Safari,37.65,5017
ses_0527,evt_003245,6,2026-09-02T23:02:36Z,3ds_completed,card_mastercard,PHP,Philippines,gateway_beta,success,,desktop,Safari,37.65,4020
ses_0527,evt_003246,7,2026-09-02T23:02:41Z,authorization_response,card_mastercard,PHP,Philippines,gateway_beta,success,,desktop,Safari,37.65,661
ses_0527,evt_003247,8,2026-09-02T23:02:48Z,payment_completed,card_mastercard,PHP,Philippines,gateway_beta,success,,desktop,Safari,37.65,1562
ses_0528,evt_003248,1,2026-09-13T08:19:01Z,checkout_initiated,card_mastercard,PHP,Philippines,gateway_alpha,started,,mobile,Chrome,367.67,1677
ses_0528,evt_003249,2,2026-09-13T08:19:11Z,method_selected,card_mastercard,PHP,Philippines,gateway_alpha,success,,mobile,Chrome,367.67,483
ses_0528,evt_003250,3,2026-09-13T08:19:22Z,details_entered,card_mastercard,PHP,Philippines,gateway_alpha,success,,mobile,Chrome,367.67,1051
ses_0528,evt_003251,4,2026-09-13T08:19:24Z,authorization_requested,card_mastercard,PHP,Philippines,gateway_alpha,submitted,,mobile,Chrome,367.67,629
ses_0528,evt_003252,5,2026-09-13T08:19:37Z,3ds_redirect,card_mastercard,PHP,Philippines,gateway_alpha,redirected,,mobile,Chrome,367.67,3989
ses_0528,evt_003253,6,2026-09-13T08:19:40Z,3ds_completed,card_mastercard,PHP,Philippines,gateway_alpha,success,,mobile,Chrome,367.67,1425
ses_0528,evt_003254,7,2026-09-13T08:19:49Z,authorization_response,card_mastercard,PHP,Philippines,gateway_alpha,success,,mobile,Chrome,367.67,578
ses_0528,evt_003255,8,2026-09-13T08:19:58Z,payment_completed,card_mastercard,PHP,Philippines,gateway_alpha,success,,mobile,Chrome,367.67,1007
ses_0528,evt_003256,7,2026-09-13T08:19:49Z,authorization_response,card_mastercard,PHP,Philippines,gateway_alpha,success,,mobile,Chrome,367.67,578
ses_0529,evt_003257,1,2026-09-07T04:31:54Z,checkout_initiated,card_visa,PHP,Philippines,gateway_beta,started,,desktop,Safari,307.14,828
ses_0529,evt_003258,2,2026-09-07T04:32:04Z,method_selected,card_visa,PHP,Philippines,gateway_beta,success,,desktop,Safari,307.14,332
ses_0529,evt_003259,3,2026-09-07T04:32:06Z,details_entered,card_visa,PHP,Philippines,gateway_beta,success,,desktop,Safari,307.14,333
ses_0529,evt_003260,4,2026-09-07T04:32:09Z,authorization_requested,card_visa,PHP,Philippines,gateway_beta,submitted,,desktop,Safari,307.14,1532
ses_0529,evt_003261,5,2026-09-07T04:32:15Z,authorization_response,card_visa,PHP,Philippines,gateway_beta,success,,desktop,Safari,307.14,938
ses_0529,evt_003262,6,2026-09-07T04:32:22Z,payment_completed,card_visa,PHP,Philippines,gateway_beta,success,,desktop,Safari,307.14,404
ses_0530,evt_003263,1,2026-09-04T17:28:05Z,checkout_initiated,card_visa,PHP,Philippines,gateway_beta,started,,desktop,Firefox,162.49,1169
ses_0530,evt_003264,2,2026-09-04T17:28:09Z,method_selected,card_visa,PHP,Philippines,gateway_beta,success,,desktop,Firefox,162.49,253
ses_0530,evt_003265,3,2026-09-04T17:28:18Z,details_entered,card_visa,PHP,Philippines,gateway_beta,success,,desktop,Firefox,162.49,1222
ses_0530,evt_003266,4,2026-09-04T17:28:24Z,authorization_requested,card_visa,PHP,Philippines,gateway_beta,submitted,,desktop,Firefox,162.49,790
ses_0530,evt_003267,5,2026-09-04T17:28:35Z,authorization_response,card_visa,PHP,Philippines,gateway_beta,success,,desktop,Firefox,162.49,1715
ses_0530,evt_003268,6,2026-09-04T17:28:41Z,payment_completed,card_visa,PHP,Philippines,gateway_beta,success,,desktop,Firefox,162.49,1156
ses_0531,evt_003269,1,2026-09-08T23:40:08Z,checkout_initiated,card_visa,KES,Kenya,gateway_alpha,started,,mobile,Edge,165.51,1058
ses_0531,evt_003270,2,2026-09-08T23:40:16Z,method_selected,card_visa,KES,Kenya,gateway_alpha,success,,mobile,Edge,165.51,1792
ses_0531,evt_003271,3,2026-09-08T23:40:27Z,details_entered,card_visa,KES,Kenya,gateway_alpha,success,,mobile,Edge,165.51,788
ses_0531,evt_003272,4,2026-09-08T23:40:34Z,authorization_requested,card_visa,KES,Kenya,gateway_alpha,submitted,,mobile,Edge,165.51,1716
ses_0531,evt_003273,5,2026-09-08T23:40:40Z,3ds_redirect,card_visa,KES,Kenya,gateway_alpha,redirected,,mobile,Edge,165.51,2239
ses_0531,evt_003274,6,2026-09-08T23:40:50Z,3ds_completed,card_visa,KES,Kenya,gateway_alpha,success,,mobile,Edge,165.51,3919
ses_0531,evt_003275,7,2026-09-08T23:40:56Z,authorization_response,card_visa,KES,Kenya,gateway_alpha,success,,mobile,Edge,165.51,966
ses_0531,evt_003276,8,2026-09-08T23:41:01Z,payment_completed,card_visa,KES,Kenya,gateway_alpha,success,,mobile,Edge,165.51,1765
ses_0532,evt_003277,1,2026-09-02T10:00:05Z,checkout_initiated,mpesa,KES,Kenya,wallet_hub,started,,mobile,Chrome,463.17,1377
ses_0532,evt_003278,2,2026-09-02T10:00:16Z,method_selected,mpesa,KES,Kenya,wallet_hub,success,,mobile,Chrome,463.17,1680
ses_0532,evt_003279,3,2026-09-02T10:27:32Z,details_entered,mpesa,KES,Kenya,wallet_hub,success,,mobile,Chrome,463.17,996
ses_0532,evt_003280,4,2026-09-02T10:27:41Z,authorization_requested,mpesa,KES,Kenya,wallet_hub,submitted,,mobile,Chrome,463.17,914
ses_0532,evt_003281,5,2026-09-02T10:27:46Z,authorization_response,mpesa,KES,Kenya,wallet_hub,success,,mobile,Chrome,463.17,1128
ses_0532,evt_003282,6,2026-09-02T10:27:50Z,payment_completed,mpesa,KES,Kenya,wallet_hub,success,,mobile,Chrome,463.17,1635
ses_0533,evt_003283,1,2026-09-02T13:24:26Z,checkout_initiated,mpesa,KES,Kenya,wallet_hub,started,,mobile,Chrome,111.54,754
ses_0533,evt_003284,2,2026-09-02T13:24:36Z,method_selected,mpesa,KES,Kenya,wallet_hub,success,,mobile,Chrome,111.54,987
ses_0533,evt_003285,3,2026-09-02T13:24:42Z,details_entered,mpesa,KES,Kenya,wallet_hub,success,,mobile,Chrome,111.54,1163
ses_0533,evt_003286,4,2026-09-02T13:24:47Z,authorization_requested,mpesa,KES,Kenya,wallet_hub,submitted,,mobile,Chrome,111.54,867
ses_0533,evt_003287,5,2026-09-02T13:24:56Z,authorization_response,mpesa,KES,Kenya,wallet_hub,success,,mobile,Chrome,111.54,1068
ses_0533,evt_003288,6,2026-09-02T13:24:59Z,payment_completed,mpesa,KES,Kenya,wallet_hub,success,,mobile,Chrome,111.54,946
ses_0534,evt_003289,1,2026-09-02T20:54:19Z,checkout_initiated,bank_transfer_local,KES,Kenya,bank_rail,started,,mobile,Safari,101.10,1125
ses_0534,evt_003290,2,2026-09-02T20:54:22Z,method_selected,bank_transfer_local,KES,Kenya,bank_rail,success,,mobile,Safari,101.10,499
ses_0534,evt_003291,3,2026-09-02T20:54:31Z,details_entered,bank_transfer_local,KES,Kenya,bank_rail,success,,mobile,Safari,101.10,1589
ses_0534,evt_003292,4,2026-09-02T20:54:36Z,authorization_requested,bank_transfer_local,KES,Kenya,bank_rail,submitted,,mobile,Safari,101.10,321
ses_0534,evt_003293,5,2026-09-02T20:54:46Z,authorization_response,bank_transfer_local,KES,Kenya,bank_rail,failed,invalid_card,mobile,Safari,101.10,552
ses_0535,evt_003294,1,2026-09-07T22:59:39Z,checkout_initiated,card_visa,USD,Cross-border,gateway_alpha,started,,mobile,Firefox,399.13,1477
ses_0535,evt_003295,2,2026-09-07T22:59:47Z,method_selected,card_visa,USD,Cross-border,gateway_alpha,success,,mobile,Firefox,399.13,988
ses_0535,evt_003296,3,2026-09-07T22:59:54Z,details_entered,card_visa,USD,Cross-border,gateway_alpha,success,,mobile,Firefox,399.13,1800
ses_0535,evt_003297,4,2026-09-07T22:59:59Z,authorization_requested,card_visa,USD,Cross-border,gateway_alpha,submitted,,mobile,Firefox,399.13,1559
ses_0535,evt_003298,5,2026-09-07T23:00:08Z,3ds_redirect,card_visa,USD,Cross-border,gateway_alpha,redirected,,mobile,Firefox,399.13,4469
ses_0535,evt_003299,6,2026-09-07T23:00:19Z,3ds_completed,card_visa,USD,Cross-border,gateway_alpha,success,,mobile,Firefox,399.13,1856
ses_0535,evt_003300,7,2026-09-07T23:00:30Z,authorization_response,card_visa,USD,Cross-border,gateway_alpha,success,,mobile,Firefox,399.13,619
ses_0535,evt_003301,8,2026-09-07T23:00:38Z,payment_completed,card_visa,USD,Cross-border,gateway_alpha,success,,mobile,Firefox,399.13,193
ses_0535,evt_003302,7,2026-09-07T23:00:30Z,authorization_response,card_visa,USD,Cross-border,gateway_alpha,success,,mobile,Firefox,399.13,619
ses_0536,evt_003303,1,2026-09-12T00:59:07Z,checkout_initiated,bnpl_atome,SGD,Singapore,bnpl_connect,started,,mobile,Chrome,170.57,862
ses_0536,evt_003304,2,2026-09-12T00:59:14Z,method_selected,bnpl_atome,SGD,Singapore,bnpl_connect,success,,mobile,Chrome,170.57,249
ses_0536,evt_003305,3,2026-09-12T00:59:23Z,details_entered,bnpl_atome,SGD,Singapore,bnpl_connect,success,,mobile,Chrome,170.57,1391
ses_0536,evt_003306,4,2026-09-12T00:59:34Z,authorization_requested,bnpl_atome,SGD,Singapore,bnpl_connect,submitted,,mobile,Chrome,170.57,927
ses_0536,evt_003307,5,2026-09-12T00:59:38Z,authorization_response,bnpl_atome,SGD,Singapore,bnpl_connect,failed,invalid_card,mobile,Chrome,170.57,962
ses_0537,evt_003308,1,2026-09-13T19:37:31Z,checkout_initiated,bank_transfer_local,SGD,Singapore,bank_rail,started,,mobile,Safari,467.46,1429
ses_0537,evt_003309,2,2026-09-13T19:37:37Z,method_selected,bank_transfer_local,SGD,Singapore,bank_rail,success,,mobile,Safari,467.46,1255
ses_0537,evt_003310,3,2026-09-13T19:37:43Z,details_entered,bank_transfer_local,SGD,Singapore,bank_rail,success,,mobile,Safari,467.46,433
ses_0537,evt_003311,4,2026-09-13T19:37:45Z,authorization_requested,bank_transfer_local,SGD,Singapore,bank_rail,submitted,,mobile,Safari,467.46,1013
ses_0537,evt_003312,5,2026-09-13T19:37:53Z,authorization_response,bank_transfer_local,SGD,Singapore,bank_rail,failed,fraud_suspected,mobile,Safari,467.46,1279
ses_0538,evt_003313,1,2026-09-08T17:15:00Z,checkout_initiated,gcash,PHP,Philippines,wallet_hub,started,,desktop,Chrome,159.50,1695
ses_0538,evt_003314,2,2026-09-08T17:15:09Z,method_selected,gcash,PHP,Philippines,wallet_hub,success,,desktop,Chrome,159.50,204
ses_0538,evt_003315,3,2026-09-08T17:15:18Z,details_entered,gcash,PHP,Philippines,wallet_hub,success,,desktop,Chrome,159.50,1544
ses_0538,evt_003316,4,2026-09-08T17:15:28Z,authorization_requested,gcash,PHP,Philippines,wallet_hub,submitted,,desktop,Chrome,159.50,1553
ses_0538,evt_003317,5,2026-09-08T17:15:37Z,authorization_response,gcash,PHP,Philippines,wallet_hub,failed,insufficient_funds,desktop,Chrome,159.50,346
ses_0539,evt_003318,1,2026-09-14T09:39:00Z,checkout_initiated,gcash,PHP,Philippines,wallet_hub,started,,mobile,Safari,363.20,776
ses_0539,evt_003319,2,2026-09-14T09:39:10Z,method_selected,gcash,PHP,Philippines,wallet_hub,success,,mobile,Safari,363.20,498
ses_0539,evt_003320,3,2026-09-14T09:39:14Z,details_entered,gcash,PHP,Philippines,wallet_hub,success,,mobile,Safari,363.20,449
ses_0539,evt_003321,4,2026-09-14T09:39:24Z,authorization_requested,gcash,PHP,Philippines,wallet_hub,submitted,,mobile,Safari,363.20,686
ses_0539,evt_003322,5,2026-09-14T09:39:31Z,authorization_response,gcash,PHP,Philippines,wallet_hub,success,,mobile,Safari,363.20,900
ses_0539,evt_003323,6,2026-09-14T09:39:38Z,payment_completed,gcash,PHP,Philippines,wallet_hub,success,,mobile,Safari,363.20,458
ses_0540,evt_003324,1,2026-09-08T01:07:23Z,checkout_initiated,card_visa,KES,Kenya,gateway_beta,started,,mobile,Chrome,67.68,1300
ses_0540,evt_003325,2,2026-09-08T01:07:34Z,method_selected,card_visa,KES,Kenya,gateway_beta,success,,mobile,Chrome,67.68,240
ses_0540,evt_003326,3,2026-09-08T01:07:42Z,details_entered,card_visa,KES,Kenya,gateway_beta,success,,mobile,Chrome,67.68,1343
ses_0540,evt_003327,4,2026-09-08T01:07:53Z,authorization_requested,card_visa,KES,Kenya,gateway_beta,submitted,,mobile,Chrome,67.68,1207
ses_0540,evt_003328,5,2026-09-08T01:08:02Z,3ds_redirect,card_visa,KES,Kenya,gateway_beta,redirected,,mobile,Chrome,67.68,1725
ses_0540,evt_003329,6,2026-09-08T01:08:10Z,3ds_completed,card_visa,KES,Kenya,gateway_beta,success,,mobile,Chrome,67.68,4245
ses_0540,evt_003330,7,2026-09-08T01:08:20Z,authorization_response,card_visa,KES,Kenya,gateway_beta,failed,fraud_suspected,mobile,Chrome,67.68,1050
ses_0541,evt_003331,1,2026-09-08T21:25:27Z,checkout_initiated,card_mastercard,USD,Cross-border,gateway_alpha,started,,mobile,Chrome,360.17,468
ses_0541,evt_003332,2,2026-09-08T21:25:33Z,method_selected,card_mastercard,USD,Cross-border,gateway_alpha,success,,mobile,Chrome,360.17,1236
ses_0541,evt_003333,3,2026-09-08T21:25:37Z,details_entered,card_mastercard,USD,Cross-border,gateway_alpha,success,,mobile,Chrome,360.17,1786
ses_0541,evt_003334,4,2026-09-08T21:25:44Z,authorization_requested,card_mastercard,USD,Cross-border,gateway_alpha,submitted,,mobile,Chrome,360.17,793
ses_0541,evt_003335,5,2026-09-08T21:25:49Z,3ds_redirect,card_mastercard,USD,Cross-border,gateway_alpha,redirected,,mobile,Chrome,360.17,4135
ses_0541,evt_003336,6,2026-09-08T21:25:54Z,3ds_completed,card_mastercard,USD,Cross-border,gateway_alpha,success,,mobile,Chrome,360.17,4060
ses_0541,evt_003337,7,2026-09-08T21:26:02Z,authorization_response,card_mastercard,USD,Cross-border,gateway_alpha,success,,mobile,Chrome,360.17,803
ses_0541,evt_003338,8,2026-09-08T21:26:05Z,payment_completed,card_mastercard,USD,Cross-border,gateway_alpha,success,,mobile,Chrome,360.17,765
ses_0542,evt_003339,1,2026-09-13T17:50:35Z,checkout_initiated,card_visa,USD,Cross-border,gateway_beta,started,,desktop,Safari,212.65,838
ses_0542,evt_003340,2,2026-09-13T17:50:41Z,method_selected,card_visa,USD,Cross-border,gateway_beta,success,,desktop,Safari,212.65,1158
ses_0542,evt_003341,3,2026-09-13T17:50:50Z,details_entered,card_visa,USD,Cross-border,gateway_beta,success,,desktop,Safari,212.65,402
ses_0542,evt_003342,4,2026-09-13T17:51:01Z,authorization_requested,card_visa,USD,Cross-border,gateway_beta,submitted,,desktop,Safari,212.65,317
ses_0542,evt_003343,5,2026-09-13T17:51:13Z,3ds_redirect,card_visa,USD,Cross-border,gateway_beta,redirected,,desktop,Safari,212.65,3306
ses_0542,evt_003344,6,2026-09-13T17:51:25Z,3ds_completed,card_visa,USD,Cross-border,gateway_beta,success,,desktop,Safari,212.65,3260
ses_0542,evt_003345,7,2026-09-13T17:51:41Z,authorization_response,card_visa,USD,Cross-border,gateway_beta,failed,timeout,desktop,Safari,212.65,8214
ses_0543,evt_003346,1,2026-09-11T07:06:26Z,checkout_initiated,mpesa,KES,Kenya,wallet_hub,started,,desktop,Chrome,170.64,1767
ses_0543,evt_003347,2,2026-09-11T07:06:34Z,method_selected,mpesa,KES,Kenya,wallet_hub,success,,desktop,Chrome,170.64,1426
ses_0543,evt_003348,3,2026-09-11T07:06:39Z,details_entered,mpesa,KES,Kenya,wallet_hub,success,,desktop,Chrome,170.64,1621
ses_0543,evt_003349,4,2026-09-11T07:06:45Z,authorization_requested,mpesa,KES,Kenya,wallet_hub,submitted,,desktop,Chrome,170.64,190
ses_0543,evt_003350,5,2026-09-11T07:06:56Z,authorization_response,mpesa,KES,Kenya,wallet_hub,success,,desktop,Chrome,170.64,776
ses_0543,evt_003351,6,2026-09-11T07:07:07Z,payment_completed,mpesa,KES,Kenya,wallet_hub,success,,desktop,Chrome,170.64,1700
ses_0544,evt_003352,1,2026-09-08T20:06:39Z,checkout_initiated,mpesa,KES,Kenya,wallet_hub,started,,mobile,Chrome,80.56,1642
ses_0544,evt_003353,2,2026-09-08T20:06:42Z,method_selected,mpesa,KES,Kenya,wallet_hub,success,,mobile,Chrome,80.56,1198
ses_0544,evt_003354,3,2026-09-08T20:06:44Z,details_entered,mpesa,KES,Kenya,wallet_hub,success,,mobile,Chrome,80.56,677
ses_0544,evt_003355,4,2026-09-08T20:06:50Z,authorization_requested,mpesa,KES,Kenya,wallet_hub,submitted,,mobile,Chrome,80.56,1773
ses_0544,evt_003356,5,2026-09-08T20:06:57Z,authorization_response,mpesa,KES,Kenya,wallet_hub,success,,mobile,Chrome,80.56,1176
ses_0544,evt_003357,6,2026-09-08T20:06:59Z,payment_completed,mpesa,KES,Kenya,wallet_hub,success,,mobile,Chrome,80.56,1055
ses_0545,evt_003358,1,2026-09-07T11:15:18Z,checkout_initiated,card_visa,USD,Cross-border,gateway_alpha,started,,mobile,Chrome,10.28,1347
ses_0545,evt_003359,2,2026-09-07T11:15:26Z,method_selected,card_visa,USD,Cross-border,gateway_alpha,success,,mobile,Chrome,10.28,206
ses_0545,evt_003360,3,2026-09-07T11:15:34Z,details_entered,card_visa,USD,Cross-border,gateway_alpha,success,,mobile,Chrome,10.28,1612
ses_0545,evt_003361,4,2026-09-07T11:15:40Z,authorization_requested,card_visa,USD,Cross-border,gateway_alpha,submitted,,mobile,Chrome,10.28,803
ses_0545,evt_003362,5,2026-09-07T11:15:47Z,3ds_redirect,card_visa,USD,Cross-border,gateway_alpha,redirected,,mobile,Chrome,10.28,1486
ses_0545,evt_003363,6,2026-09-07T11:15:59Z,3ds_completed,card_visa,USD,Cross-border,gateway_alpha,success,,mobile,Chrome,10.28,3024
ses_0545,evt_003364,7,2026-09-07T11:16:07Z,authorization_response,card_visa,USD,Cross-border,gateway_alpha,success,,mobile,Chrome,10.28,389
ses_0545,evt_003365,8,2026-09-07T11:16:17Z,payment_completed,card_visa,USD,Cross-border,gateway_alpha,success,,mobile,Chrome,10.28,1563
ses_0546,evt_003366,1,2026-09-09T12:57:31Z,checkout_initiated,card_mastercard,KES,Kenya,gateway_beta,started,,mobile,Firefox,15.68,1367
ses_0546,evt_003367,2,2026-09-09T12:57:37Z,method_selected,card_mastercard,KES,Kenya,gateway_beta,success,,mobile,Firefox,15.68,676
ses_0546,evt_003368,3,2026-09-09T12:57:48Z,details_entered,card_mastercard,KES,Kenya,gateway_beta,success,,mobile,Firefox,15.68,856
ses_0546,evt_003369,4,2026-09-09T12:57:58Z,authorization_requested,card_mastercard,KES,Kenya,gateway_beta,submitted,,mobile,Firefox,15.68,1682
ses_0546,evt_003370,5,2026-09-09T12:58:07Z,3ds_redirect,card_mastercard,KES,Kenya,gateway_beta,redirected,,mobile,Firefox,15.68,4048
ses_0546,evt_003371,6,2026-09-09T12:58:11Z,3ds_completed,card_mastercard,KES,Kenya,gateway_beta,success,,mobile,Firefox,15.68,1929
ses_0546,evt_003372,7,2026-09-09T12:58:20Z,authorization_response,card_mastercard,KES,Kenya,gateway_beta,success,,mobile,Firefox,15.68,1396
ses_0546,evt_003373,8,2026-09-09T12:58:26Z,payment_completed,card_mastercard,KES,Kenya,gateway_beta,success,,mobile,Firefox,15.68,844
ses_0547,evt_003374,1,2026-09-03T10:37:04Z,checkout_initiated,card_mastercard,SGD,Singapore,gateway_alpha,started,,desktop,Safari,243.93,1411
ses_0547,evt_003375,2,2026-09-03T10:37:07Z,method_selected,card_mastercard,SGD,Singapore,gateway_alpha,success,,desktop,Safari,243.93,505
ses_0547,evt_003376,3,2026-09-03T10:37:15Z,details_entered,card_mastercard,SGD,Singapore,gateway_alpha,success,,desktop,Safari,243.93,613
ses_0547,evt_003377,4,2026-09-03T10:37:27Z,authorization_requested,card_mastercard,SGD,Singapore,gateway_alpha,submitted,,desktop,Safari,243.93,1778
ses_0547,evt_003378,5,2026-09-03T10:37:33Z,authorization_response,card_mastercard,SGD,Singapore,gateway_alpha,failed,insufficient_funds,desktop,Safari,243.93,1681
ses_0547,evt_003379,4,2026-09-03T10:37:27Z,authorization_requested,card_mastercard,SGD,Singapore,gateway_alpha,submitted,,desktop,Safari,243.93,1778
ses_0548,evt_003380,1,2026-09-02T10:38:48Z,checkout_initiated,card_visa,SGD,Singapore,gateway_alpha,started,,desktop,Edge,315.88,396
ses_0548,evt_003381,2,2026-09-02T10:38:56Z,method_selected,card_visa,SGD,Singapore,gateway_alpha,success,,desktop,Edge,315.88,1112
ses_0548,evt_003382,3,2026-09-02T10:39:04Z,details_entered,card_visa,SGD,Singapore,gateway_alpha,success,,desktop,Edge,315.88,1641
ses_0548,evt_003383,4,2026-09-02T10:39:09Z,authorization_requested,card_visa,SGD,Singapore,gateway_alpha,submitted,,desktop,Edge,315.88,1370
ses_0548,evt_003384,5,2026-09-02T10:39:23Z,3ds_redirect,card_visa,SGD,Singapore,gateway_alpha,redirected,,desktop,Edge,315.88,4856
ses_0548,evt_003385,6,2026-09-02T10:39:30Z,3ds_completed,card_visa,SGD,Singapore,gateway_alpha,success,,desktop,Edge,315.88,3942
ses_0548,evt_003386,7,2026-09-02T10:39:35Z,authorization_response,card_visa,SGD,Singapore,gateway_alpha,success,,desktop,Edge,315.88,467
ses_0548,evt_003387,8,2026-09-02T10:39:43Z,payment_completed,card_visa,SGD,Singapore,gateway_alpha,success,,desktop,Edge,315.88,284
ses_0549,evt_003388,1,2026-09-13T01:10:53Z,checkout_initiated,bnpl_atome,SGD,Singapore,bnpl_connect,started,,mobile,Firefox,203.92,1262
ses_0549,evt_003389,2,2026-09-13T01:11:01Z,method_selected,bnpl_atome,SGD,Singapore,bnpl_connect,success,,mobile,Firefox,203.92,1208
ses_0549,evt_003390,3,2026-09-13T01:11:03Z,details_entered,bnpl_atome,SGD,Singapore,bnpl_connect,success,,mobile,Firefox,203.92,1002
ses_0549,evt_003391,4,2026-09-13T01:11:11Z,authorization_requested,bnpl_atome,SGD,Singapore,bnpl_connect,submitted,,mobile,Firefox,203.92,1537
ses_0549,evt_003392,5,2026-09-13T01:11:14Z,authorization_response,bnpl_atome,SGD,Singapore,bnpl_connect,success,,mobile,Firefox,203.92,819
ses_0549,evt_003393,6,2026-09-13T01:11:23Z,payment_completed,bnpl_atome,SGD,Singapore,bnpl_connect,success,,mobile,Firefox,203.92,188
ses_0550,evt_003394,1,2026-09-08T00:46:52Z,checkout_initiated,bnpl_atome,SGD,Singapore,bnpl_connect,started,,desktop,Edge,76.71,714
ses_0550,evt_003395,2,2026-09-08T00:46:55Z,method_selected,bnpl_atome,SGD,Singapore,bnpl_connect,success,,desktop,Edge,76.71,715
ses_0550,evt_003396,3,2026-09-08T00:47:02Z,details_entered,bnpl_atome,SGD,Singapore,bnpl_connect,success,,desktop,Edge,76.71,1218
ses_0550,evt_003397,4,2026-09-08T00:47:04Z,authorization_requested,bnpl_atome,SGD,Singapore,bnpl_connect,submitted,,desktop,Edge,76.71,918
ses_0550,evt_003398,5,2026-09-08T00:47:14Z,authorization_response,bnpl_atome,SGD,Singapore,bnpl_connect,failed,insufficient_funds,desktop,Edge,76.71,1288
ses_0551,evt_003399,1,2026-09-13T21:40:01Z,checkout_initiated,card_visa,KES,Kenya,gateway_alpha,started,,mobile,Safari,276.84,917
ses_0551,evt_003400,2,2026-09-13T21:40:11Z,method_selected,card_visa,KES,Kenya,gateway_alpha,success,,mobile,Safari,276.84,939
ses_0551,evt_003401,3,2026-09-13T21:40:14Z,details_entered,card_visa,KES,Kenya,gateway_alpha,success,,mobile,Safari,276.84,1297
ses_0551,evt_003402,4,2026-09-13T21:40:24Z,authorization_requested,card_visa,KES,Kenya,gateway_alpha,submitted,,mobile,Safari,276.84,1399
ses_0551,evt_003403,5,2026-09-13T21:40:44Z,3ds_redirect,card_visa,KES,Kenya,gateway_alpha,redirected,,mobile,Safari,276.84,13571
ses_0551,evt_003404,6,2026-09-13T21:41:00Z,3ds_completed,card_visa,KES,Kenya,gateway_alpha,abandoned,3ds_abandoned,mobile,Safari,276.84,11372
ses_0552,evt_003405,1,2026-09-06T02:13:05Z,checkout_initiated,card_mastercard,SGD,Singapore,gateway_alpha,started,,mobile,Firefox,348.28,1718
ses_0552,evt_003406,2,2026-09-06T02:13:14Z,method_selected,card_mastercard,SGD,Singapore,gateway_alpha,success,,mobile,Firefox,348.28,1277
ses_0552,evt_003407,3,2026-09-06T02:13:25Z,details_entered,card_mastercard,SGD,Singapore,gateway_alpha,success,,mobile,Firefox,348.28,426
ses_0552,evt_003408,4,2026-09-06T02:13:31Z,authorization_requested,card_mastercard,SGD,Singapore,gateway_alpha,submitted,,mobile,Firefox,348.28,590
ses_0552,evt_003409,5,2026-09-06T02:13:48Z,3ds_redirect,card_mastercard,SGD,Singapore,gateway_alpha,redirected,,mobile,Firefox,348.28,10225
ses_0552,evt_003410,6,2026-09-06T02:14:01Z,3ds_completed,card_mastercard,SGD,Singapore,gateway_alpha,abandoned,3ds_abandoned,mobile,Firefox,348.28,10662
ses_0553,evt_003411,1,2026-09-01T20:18:50Z,checkout_initiated,card_mastercard,PHP,Philippines,gateway_alpha,started,,mobile,Chrome,98.99,1003
ses_0553,evt_003412,2,2026-09-01T20:19:01Z,method_selected,card_mastercard,PHP,Philippines,gateway_alpha,success,,mobile,Chrome,98.99,525
ses_0553,evt_003413,3,2026-09-01T20:19:05Z,details_entered,card_mastercard,PHP,Philippines,gateway_alpha,success,,mobile,Chrome,98.99,699
ses_0553,evt_003414,4,2026-09-01T20:19:12Z,authorization_requested,card_mastercard,PHP,Philippines,gateway_alpha,submitted,,mobile,Chrome,98.99,1384
ses_0553,evt_003415,5,2026-09-01T20:19:14Z,authorization_response,card_mastercard,PHP,Philippines,gateway_alpha,success,,mobile,Chrome,98.99,1142
ses_0553,evt_003416,6,2026-09-01T20:19:20Z,payment_completed,card_mastercard,PHP,Philippines,gateway_alpha,success,,mobile,Chrome,98.99,775
ses_0554,evt_003417,1,2026-09-11T11:43:55Z,checkout_initiated,card_mastercard,USD,Cross-border,gateway_alpha,started,,desktop,Chrome,326.41,371
ses_0554,evt_003418,2,2026-09-11T11:44:05Z,method_selected,card_mastercard,USD,Cross-border,gateway_alpha,success,,desktop,Chrome,326.41,1519
ses_0554,evt_003419,3,2026-09-11T11:44:15Z,details_entered,card_mastercard,USD,Cross-border,gateway_alpha,success,,desktop,Chrome,326.41,1789
ses_0554,evt_003420,4,2026-09-11T11:44:23Z,authorization_requested,card_mastercard,USD,Cross-border,gateway_alpha,submitted,,desktop,Chrome,326.41,933
ses_0554,evt_003421,5,2026-09-11T11:44:32Z,3ds_redirect,card_mastercard,USD,Cross-border,gateway_alpha,redirected,,desktop,Chrome,326.41,4479
ses_0554,evt_003422,6,2026-09-11T11:44:39Z,3ds_completed,card_mastercard,USD,Cross-border,gateway_alpha,success,,desktop,Chrome,326.41,2571
ses_0554,evt_003423,7,2026-09-11T11:44:47Z,authorization_response,card_mastercard,USD,Cross-border,gateway_alpha,success,,desktop,Chrome,326.41,953
ses_0554,evt_003424,8,2026-09-11T11:44:53Z,payment_completed,card_mastercard,USD,Cross-border,gateway_alpha,success,,desktop,Chrome,326.41,496
ses_0554,evt_003425,7,2026-09-11T11:44:47Z,authorization_response,card_mastercard,USD,Cross-border,gateway_alpha,success,,desktop,Chrome,326.41,953
ses_0555,evt_003426,1,2026-09-10T16:55:18Z,checkout_initiated,gcash,PHP,Philippines,wallet_hub,started,,desktop,Chrome,355.22,1133
ses_0555,evt_003427,2,2026-09-10T16:55:26Z,method_selected,gcash,PHP,Philippines,wallet_hub,success,,desktop,Chrome,355.22,1725
ses_0555,evt_003428,3,2026-09-10T16:55:37Z,details_entered,gcash,PHP,Philippines,wallet_hub,success,,desktop,Chrome,355.22,726
ses_0555,evt_003429,4,2026-09-10T16:55:46Z,authorization_requested,gcash,PHP,Philippines,wallet_hub,submitted,,desktop,Chrome,355.22,1499
ses_0555,evt_003430,5,2026-09-10T16:55:50Z,authorization_response,gcash,PHP,Philippines,wallet_hub,success,,desktop,Chrome,355.22,663
ses_0555,evt_003431,6,2026-09-10T16:55:54Z,payment_completed,gcash,PHP,Philippines,wallet_hub,success,,desktop,Chrome,355.22,625
ses_0556,evt_003432,1,2026-09-09T11:24:23Z,checkout_initiated,bank_transfer_local,PHP,Philippines,bank_rail,started,,desktop,Chrome,116.40,508
ses_0556,evt_003433,2,2026-09-09T11:24:30Z,method_selected,bank_transfer_local,PHP,Philippines,bank_rail,success,,desktop,Chrome,116.40,1516
ses_0556,evt_003434,3,2026-09-09T11:24:39Z,details_entered,bank_transfer_local,PHP,Philippines,bank_rail,success,,desktop,Chrome,116.40,446
ses_0556,evt_003435,4,2026-09-09T11:24:43Z,authorization_requested,bank_transfer_local,PHP,Philippines,bank_rail,submitted,,desktop,Chrome,116.40,550
ses_0556,evt_003436,5,2026-09-09T11:24:46Z,authorization_response,bank_transfer_local,PHP,Philippines,bank_rail,success,,desktop,Chrome,116.40,1194
ses_0556,evt_003437,6,2026-09-09T11:24:57Z,payment_completed,bank_transfer_local,PHP,Philippines,bank_rail,success,,desktop,Chrome,116.40,247
ses_0557,evt_003438,1,2026-09-08T18:13:55Z,checkout_initiated,card_visa,USD,Cross-border,gateway_alpha,started,,mobile,Chrome,174.58,317
ses_0557,evt_003439,2,2026-09-08T18:14:02Z,method_selected,card_visa,USD,Cross-border,gateway_alpha,success,,mobile,Chrome,174.58,452
ses_0557,evt_003440,3,2026-09-08T18:14:07Z,details_entered,card_visa,USD,Cross-border,gateway_alpha,success,,mobile,Chrome,174.58,1433
ses_0557,evt_003441,4,2026-09-08T18:14:15Z,authorization_requested,card_visa,USD,Cross-border,gateway_alpha,submitted,,mobile,Chrome,174.58,1689
ses_0557,evt_003442,5,2026-09-08T18:14:18Z,authorization_response,card_visa,USD,Cross-border,gateway_alpha,success,,mobile,Chrome,174.58,718
ses_0557,evt_003443,6,2026-09-08T18:14:26Z,payment_completed,card_visa,USD,Cross-border,gateway_alpha,success,,mobile,Chrome,174.58,568
ses_0558,evt_003444,1,2026-09-11T18:47:47Z,checkout_initiated,card_mastercard,SGD,Singapore,gateway_beta,started,,mobile,Safari,327.54,1800
ses_0558,evt_003445,2,2026-09-11T18:47:58Z,method_selected,card_mastercard,SGD,Singapore,gateway_beta,success,,mobile,Safari,327.54,1602
ses_0558,evt_003446,3,2026-09-11T18:48:05Z,details_entered,card_mastercard,SGD,Singapore,gateway_beta,success,,mobile,Safari,327.54,342
ses_0558,evt_003447,4,2026-09-11T18:48:11Z,authorization_requested,card_mastercard,SGD,Singapore,gateway_beta,submitted,,mobile,Safari,327.54,1303
ses_0558,evt_003448,5,2026-09-11T18:48:20Z,authorization_response,card_mastercard,SGD,Singapore,gateway_beta,success,,mobile,Safari,327.54,1410
ses_0558,evt_003449,6,2026-09-11T18:48:27Z,payment_completed,card_mastercard,SGD,Singapore,gateway_beta,success,,mobile,Safari,327.54,1069
ses_0559,evt_003450,1,2026-09-01T02:02:26Z,checkout_initiated,card_visa,PHP,Philippines,gateway_beta,started,,mobile,Chrome,32.58,1592
ses_0559,evt_003451,2,2026-09-01T02:02:29Z,method_selected,card_visa,PHP,Philippines,gateway_beta,success,,mobile,Chrome,32.58,1742
ses_0559,evt_003452,3,2026-09-01T02:02:38Z,details_entered,card_visa,PHP,Philippines,gateway_beta,success,,mobile,Chrome,32.58,754
ses_0559,evt_003453,4,2026-09-01T02:02:42Z,authorization_requested,card_visa,PHP,Philippines,gateway_beta,submitted,,mobile,Chrome,32.58,734
ses_0559,evt_003454,5,2026-09-01T02:03:00Z,3ds_redirect,card_visa,PHP,Philippines,gateway_beta,redirected,,mobile,Chrome,32.58,10277
ses_0559,evt_003455,6,2026-09-01T02:03:14Z,3ds_completed,card_visa,PHP,Philippines,gateway_beta,abandoned,3ds_abandoned,mobile,Chrome,32.58,11441
ses_0560,evt_003456,1,2026-09-02T08:09:54Z,checkout_initiated,card_visa,PHP,Philippines,gateway_beta,started,,mobile,Safari,60.92,848
ses_0560,evt_003457,2,2026-09-02T08:09:57Z,method_selected,card_visa,PHP,Philippines,gateway_beta,success,,mobile,Safari,60.92,1529
ses_0560,evt_003458,3,2026-09-02T08:10:00Z,details_entered,card_visa,PHP,Philippines,gateway_beta,success,,mobile,Safari,60.92,1225
ses_0560,evt_003459,4,2026-09-02T08:10:04Z,authorization_requested,card_visa,PHP,Philippines,gateway_beta,submitted,,mobile,Safari,60.92,1245
ses_0560,evt_003460,5,2026-09-02T08:10:09Z,authorization_response,card_visa,PHP,Philippines,gateway_beta,failed,insufficient_funds,mobile,Safari,60.92,1180
ses_0561,evt_003461,1,2026-09-08T15:39:53Z,checkout_initiated,card_mastercard,USD,Cross-border,gateway_beta,started,,mobile,Chrome,172.31,636
ses_0561,evt_003462,2,2026-09-08T15:40:04Z,method_selected,card_mastercard,USD,Cross-border,gateway_beta,success,,mobile,Chrome,172.31,1037
ses_0561,evt_003463,3,2026-09-08T15:40:12Z,details_entered,card_mastercard,USD,Cross-border,gateway_beta,success,,mobile,Chrome,172.31,557
ses_0561,evt_003464,4,2026-09-08T15:40:22Z,authorization_requested,card_mastercard,USD,Cross-border,gateway_beta,submitted,,mobile,Chrome,172.31,806
ses_0561,evt_003465,5,2026-09-08T15:40:37Z,3ds_redirect,card_mastercard,USD,Cross-border,gateway_beta,redirected,,mobile,Chrome,172.31,4687
ses_0561,evt_003466,6,2026-09-08T15:40:46Z,3ds_completed,card_mastercard,USD,Cross-border,gateway_beta,success,,mobile,Chrome,172.31,1302
ses_0561,evt_003467,7,2026-09-08T15:40:48Z,authorization_response,card_mastercard,USD,Cross-border,gateway_beta,failed,fraud_suspected,mobile,Chrome,172.31,291
ses_0562,evt_003468,1,2026-09-02T00:53:17Z,checkout_initiated,mpesa,KES,Kenya,wallet_hub,started,,desktop,Chrome,36.86,1019
ses_0562,evt_003469,2,2026-09-02T00:53:22Z,method_selected,mpesa,KES,Kenya,wallet_hub,success,,desktop,Chrome,36.86,1343
ses_0562,evt_003470,3,2026-09-02T00:53:30Z,details_entered,mpesa,KES,Kenya,wallet_hub,success,,desktop,Chrome,36.86,1584
ses_0562,evt_003471,4,2026-09-02T00:53:34Z,authorization_requested,mpesa,KES,Kenya,wallet_hub,submitted,,desktop,Chrome,36.86,1363
ses_0562,evt_003472,5,2026-09-02T00:53:37Z,authorization_response,mpesa,KES,Kenya,wallet_hub,success,,desktop,Chrome,36.86,459
ses_0562,evt_003473,6,2026-09-02T00:53:43Z,payment_completed,mpesa,KES,Kenya,wallet_hub,success,,desktop,Chrome,36.86,1143
ses_0563,evt_003474,1,2026-09-06T14:45:15Z,checkout_initiated,card_visa,SGD,Singapore,gateway_alpha,started,,mobile,Chrome,437.37,1148
ses_0563,evt_003475,2,2026-09-06T14:45:20Z,method_selected,card_visa,SGD,Singapore,gateway_alpha,success,,mobile,Chrome,437.37,1355
ses_0563,evt_003476,3,2026-09-06T14:45:23Z,details_entered,card_visa,SGD,Singapore,gateway_alpha,success,,mobile,Chrome,437.37,686
ses_0563,evt_003477,4,2026-09-06T14:45:34Z,authorization_requested,card_visa,SGD,Singapore,gateway_alpha,submitted,,mobile,Chrome,437.37,868
ses_0563,evt_003478,5,2026-09-06T14:45:44Z,3ds_redirect,card_visa,SGD,Singapore,gateway_alpha,redirected,,mobile,Chrome,437.37,2507
ses_0563,evt_003479,6,2026-09-06T14:45:54Z,3ds_completed,card_visa,SGD,Singapore,gateway_alpha,success,,mobile,Chrome,437.37,4741
ses_0563,evt_003480,7,2026-09-06T14:46:04Z,authorization_response,card_visa,SGD,Singapore,gateway_alpha,failed,invalid_card,mobile,Chrome,437.37,1458
ses_0564,evt_003481,1,2026-09-09T09:49:21Z,checkout_initiated,card_mastercard,SGD,Singapore,gateway_alpha,started,,mobile,Safari,42.74,1331
ses_0564,evt_003482,2,2026-09-09T09:49:26Z,method_selected,card_mastercard,SGD,Singapore,gateway_alpha,success,,mobile,Safari,42.74,404
ses_0564,evt_003483,3,2026-09-09T09:49:29Z,details_entered,card_mastercard,SGD,Singapore,gateway_alpha,success,,mobile,Safari,42.74,1585
ses_0564,evt_003484,4,2026-09-09T09:49:37Z,authorization_requested,card_mastercard,SGD,Singapore,gateway_alpha,submitted,,mobile,Safari,42.74,842
ses_0564,evt_003485,5,2026-09-09T09:49:44Z,3ds_redirect,card_mastercard,SGD,Singapore,gateway_alpha,redirected,,mobile,Safari,42.74,3617
ses_0564,evt_003486,6,2026-09-09T09:49:58Z,3ds_completed,card_mastercard,SGD,Singapore,gateway_alpha,success,,mobile,Safari,42.74,3845
ses_0564,evt_003487,7,2026-09-09T09:50:06Z,authorization_response,card_mastercard,SGD,Singapore,gateway_alpha,failed,fraud_suspected,mobile,Safari,42.74,1271
ses_0565,evt_003488,1,2026-09-11T03:49:18Z,checkout_initiated,card_visa,PHP,Philippines,gateway_alpha,started,,desktop,Chrome,304.08,754
ses_0565,evt_003489,2,2026-09-11T03:49:21Z,method_selected,card_visa,PHP,Philippines,gateway_alpha,success,,desktop,Chrome,304.08,1308
ses_0565,evt_003490,3,2026-09-11T03:49:32Z,details_entered,card_visa,PHP,Philippines,gateway_alpha,success,,desktop,Chrome,304.08,1237
ses_0565,evt_003491,4,2026-09-11T03:49:38Z,authorization_requested,card_visa,PHP,Philippines,gateway_alpha,submitted,,desktop,Chrome,304.08,1164
ses_0565,evt_003492,5,2026-09-11T03:49:49Z,3ds_redirect,card_visa,PHP,Philippines,gateway_alpha,redirected,,desktop,Chrome,304.08,2426
ses_0565,evt_003493,6,2026-09-11T03:50:01Z,3ds_completed,card_visa,PHP,Philippines,gateway_alpha,success,,desktop,Chrome,304.08,2383
ses_0565,evt_003494,7,2026-09-11T03:50:08Z,authorization_response,card_visa,PHP,Philippines,gateway_alpha,success,,desktop,Chrome,304.08,1028
ses_0565,evt_003495,8,2026-09-11T03:50:13Z,payment_completed,card_visa,PHP,Philippines,gateway_alpha,success,,desktop,Chrome,304.08,1062
ses_0566,evt_003496,1,2026-09-04T15:46:02Z,checkout_initiated,gcash,PHP,Philippines,wallet_hub,started,,desktop,Chrome,210.18,755
ses_0566,evt_003497,2,2026-09-04T15:46:08Z,method_selected,gcash,PHP,Philippines,wallet_hub,success,,desktop,Chrome,210.18,1768
ses_0566,evt_003498,3,2026-09-04T16:10:08Z,details_entered,gcash,PHP,Philippines,wallet_hub,success,,desktop,Chrome,210.18,197
ses_0566,evt_003499,4,2026-09-04T16:10:12Z,authorization_requested,gcash,PHP,Philippines,wallet_hub,submitted,,desktop,Chrome,210.18,535
ses_0566,evt_003500,5,2026-09-04T16:10:14Z,authorization_response,gcash,PHP,Philippines,wallet_hub,success,,desktop,Chrome,210.18,910
ses_0566,evt_003501,6,2026-09-04T16:10:16Z,payment_completed,gcash,PHP,Philippines,wallet_hub,success,,desktop,Chrome,210.18,667
ses_0567,evt_003502,1,2026-09-14T10:00:10Z,checkout_initiated,mpesa,KES,Kenya,wallet_hub,started,,desktop,Firefox,18.19,1574
ses_0567,evt_003503,2,2026-09-14T10:00:16Z,method_selected,mpesa,KES,Kenya,wallet_hub,success,,desktop,Firefox,18.19,636
ses_0567,evt_003504,3,2026-09-14T10:00:23Z,details_entered,mpesa,KES,Kenya,wallet_hub,success,,desktop,Firefox,18.19,836
ses_0567,evt_003505,4,2026-09-14T10:00:31Z,authorization_requested,mpesa,KES,Kenya,wallet_hub,submitted,,desktop,Firefox,18.19,766
ses_0567,evt_003506,5,2026-09-14T10:00:39Z,authorization_response,mpesa,KES,Kenya,wallet_hub,success,,desktop,Firefox,18.19,892
ses_0567,evt_003507,6,2026-09-14T10:00:41Z,payment_completed,mpesa,KES,Kenya,wallet_hub,success,,desktop,Firefox,18.19,1335
ses_0568,evt_003508,1,2026-09-12T13:14:03Z,checkout_initiated,gcash,PHP,Philippines,wallet_hub,started,,mobile,Chrome,174.24,1403
ses_0568,evt_003509,2,2026-09-12T13:14:12Z,method_selected,gcash,PHP,Philippines,wallet_hub,success,,mobile,Chrome,174.24,581
ses_0568,evt_003510,3,2026-09-12T13:14:23Z,details_entered,gcash,PHP,Philippines,wallet_hub,success,,mobile,Chrome,174.24,672
ses_0568,evt_003511,4,2026-09-12T13:14:34Z,authorization_requested,gcash,PHP,Philippines,wallet_hub,submitted,,mobile,Chrome,174.24,816
ses_0568,evt_003512,5,2026-09-12T13:14:44Z,authorization_response,gcash,PHP,Philippines,wallet_hub,success,,mobile,Chrome,174.24,349
ses_0568,evt_003513,6,2026-09-12T13:14:56Z,payment_completed,gcash,PHP,Philippines,wallet_hub,success,,mobile,Chrome,174.24,1518
ses_0569,evt_003514,1,2026-09-05T10:24:57Z,checkout_initiated,card_mastercard,SGD,Singapore,gateway_beta,started,,mobile,Safari,249.66,1201
ses_0569,evt_003515,2,2026-09-05T10:25:04Z,method_selected,card_mastercard,SGD,Singapore,gateway_beta,success,,mobile,Safari,249.66,825
ses_0569,evt_003516,3,2026-09-05T10:25:10Z,details_entered,card_mastercard,SGD,Singapore,gateway_beta,success,,mobile,Safari,249.66,625
ses_0569,evt_003517,4,2026-09-05T10:25:18Z,authorization_requested,card_mastercard,SGD,Singapore,gateway_beta,submitted,,mobile,Safari,249.66,253
ses_0569,evt_003518,5,2026-09-05T10:25:32Z,3ds_redirect,card_mastercard,SGD,Singapore,gateway_beta,redirected,,mobile,Safari,249.66,9615
ses_0569,evt_003519,6,2026-09-05T10:25:49Z,3ds_completed,card_mastercard,SGD,Singapore,gateway_beta,abandoned,3ds_abandoned,mobile,Safari,249.66,13093
ses_0570,evt_003520,1,2026-09-09T23:26:12Z,checkout_initiated,card_visa,SGD,Singapore,gateway_alpha,started,,mobile,Chrome,82.99,1554
ses_0570,evt_003521,2,2026-09-09T23:26:23Z,method_selected,card_visa,SGD,Singapore,gateway_alpha,success,,mobile,Chrome,82.99,325
ses_0570,evt_003522,3,2026-09-09T23:26:31Z,details_entered,card_visa,SGD,Singapore,gateway_alpha,success,,mobile,Chrome,82.99,1645
ses_0570,evt_003523,4,2026-09-09T23:26:33Z,authorization_requested,card_visa,SGD,Singapore,gateway_alpha,submitted,,mobile,Chrome,82.99,833
ses_0570,evt_003524,5,2026-09-09T23:26:41Z,3ds_redirect,card_visa,SGD,Singapore,gateway_alpha,redirected,,mobile,Chrome,82.99,4487
ses_0570,evt_003525,6,2026-09-09T23:26:45Z,3ds_completed,card_visa,SGD,Singapore,gateway_alpha,success,,mobile,Chrome,82.99,3087
ses_0570,evt_003526,7,2026-09-09T23:26:47Z,authorization_response,card_visa,SGD,Singapore,gateway_alpha,failed,invalid_card,mobile,Chrome,82.99,1266
ses_0571,evt_003527,1,2026-09-02T20:54:04Z,checkout_initiated,gcash,PHP,Philippines,wallet_hub,started,,mobile,Safari,137.20,1619
ses_0571,evt_003528,2,2026-09-02T20:54:12Z,method_selected,gcash,PHP,Philippines,wallet_hub,success,,mobile,Safari,137.20,1576
ses_0571,evt_003529,3,2026-09-02T20:54:22Z,details_entered,gcash,PHP,Philippines,wallet_hub,success,,mobile,Safari,137.20,1096
ses_0571,evt_003530,4,2026-09-02T20:54:26Z,authorization_requested,gcash,PHP,Philippines,wallet_hub,submitted,,mobile,Safari,137.20,1664
ses_0571,evt_003531,5,2026-09-02T20:54:36Z,authorization_response,gcash,PHP,Philippines,wallet_hub,success,,mobile,Safari,137.20,716
ses_0571,evt_003532,6,2026-09-02T20:54:46Z,payment_completed,gcash,PHP,Philippines,wallet_hub,success,,mobile,Safari,137.20,1451
ses_0572,evt_003533,1,2026-09-01T02:00:00Z,checkout_initiated,card_visa,USD,Cross-border,gateway_alpha,started,,desktop,Chrome,419.06,1383
ses_0572,evt_003534,2,2026-09-01T02:00:07Z,method_selected,card_visa,USD,Cross-border,gateway_alpha,success,,desktop,Chrome,419.06,1373
ses_0572,evt_003535,3,2026-09-01T02:00:16Z,details_entered,card_visa,USD,Cross-border,gateway_alpha,success,,desktop,Chrome,419.06,999
ses_0572,evt_003536,4,2026-09-01T02:00:19Z,authorization_requested,card_visa,USD,Cross-border,gateway_alpha,submitted,,desktop,Chrome,419.06,1424
ses_0572,evt_003537,5,2026-09-01T02:00:25Z,authorization_response,card_visa,USD,Cross-border,gateway_alpha,success,,desktop,Chrome,419.06,391
ses_0572,evt_003538,6,2026-09-01T02:00:34Z,payment_completed,card_visa,USD,Cross-border,gateway_alpha,success,,desktop,Chrome,419.06,1770
ses_0573,evt_003539,1,2026-09-06T23:54:41Z,checkout_initiated,gcash,PHP,Philippines,wallet_hub,started,,desktop,Chrome,280.80,201
ses_0573,evt_003540,2,2026-09-06T23:54:47Z,method_selected,gcash,PHP,Philippines,wallet_hub,success,,desktop,Chrome,280.80,316
ses_0573,evt_003541,3,2026-09-06T23:54:55Z,details_entered,gcash,PHP,Philippines,wallet_hub,success,,desktop,Chrome,280.80,1706
ses_0573,evt_003542,4,2026-09-06T23:55:00Z,authorization_requested,gcash,PHP,Philippines,wallet_hub,submitted,,desktop,Chrome,280.80,1094
ses_0573,evt_003543,5,2026-09-06T23:55:05Z,authorization_response,gcash,PHP,Philippines,wallet_hub,success,,desktop,Chrome,280.80,983
ses_0573,evt_003544,6,2026-09-06T23:55:16Z,payment_completed,gcash,PHP,Philippines,wallet_hub,success,,desktop,Chrome,280.80,1106
ses_0574,evt_003545,1,2026-09-06T17:02:47Z,checkout_initiated,card_mastercard,PHP,Philippines,gateway_alpha,started,,desktop,Chrome,60.48,1725
ses_0574,evt_003546,2,2026-09-06T17:02:53Z,method_selected,card_mastercard,PHP,Philippines,gateway_alpha,success,,desktop,Chrome,60.48,1749
ses_0574,evt_003547,3,2026-09-06T17:02:58Z,details_entered,card_mastercard,PHP,Philippines,gateway_alpha,success,,desktop,Chrome,60.48,933
ses_0574,evt_003548,4,2026-09-06T17:03:09Z,authorization_requested,card_mastercard,PHP,Philippines,gateway_alpha,submitted,,desktop,Chrome,60.48,1569
ses_0574,evt_003549,5,2026-09-06T17:03:19Z,3ds_redirect,card_mastercard,PHP,Philippines,gateway_alpha,redirected,,desktop,Chrome,60.48,8308
ses_0574,evt_003550,6,2026-09-06T17:03:39Z,3ds_completed,card_mastercard,PHP,Philippines,gateway_alpha,abandoned,3ds_abandoned,desktop,Chrome,60.48,9644
ses_0575,evt_003551,1,2026-09-05T22:40:23Z,checkout_initiated,bank_transfer_local,PHP,Philippines,bank_rail,started,,mobile,Safari,472.57,260
ses_0575,evt_003552,2,2026-09-05T22:40:25Z,method_selected,bank_transfer_local,PHP,Philippines,bank_rail,success,,mobile,Safari,472.57,1479
ses_0575,evt_003553,3,2026-09-05T22:40:29Z,details_entered,bank_transfer_local,PHP,Philippines,bank_rail,success,,mobile,Safari,472.57,1737
ses_0575,evt_003554,4,2026-09-05T22:40:39Z,authorization_requested,bank_transfer_local,PHP,Philippines,bank_rail,submitted,,mobile,Safari,472.57,1437
ses_0575,evt_003555,5,2026-09-05T22:40:44Z,authorization_response,bank_transfer_local,PHP,Philippines,bank_rail,success,,mobile,Safari,472.57,1756
ses_0575,evt_003556,6,2026-09-05T22:40:46Z,payment_completed,bank_transfer_local,PHP,Philippines,bank_rail,success,,mobile,Safari,472.57,1067
ses_0576,evt_003557,1,2026-09-06T12:27:02Z,checkout_initiated,card_mastercard,KES,Kenya,gateway_alpha,started,,mobile,Chrome,135.95,923
ses_0576,evt_003558,2,2026-09-06T12:27:12Z,method_selected,card_mastercard,KES,Kenya,gateway_alpha,success,,mobile,Chrome,135.95,837
ses_0576,evt_003559,3,2026-09-06T12:27:17Z,details_entered,card_mastercard,KES,Kenya,gateway_alpha,success,,mobile,Chrome,135.95,347
ses_0576,evt_003560,4,2026-09-06T12:27:27Z,authorization_requested,card_mastercard,KES,Kenya,gateway_alpha,submitted,,mobile,Chrome,135.95,1501
ses_0576,evt_003561,5,2026-09-06T12:27:42Z,3ds_redirect,card_mastercard,KES,Kenya,gateway_alpha,redirected,,mobile,Chrome,135.95,4629
ses_0576,evt_003562,6,2026-09-06T12:27:51Z,3ds_completed,card_mastercard,KES,Kenya,gateway_alpha,success,,mobile,Chrome,135.95,3998
ses_0576,evt_003563,7,2026-09-06T12:27:54Z,authorization_response,card_mastercard,KES,Kenya,gateway_alpha,success,,mobile,Chrome,135.95,764
ses_0576,evt_003564,8,2026-09-06T12:28:02Z,payment_completed,card_mastercard,KES,Kenya,gateway_alpha,success,,mobile,Chrome,135.95,1337
ses_0577,evt_003565,1,2026-09-09T14:46:39Z,checkout_initiated,card_mastercard,PHP,Philippines,gateway_alpha,started,,desktop,Safari,477.39,1734
ses_0577,evt_003566,2,2026-09-09T14:46:47Z,method_selected,card_mastercard,PHP,Philippines,gateway_alpha,success,,desktop,Safari,477.39,1013
ses_0577,evt_003567,3,2026-09-09T14:46:55Z,details_entered,card_mastercard,PHP,Philippines,gateway_alpha,success,,desktop,Safari,477.39,1040
ses_0577,evt_003568,4,2026-09-09T14:46:58Z,authorization_requested,card_mastercard,PHP,Philippines,gateway_alpha,submitted,,desktop,Safari,477.39,1662
ses_0577,evt_003569,5,2026-09-09T14:47:08Z,3ds_redirect,card_mastercard,PHP,Philippines,gateway_alpha,redirected,,desktop,Safari,477.39,2832
ses_0577,evt_003570,6,2026-09-09T14:47:18Z,3ds_completed,card_mastercard,PHP,Philippines,gateway_alpha,success,,desktop,Safari,477.39,4700
ses_0577,evt_003571,7,2026-09-09T14:47:29Z,authorization_response,card_mastercard,PHP,Philippines,gateway_alpha,success,,desktop,Safari,477.39,381
ses_0577,evt_003572,8,2026-09-09T14:47:40Z,payment_completed,card_mastercard,PHP,Philippines,gateway_alpha,success,,desktop,Safari,477.39,1439
ses_0578,evt_003573,1,2026-09-14T13:12:03Z,checkout_initiated,gcash,PHP,Philippines,wallet_hub,started,,mobile,Safari,438.44,721
ses_0578,evt_003574,2,2026-09-14T13:12:13Z,method_selected,gcash,PHP,Philippines,wallet_hub,success,,mobile,Safari,438.44,1496
ses_0578,evt_003575,3,2026-09-14T13:12:16Z,details_entered,gcash,PHP,Philippines,wallet_hub,success,,mobile,Safari,438.44,1665
ses_0578,evt_003576,4,2026-09-14T13:12:18Z,authorization_requested,gcash,PHP,Philippines,wallet_hub,submitted,,mobile,Safari,438.44,269
ses_0578,evt_003577,5,2026-09-14T13:12:21Z,authorization_response,gcash,PHP,Philippines,wallet_hub,failed,invalid_card,mobile,Safari,438.44,1394
ses_0579,evt_003578,1,2026-09-07T04:49:19Z,checkout_initiated,gcash,PHP,Philippines,wallet_hub,started,,mobile,Chrome,134.17,1549
ses_0579,evt_003579,2,2026-09-07T04:49:24Z,method_selected,gcash,PHP,Philippines,wallet_hub,success,,mobile,Chrome,134.17,1270
ses_0579,evt_003580,3,2026-09-07T04:49:30Z,details_entered,gcash,PHP,Philippines,wallet_hub,success,,mobile,Chrome,134.17,1092
ses_0579,evt_003581,4,2026-09-07T04:49:38Z,authorization_requested,gcash,PHP,Philippines,wallet_hub,submitted,,mobile,Chrome,134.17,816
ses_0579,evt_003582,5,2026-09-07T04:49:48Z,authorization_response,gcash,PHP,Philippines,wallet_hub,success,,mobile,Chrome,134.17,1777
ses_0579,evt_003583,6,2026-09-07T04:49:53Z,payment_completed,gcash,PHP,Philippines,wallet_hub,success,,mobile,Chrome,134.17,463
ses_0580,evt_003584,1,2026-09-09T19:53:21Z,checkout_initiated,card_mastercard,KES,Kenya,gateway_beta,started,,desktop,Chrome,294.61,475
ses_0580,evt_003585,2,2026-09-09T19:53:23Z,method_selected,card_mastercard,KES,Kenya,gateway_beta,success,,desktop,Chrome,294.61,871
ses_0580,evt_003586,3,2026-09-09T19:53:34Z,details_entered,card_mastercard,KES,Kenya,gateway_beta,success,,desktop,Chrome,294.61,561
ses_0580,evt_003587,4,2026-09-09T19:53:46Z,authorization_requested,card_mastercard,KES,Kenya,gateway_beta,submitted,,desktop,Chrome,294.61,1757
ses_0580,evt_003588,5,2026-09-09T19:53:57Z,3ds_redirect,card_mastercard,KES,Kenya,gateway_beta,redirected,,desktop,Chrome,294.61,3279
ses_0580,evt_003589,6,2026-09-09T19:54:08Z,3ds_completed,card_mastercard,KES,Kenya,gateway_beta,success,,desktop,Chrome,294.61,3878
ses_0580,evt_003590,7,2026-09-09T19:54:19Z,authorization_response,card_mastercard,KES,Kenya,gateway_beta,success,,desktop,Chrome,294.61,451
ses_0580,evt_003591,8,2026-09-09T19:54:27Z,payment_completed,card_mastercard,KES,Kenya,gateway_beta,success,,desktop,Chrome,294.61,990
ses_0581,evt_003592,1,2026-09-05T17:41:34Z,checkout_initiated,gcash,PHP,Philippines,wallet_hub,started,,desktop,Chrome,371.31,598
ses_0581,evt_003593,2,2026-09-05T17:41:38Z,method_selected,gcash,PHP,Philippines,wallet_hub,success,,desktop,Chrome,371.31,1576
ses_0581,evt_003594,3,2026-09-05T17:41:42Z,details_entered,gcash,PHP,Philippines,wallet_hub,success,,desktop,Chrome,371.31,1588
ses_0581,evt_003595,4,2026-09-05T17:41:49Z,authorization_requested,gcash,PHP,Philippines,wallet_hub,submitted,,desktop,Chrome,371.31,1289
ses_0581,evt_003596,5,2026-09-05T17:41:56Z,authorization_response,gcash,PHP,Philippines,wallet_hub,failed,insufficient_funds,desktop,Chrome,371.31,559
ses_0582,evt_003597,1,2026-09-11T04:57:29Z,checkout_initiated,gcash,PHP,Philippines,wallet_hub,started,,desktop,Safari,279.13,1193
ses_0582,evt_003598,2,2026-09-11T04:57:34Z,method_selected,gcash,PHP,Philippines,wallet_hub,success,,desktop,Safari,279.13,1712
ses_0582,evt_003599,3,2026-09-11T04:57:42Z,details_entered,gcash,PHP,Philippines,wallet_hub,success,,desktop,Safari,279.13,264
ses_0582,evt_003600,4,2026-09-11T04:57:47Z,authorization_requested,gcash,PHP,Philippines,wallet_hub,submitted,,desktop,Safari,279.13,458
ses_0582,evt_003601,5,2026-09-11T04:57:56Z,authorization_response,gcash,PHP,Philippines,wallet_hub,success,,desktop,Safari,279.13,1450
ses_0582,evt_003602,6,2026-09-11T04:58:03Z,payment_completed,gcash,PHP,Philippines,wallet_hub,success,,desktop,Safari,279.13,586
ses_0583,evt_003603,1,2026-09-13T17:14:26Z,checkout_initiated,card_mastercard,KES,Kenya,gateway_alpha,started,,desktop,Chrome,339.09,1545
ses_0583,evt_003604,2,2026-09-13T17:14:37Z,method_selected,card_mastercard,KES,Kenya,gateway_alpha,success,,desktop,Chrome,339.09,1136
ses_0583,evt_003605,3,2026-09-13T17:14:47Z,details_entered,card_mastercard,KES,Kenya,gateway_alpha,success,,desktop,Chrome,339.09,1172
ses_0583,evt_003606,4,2026-09-13T17:14:50Z,authorization_requested,card_mastercard,KES,Kenya,gateway_alpha,submitted,,desktop,Chrome,339.09,1395
ses_0583,evt_003607,5,2026-09-13T17:15:03Z,3ds_redirect,card_mastercard,KES,Kenya,gateway_alpha,redirected,,desktop,Chrome,339.09,3419
ses_0583,evt_003608,6,2026-09-13T17:15:09Z,3ds_completed,card_mastercard,KES,Kenya,gateway_alpha,success,,desktop,Chrome,339.09,4109
ses_0583,evt_003609,7,2026-09-13T17:15:16Z,authorization_response,card_mastercard,KES,Kenya,gateway_alpha,failed,invalid_card,desktop,Chrome,339.09,617
ses_0584,evt_003610,1,2026-09-07T07:36:44Z,checkout_initiated,card_visa,PHP,Philippines,gateway_alpha,started,,mobile,Chrome,244.07,1508
ses_0584,evt_003611,2,2026-09-07T07:36:52Z,method_selected,card_visa,PHP,Philippines,gateway_alpha,success,,mobile,Chrome,244.07,1694
ses_0584,evt_003612,3,2026-09-07T07:37:01Z,details_entered,card_visa,PHP,Philippines,gateway_alpha,success,,mobile,Chrome,244.07,1202
ses_0584,evt_003613,4,2026-09-07T07:37:05Z,authorization_requested,card_visa,PHP,Philippines,gateway_alpha,submitted,,mobile,Chrome,244.07,1770
ses_0584,evt_003614,5,2026-09-07T07:37:10Z,3ds_redirect,card_visa,PHP,Philippines,gateway_alpha,redirected,,mobile,Chrome,244.07,2632
ses_0584,evt_003615,6,2026-09-07T07:37:16Z,3ds_completed,card_visa,PHP,Philippines,gateway_alpha,success,,mobile,Chrome,244.07,4071
ses_0584,evt_003616,7,2026-09-07T07:37:20Z,authorization_response,card_visa,PHP,Philippines,gateway_alpha,success,,mobile,Chrome,244.07,335
ses_0584,evt_003617,8,2026-09-07T07:37:30Z,payment_completed,card_visa,PHP,Philippines,gateway_alpha,success,,mobile,Chrome,244.07,384
ses_0585,evt_003618,1,2026-09-04T19:20:28Z,checkout_initiated,card_mastercard,PHP,Philippines,gateway_alpha,started,,desktop,Chrome,202.15,1509
ses_0585,evt_003619,2,2026-09-04T19:20:31Z,method_selected,card_mastercard,PHP,Philippines,gateway_alpha,success,,desktop,Chrome,202.15,1045
ses_0585,evt_003620,3,2026-09-04T19:20:43Z,details_entered,card_mastercard,PHP,Philippines,gateway_alpha,success,,desktop,Chrome,202.15,1585
ses_0585,evt_003621,4,2026-09-04T19:20:50Z,authorization_requested,card_mastercard,PHP,Philippines,gateway_alpha,submitted,,desktop,Chrome,202.15,1480
ses_0585,evt_003622,5,2026-09-04T19:20:58Z,3ds_redirect,card_mastercard,PHP,Philippines,gateway_alpha,redirected,,desktop,Chrome,202.15,3420
ses_0585,evt_003623,6,2026-09-04T19:21:04Z,3ds_completed,card_mastercard,PHP,Philippines,gateway_alpha,success,,desktop,Chrome,202.15,1541
ses_0585,evt_003624,7,2026-09-04T19:21:13Z,authorization_response,card_mastercard,PHP,Philippines,gateway_alpha,success,,desktop,Chrome,202.15,686
ses_0585,evt_003625,8,2026-09-04T19:21:16Z,payment_completed,card_mastercard,PHP,Philippines,gateway_alpha,success,,desktop,Chrome,202.15,1209
ses_0586,evt_003626,1,2026-09-09T23:21:17Z,checkout_initiated,card_mastercard,SGD,Singapore,gateway_beta,started,,mobile,Edge,35.03,1680
ses_0586,evt_003627,2,2026-09-09T23:21:22Z,method_selected,card_mastercard,SGD,Singapore,gateway_beta,success,,mobile,Edge,35.03,1712
ses_0586,evt_003628,3,2026-09-09T23:21:28Z,details_entered,card_mastercard,SGD,Singapore,gateway_beta,success,,mobile,Edge,35.03,655
ses_0586,evt_003629,4,2026-09-09T23:21:34Z,authorization_requested,card_mastercard,SGD,Singapore,gateway_beta,submitted,,mobile,Edge,35.03,1568
ses_0586,evt_003630,5,2026-09-09T23:21:41Z,3ds_redirect,card_mastercard,SGD,Singapore,gateway_beta,redirected,,mobile,Edge,35.03,4554
ses_0586,evt_003631,6,2026-09-09T23:21:51Z,3ds_completed,card_mastercard,SGD,Singapore,gateway_beta,success,,mobile,Edge,35.03,3027
ses_0586,evt_003632,7,2026-09-09T23:21:55Z,authorization_response,card_mastercard,SGD,Singapore,gateway_beta,failed,fraud_suspected,mobile,Edge,35.03,1439
ses_0587,evt_003633,1,2026-09-11T04:08:01Z,checkout_initiated,card_mastercard,PHP,Philippines,gateway_beta,started,,mobile,Chrome,402.42,559
ses_0587,evt_003634,2,2026-09-11T04:08:06Z,method_selected,card_mastercard,PHP,Philippines,gateway_beta,success,,mobile,Chrome,402.42,1110
ses_0587,evt_003635,3,2026-09-11T04:08:14Z,details_entered,card_mastercard,PHP,Philippines,gateway_beta,success,,mobile,Chrome,402.42,1673
ses_0587,evt_003636,4,2026-09-11T04:08:18Z,authorization_requested,card_mastercard,PHP,Philippines,gateway_beta,submitted,,mobile,Chrome,402.42,462
ses_0587,evt_003637,5,2026-09-11T04:08:30Z,3ds_redirect,card_mastercard,PHP,Philippines,gateway_beta,redirected,,mobile,Chrome,402.42,11353
ses_0587,evt_003638,6,2026-09-11T04:08:43Z,3ds_completed,card_mastercard,PHP,Philippines,gateway_beta,abandoned,3ds_abandoned,mobile,Chrome,402.42,11133
ses_0588,evt_003639,1,2026-09-02T12:40:22Z,checkout_initiated,card_visa,USD,Cross-border,gateway_alpha,started,,mobile,Firefox,152.66,1619
ses_0588,evt_003640,2,2026-09-02T12:40:26Z,method_selected,card_visa,USD,Cross-border,gateway_alpha,success,,mobile,Firefox,152.66,1781
ses_0588,evt_003641,3,2026-09-02T12:40:36Z,details_entered,card_visa,USD,Cross-border,gateway_alpha,success,,mobile,Firefox,152.66,1689
ses_0588,evt_003642,4,2026-09-02T12:40:44Z,authorization_requested,card_visa,USD,Cross-border,gateway_alpha,submitted,,mobile,Firefox,152.66,630
ses_0588,evt_003643,5,2026-09-02T12:40:50Z,3ds_redirect,card_visa,USD,Cross-border,gateway_alpha,redirected,,mobile,Firefox,152.66,2275
ses_0588,evt_003644,6,2026-09-02T12:40:54Z,3ds_completed,card_visa,USD,Cross-border,gateway_alpha,success,,mobile,Firefox,152.66,2251
ses_0588,evt_003645,7,2026-09-02T12:41:04Z,authorization_response,card_visa,USD,Cross-border,gateway_alpha,success,,mobile,Firefox,152.66,692
ses_0588,evt_003646,8,2026-09-02T12:41:08Z,payment_completed,card_visa,USD,Cross-border,gateway_alpha,success,,mobile,Firefox,152.66,331
ses_0589,evt_003647,1,2026-09-01T06:26:33Z,checkout_initiated,card_mastercard,KES,Kenya,gateway_alpha,started,,mobile,Chrome,164.56,971
ses_0589,evt_003648,2,2026-09-01T06:26:39Z,method_selected,card_mastercard,KES,Kenya,gateway_alpha,success,,mobile,Chrome,164.56,423
ses_0589,evt_003649,3,2026-09-01T06:26:47Z,details_entered,card_mastercard,KES,Kenya,gateway_alpha,success,,mobile,Chrome,164.56,854
ses_0589,evt_003650,4,2026-09-01T06:26:51Z,authorization_requested,card_mastercard,KES,Kenya,gateway_alpha,submitted,,mobile,Chrome,164.56,1245
ses_0589,evt_003651,5,2026-09-01T06:27:08Z,3ds_redirect,card_mastercard,KES,Kenya,gateway_alpha,redirected,,mobile,Chrome,164.56,9551
ses_0589,evt_003652,6,2026-09-01T06:27:25Z,3ds_completed,card_mastercard,KES,Kenya,gateway_alpha,abandoned,3ds_abandoned,mobile,Chrome,164.56,12163
ses_0590,evt_003653,1,2026-09-09T05:59:24Z,checkout_initiated,gcash,PHP,Philippines,wallet_hub,started,,mobile,Chrome,157.70,816
ses_0590,evt_003654,2,2026-09-09T05:59:26Z,method_selected,gcash,PHP,Philippines,wallet_hub,success,,mobile,Chrome,157.70,336
ses_0590,evt_003655,3,2026-09-09T05:59:28Z,details_entered,gcash,PHP,Philippines,wallet_hub,success,,mobile,Chrome,157.70,583
ses_0590,evt_003656,4,2026-09-09T05:59:37Z,authorization_requested,gcash,PHP,Philippines,wallet_hub,submitted,,mobile,Chrome,157.70,1256
ses_0590,evt_003657,5,2026-09-09T05:59:45Z,authorization_response,gcash,PHP,Philippines,wallet_hub,success,,mobile,Chrome,157.70,707
ses_0590,evt_003658,6,2026-09-09T05:59:47Z,payment_completed,gcash,PHP,Philippines,wallet_hub,success,,mobile,Chrome,157.70,478
ses_0591,evt_003659,1,2026-09-07T22:28:03Z,checkout_initiated,mpesa,USD,Cross-border,wallet_hub,started,,mobile,Chrome,323.20,1206
ses_0591,evt_003660,2,2026-09-07T22:28:12Z,method_selected,mpesa,USD,Cross-border,wallet_hub,success,,mobile,Chrome,323.20,1607
ses_0591,evt_003661,3,2026-09-07T22:28:18Z,details_entered,mpesa,USD,Cross-border,wallet_hub,success,,mobile,Chrome,323.20,1203
ses_0591,evt_003662,4,2026-09-07T22:28:29Z,authorization_requested,mpesa,USD,Cross-border,wallet_hub,submitted,,mobile,Chrome,323.20,1176
ses_0591,evt_003663,5,2026-09-07T22:28:31Z,authorization_response,mpesa,USD,Cross-border,wallet_hub,success,,mobile,Chrome,323.20,492
ses_0591,evt_003664,6,2026-09-07T22:28:34Z,payment_completed,mpesa,USD,Cross-border,wallet_hub,success,,mobile,Chrome,323.20,1124
ses_0592,evt_003665,1,2026-09-13T14:36:12Z,checkout_initiated,card_visa,PHP,Philippines,gateway_beta,started,,mobile,Safari,335.88,1648
ses_0592,evt_003666,2,2026-09-13T14:36:14Z,method_selected,card_visa,PHP,Philippines,gateway_beta,success,,mobile,Safari,335.88,779
ses_0592,evt_003667,3,2026-09-13T14:36:17Z,details_entered,card_visa,PHP,Philippines,gateway_beta,success,,mobile,Safari,335.88,824
ses_0592,evt_003668,4,2026-09-13T14:36:27Z,authorization_requested,card_visa,PHP,Philippines,gateway_beta,submitted,,mobile,Safari,335.88,1608
ses_0592,evt_003669,5,2026-09-13T14:36:44Z,authorization_response,card_visa,PHP,Philippines,gateway_beta,failed,timeout,mobile,Safari,335.88,10217
ses_0593,evt_003670,1,2026-09-08T05:59:27Z,checkout_initiated,mpesa,KES,Kenya,wallet_hub,started,,mobile,Chrome,361.31,788
ses_0593,evt_003671,2,2026-09-08T05:59:31Z,method_selected,mpesa,KES,Kenya,wallet_hub,success,,mobile,Chrome,361.31,1540
ses_0593,evt_003672,3,2026-09-08T05:59:35Z,details_entered,mpesa,KES,Kenya,wallet_hub,abandoned,,mobile,Chrome,361.31,286
ses_0594,evt_003673,1,2026-09-09T07:16:39Z,checkout_initiated,bnpl_atome,PHP,Philippines,bnpl_connect,started,,mobile,Chrome,353.22,349
ses_0594,evt_003674,2,2026-09-09T07:16:48Z,method_selected,bnpl_atome,PHP,Philippines,bnpl_connect,success,,mobile,Chrome,353.22,1339
ses_0594,evt_003675,3,2026-09-09T07:16:55Z,details_entered,bnpl_atome,PHP,Philippines,bnpl_connect,success,,mobile,Chrome,353.22,1612
ses_0594,evt_003676,4,2026-09-09T07:17:06Z,authorization_requested,bnpl_atome,PHP,Philippines,bnpl_connect,submitted,,mobile,Chrome,353.22,217
ses_0594,evt_003677,5,2026-09-09T07:17:13Z,authorization_response,bnpl_atome,PHP,Philippines,bnpl_connect,failed,insufficient_funds,mobile,Chrome,353.22,615
ses_0595,evt_003678,1,2026-09-13T20:19:00Z,checkout_initiated,mpesa,KES,Kenya,wallet_hub,started,,mobile,Chrome,153.04,1340
ses_0595,evt_003679,2,2026-09-13T20:19:12Z,method_selected,mpesa,KES,Kenya,wallet_hub,success,,mobile,Chrome,153.04,1748
ses_0595,evt_003680,3,2026-09-13T20:19:21Z,details_entered,mpesa,KES,Kenya,wallet_hub,success,,mobile,Chrome,153.04,843
ses_0595,evt_003681,4,2026-09-13T20:19:32Z,authorization_requested,mpesa,KES,Kenya,wallet_hub,submitted,,mobile,Chrome,153.04,1149
ses_0595,evt_003682,5,2026-09-13T20:19:42Z,authorization_response,mpesa,KES,Kenya,wallet_hub,success,,mobile,Chrome,153.04,1328
ses_0595,evt_003683,6,2026-09-13T20:19:50Z,payment_completed,mpesa,KES,Kenya,wallet_hub,success,,mobile,Chrome,153.04,547
ses_0596,evt_003684,1,2026-09-05T03:03:31Z,checkout_initiated,card_mastercard,KES,Kenya,gateway_beta,started,,mobile,Chrome,18.99,652
ses_0596,evt_003685,2,2026-09-05T03:03:40Z,method_selected,card_mastercard,KES,Kenya,gateway_beta,success,,mobile,Chrome,18.99,923
ses_0596,evt_003686,3,2026-09-05T03:03:42Z,details_entered,card_mastercard,KES,Kenya,gateway_beta,success,,mobile,Chrome,18.99,1433
ses_0596,evt_003687,4,2026-09-05T03:03:49Z,authorization_requested,card_mastercard,KES,Kenya,gateway_beta,submitted,,mobile,Chrome,18.99,1257
ses_0596,evt_003688,5,2026-09-05T03:03:52Z,authorization_response,card_mastercard,KES,Kenya,gateway_beta,success,,mobile,Chrome,18.99,517
ses_0596,evt_003689,6,2026-09-05T03:03:58Z,payment_completed,card_mastercard,KES,Kenya,gateway_beta,success,,mobile,Chrome,18.99,1028
ses_0597,evt_003690,1,2026-09-14T05:27:13Z,checkout_initiated,card_visa,KES,Kenya,gateway_beta,started,,mobile,Safari,439.15,1451
ses_0597,evt_003691,2,2026-09-14T05:27:23Z,method_selected,card_visa,KES,Kenya,gateway_beta,success,,mobile,Safari,439.15,829
ses_0597,evt_003692,3,2026-09-14T05:27:31Z,details_entered,card_visa,KES,Kenya,gateway_beta,success,,mobile,Safari,439.15,976
ses_0597,evt_003693,4,2026-09-14T05:27:34Z,authorization_requested,card_visa,KES,Kenya,gateway_beta,submitted,,mobile,Safari,439.15,990
ses_0597,evt_003694,5,2026-09-14T05:27:44Z,3ds_redirect,card_visa,KES,Kenya,gateway_beta,redirected,,mobile,Safari,439.15,3203
ses_0597,evt_003695,6,2026-09-14T05:27:56Z,3ds_completed,card_visa,KES,Kenya,gateway_beta,success,,mobile,Safari,439.15,4503
ses_0597,evt_003696,7,2026-09-14T05:28:06Z,authorization_response,card_visa,KES,Kenya,gateway_beta,failed,fraud_suspected,mobile,Safari,439.15,1273
ses_0598,evt_003697,1,2026-09-13T07:39:11Z,checkout_initiated,card_visa,KES,Kenya,gateway_alpha,started,,mobile,Edge,156.17,1658
ses_0598,evt_003698,2,2026-09-13T07:39:14Z,method_selected,card_visa,KES,Kenya,gateway_alpha,success,,mobile,Edge,156.17,269
ses_0598,evt_003699,3,2026-09-13T07:39:19Z,details_entered,card_visa,KES,Kenya,gateway_alpha,success,,mobile,Edge,156.17,1588
ses_0598,evt_003700,4,2026-09-13T07:39:31Z,authorization_requested,card_visa,KES,Kenya,gateway_alpha,submitted,,mobile,Edge,156.17,1547
ses_0598,evt_003701,5,2026-09-13T07:39:39Z,3ds_redirect,card_visa,KES,Kenya,gateway_alpha,redirected,,mobile,Edge,156.17,3920
ses_0598,evt_003702,6,2026-09-13T07:39:49Z,3ds_completed,card_visa,KES,Kenya,gateway_alpha,success,,mobile,Edge,156.17,4191
ses_0598,evt_003703,7,2026-09-13T07:40:00Z,authorization_response,card_visa,KES,Kenya,gateway_alpha,failed,invalid_card,mobile,Edge,156.17,1488
ses_0599,evt_003704,1,2026-09-06T20:54:59Z,checkout_initiated,card_mastercard,KES,Kenya,gateway_alpha,started,,desktop,Chrome,206.17,491
ses_0599,evt_003705,2,2026-09-06T20:55:08Z,method_selected,card_mastercard,KES,Kenya,gateway_alpha,success,,desktop,Chrome,206.17,1687
ses_0599,evt_003706,3,2026-09-06T20:55:15Z,details_entered,card_mastercard,KES,Kenya,gateway_alpha,success,,desktop,Chrome,206.17,1743
ses_0599,evt_003707,4,2026-09-06T20:55:25Z,authorization_requested,card_mastercard,KES,Kenya,gateway_alpha,submitted,,desktop,Chrome,206.17,1316
ses_0599,evt_003708,5,2026-09-06T20:55:31Z,3ds_redirect,card_mastercard,KES,Kenya,gateway_alpha,redirected,,desktop,Chrome,206.17,2245
ses_0599,evt_003709,6,2026-09-06T20:55:42Z,3ds_completed,card_mastercard,KES,Kenya,gateway_alpha,success,,desktop,Chrome,206.17,1133
ses_0599,evt_003710,7,2026-09-06T20:55:51Z,authorization_response,card_mastercard,KES,Kenya,gateway_alpha,success,,desktop,Chrome,206.17,632
ses_0599,evt_003711,8,2026-09-06T20:56:02Z,payment_completed,card_mastercard,KES,Kenya,gateway_alpha,success,,desktop,Chrome,206.17,956
ses_0600,evt_003712,1,2026-09-06T21:09:01Z,checkout_initiated,gcash,PHP,Philippines,wallet_hub,started,,desktop,Safari,398.27,278
ses_0600,evt_003713,2,2026-09-06T21:09:03Z,method_selected,gcash,PHP,Philippines,wallet_hub,success,,desktop,Safari,398.27,1128
ses_0600,evt_003714,3,2026-09-06T21:09:11Z,details_entered,gcash,PHP,Philippines,wallet_hub,success,,desktop,Safari,398.27,939
ses_0600,evt_003715,4,2026-09-06T21:09:20Z,authorization_requested,gcash,PHP,Philippines,wallet_hub,submitted,,desktop,Safari,398.27,1120
ses_0600,evt_003716,5,2026-09-06T21:09:28Z,authorization_response,gcash,PHP,Philippines,wallet_hub,success,,desktop,Safari,398.27,451
ses_0600,evt_003717,6,2026-09-06T21:09:39Z,payment_completed,gcash,PHP,Philippines,wallet_hub,success,,desktop,Safari,398.27,768
ses_0601,evt_003718,1,2026-09-05T07:48:07Z,checkout_initiated,bank_transfer_local,KES,Kenya,bank_rail,started,,mobile,Chrome,364.57,1248
ses_0601,evt_003719,2,2026-09-05T07:48:11Z,method_selected,bank_transfer_local,KES,Kenya,bank_rail,success,,mobile,Chrome,364.57,895
ses_0601,evt_003720,3,2026-09-05T07:48:17Z,details_entered,bank_transfer_local,KES,Kenya,bank_rail,success,,mobile,Chrome,364.57,624
ses_0601,evt_003721,4,2026-09-05T07:48:19Z,authorization_requested,bank_transfer_local,KES,Kenya,bank_rail,submitted,,mobile,Chrome,364.57,1041
ses_0601,evt_003722,5,2026-09-05T07:48:30Z,authorization_response,bank_transfer_local,KES,Kenya,bank_rail,success,,mobile,Chrome,364.57,423
ses_0601,evt_003723,6,2026-09-05T07:48:35Z,payment_completed,bank_transfer_local,KES,Kenya,bank_rail,success,,mobile,Chrome,364.57,549
ses_0602,evt_003724,1,2026-09-08T16:24:43Z,checkout_initiated,gcash,PHP,Philippines,wallet_hub,started,,desktop,Safari,475.22,1415
ses_0602,evt_003725,2,2026-09-08T16:24:48Z,method_selected,gcash,PHP,Philippines,wallet_hub,success,,desktop,Safari,475.22,712
ses_0602,evt_003726,3,2026-09-08T16:24:58Z,details_entered,gcash,PHP,Philippines,wallet_hub,success,,desktop,Safari,475.22,629
ses_0602,evt_003727,4,2026-09-08T16:25:04Z,authorization_requested,gcash,PHP,Philippines,wallet_hub,submitted,,desktop,Safari,475.22,1157
ses_0602,evt_003728,5,2026-09-08T16:25:13Z,authorization_response,gcash,PHP,Philippines,wallet_hub,success,,desktop,Safari,475.22,862
ses_0602,evt_003729,6,2026-09-08T16:25:23Z,payment_completed,gcash,PHP,Philippines,wallet_hub,success,,desktop,Safari,475.22,1493
ses_0603,evt_003730,1,2026-09-09T19:45:10Z,checkout_initiated,bank_transfer_local,KES,Kenya,bank_rail,started,,mobile,Safari,355.39,816
ses_0603,evt_003731,2,2026-09-09T19:45:21Z,method_selected,bank_transfer_local,KES,Kenya,bank_rail,success,,mobile,Safari,355.39,797
ses_0603,evt_003732,3,2026-09-09T19:45:23Z,details_entered,bank_transfer_local,KES,Kenya,bank_rail,success,,mobile,Safari,355.39,432
ses_0603,evt_003733,4,2026-09-09T19:45:30Z,authorization_requested,bank_transfer_local,KES,Kenya,bank_rail,submitted,,mobile,Safari,355.39,358
ses_0603,evt_003734,5,2026-09-09T19:45:37Z,authorization_response,bank_transfer_local,KES,Kenya,bank_rail,pending,,mobile,Safari,355.39,1236
ses_0604,evt_003735,1,2026-09-01T07:33:00Z,checkout_initiated,card_visa,PHP,Philippines,gateway_beta,started,,mobile,Chrome,258.45,728
ses_0604,evt_003736,2,2026-09-01T07:33:05Z,method_selected,card_visa,PHP,Philippines,gateway_beta,success,,mobile,Chrome,258.45,1025
ses_0604,evt_003737,3,2026-09-01T07:33:11Z,details_entered,card_visa,PHP,Philippines,gateway_beta,success,,mobile,Chrome,258.45,541
ses_0604,evt_003738,4,2026-09-01T07:33:16Z,authorization_requested,card_visa,PHP,Philippines,gateway_beta,submitted,,mobile,Chrome,258.45,1052
ses_0604,evt_003739,5,2026-09-01T07:33:33Z,3ds_redirect,card_visa,PHP,Philippines,gateway_beta,redirected,,mobile,Chrome,258.45,11305
ses_0604,evt_003740,6,2026-09-01T07:33:42Z,3ds_completed,card_visa,PHP,Philippines,gateway_beta,abandoned,3ds_abandoned,mobile,Chrome,258.45,8471
ses_0605,evt_003741,1,2026-09-11T06:52:56Z,checkout_initiated,gcash,PHP,Philippines,wallet_hub,started,,mobile,Chrome,156.64,1369
ses_0605,evt_003742,2,2026-09-11T06:53:01Z,method_selected,gcash,PHP,Philippines,wallet_hub,success,,mobile,Chrome,156.64,1541
ses_0605,evt_003743,3,2026-09-11T06:53:05Z,details_entered,gcash,PHP,Philippines,wallet_hub,success,,mobile,Chrome,156.64,350
ses_0605,evt_003744,4,2026-09-11T06:53:13Z,authorization_requested,gcash,PHP,Philippines,wallet_hub,submitted,,mobile,Chrome,156.64,1302
ses_0605,evt_003745,5,2026-09-11T06:53:16Z,authorization_response,gcash,PHP,Philippines,wallet_hub,success,,mobile,Chrome,156.64,1787
ses_0605,evt_003746,6,2026-09-11T06:53:20Z,payment_completed,gcash,PHP,Philippines,wallet_hub,success,,mobile,Chrome,156.64,1194
ses_0606,evt_003747,1,2026-09-11T23:30:06Z,checkout_initiated,bnpl_atome,SGD,Singapore,bnpl_connect,started,,desktop,Chrome,449.95,1422
ses_0606,evt_003748,2,2026-09-11T23:30:14Z,method_selected,bnpl_atome,SGD,Singapore,bnpl_connect,success,,desktop,Chrome,449.95,1395
ses_0606,evt_003749,3,2026-09-11T23:30:23Z,details_entered,bnpl_atome,SGD,Singapore,bnpl_connect,success,,desktop,Chrome,449.95,1195
ses_0606,evt_003750,4,2026-09-11T23:30:33Z,authorization_requested,bnpl_atome,SGD,Singapore,bnpl_connect,submitted,,desktop,Chrome,449.95,444
ses_0606,evt_003751,5,2026-09-11T23:30:42Z,authorization_response,bnpl_atome,SGD,Singapore,bnpl_connect,success,,desktop,Chrome,449.95,1027
ses_0606,evt_003752,6,2026-09-11T23:30:46Z,payment_completed,bnpl_atome,SGD,Singapore,bnpl_connect,success,,desktop,Chrome,449.95,1447
ses_0607,evt_003753,1,2026-09-09T19:56:58Z,checkout_initiated,bank_transfer_local,SGD,Singapore,bank_rail,started,,mobile,Safari,8.11,333
ses_0607,evt_003754,2,2026-09-09T19:57:08Z,method_selected,bank_transfer_local,SGD,Singapore,bank_rail,success,,mobile,Safari,8.11,282
ses_0607,evt_003755,3,2026-09-09T19:57:14Z,details_entered,bank_transfer_local,SGD,Singapore,bank_rail,success,,mobile,Safari,8.11,640
ses_0607,evt_003756,4,2026-09-09T19:57:19Z,authorization_requested,bank_transfer_local,SGD,Singapore,bank_rail,submitted,,mobile,Safari,8.11,1285
ses_0607,evt_003757,5,2026-09-09T19:57:23Z,authorization_response,bank_transfer_local,SGD,Singapore,bank_rail,success,,mobile,Safari,8.11,696
ses_0607,evt_003758,6,2026-09-09T19:57:34Z,payment_completed,bank_transfer_local,SGD,Singapore,bank_rail,success,,mobile,Safari,8.11,693
ses_0608,evt_003759,1,2026-09-14T20:07:47Z,checkout_initiated,gcash,PHP,Philippines,wallet_hub,started,,mobile,Chrome,325.26,1698
ses_0608,evt_003760,2,2026-09-14T20:07:55Z,method_selected,gcash,PHP,Philippines,wallet_hub,success,,mobile,Chrome,325.26,1743
ses_0608,evt_003761,3,2026-09-14T20:08:05Z,details_entered,gcash,PHP,Philippines,wallet_hub,success,,mobile,Chrome,325.26,890
ses_0608,evt_003762,4,2026-09-14T20:08:16Z,authorization_requested,gcash,PHP,Philippines,wallet_hub,submitted,,mobile,Chrome,325.26,1186
ses_0608,evt_003763,5,2026-09-14T20:08:24Z,authorization_response,gcash,PHP,Philippines,wallet_hub,success,,mobile,Chrome,325.26,449
ses_0608,evt_003764,6,2026-09-14T20:08:34Z,payment_completed,gcash,PHP,Philippines,wallet_hub,success,,mobile,Chrome,325.26,1437
ses_0609,evt_003765,1,2026-09-07T04:06:11Z,checkout_initiated,card_mastercard,PHP,Philippines,gateway_beta,started,,mobile,Firefox,88.96,353
ses_0609,evt_003766,2,2026-09-07T04:06:14Z,method_selected,card_mastercard,PHP,Philippines,gateway_beta,success,,mobile,Firefox,88.96,373
ses_0609,evt_003767,3,2026-09-07T04:06:21Z,details_entered,card_mastercard,PHP,Philippines,gateway_beta,success,,mobile,Firefox,88.96,942
ses_0609,evt_003768,4,2026-09-07T04:06:24Z,authorization_requested,card_mastercard,PHP,Philippines,gateway_beta,submitted,,mobile,Firefox,88.96,679
ses_0609,evt_003769,5,2026-09-07T04:06:29Z,3ds_redirect,card_mastercard,PHP,Philippines,gateway_beta,redirected,,mobile,Firefox,88.96,4033
ses_0609,evt_003770,6,2026-09-07T04:06:33Z,3ds_completed,card_mastercard,PHP,Philippines,gateway_beta,success,,mobile,Firefox,88.96,2058
ses_0609,evt_003771,7,2026-09-07T04:06:42Z,authorization_response,card_mastercard,PHP,Philippines,gateway_beta,failed,invalid_card,mobile,Firefox,88.96,1706
ses_0610,evt_003772,1,2026-09-09T00:11:32Z,checkout_initiated,mpesa,KES,Kenya,wallet_hub,started,,desktop,Chrome,137.73,599
ses_0610,evt_003773,2,2026-09-09T00:11:35Z,method_selected,mpesa,KES,Kenya,wallet_hub,success,,desktop,Chrome,137.73,1424
ses_0610,evt_003774,3,2026-09-09T00:11:37Z,details_entered,mpesa,KES,Kenya,wallet_hub,success,,desktop,Chrome,137.73,1273
ses_0610,evt_003775,4,2026-09-09T00:11:39Z,authorization_requested,mpesa,KES,Kenya,wallet_hub,submitted,,desktop,Chrome,137.73,1025
ses_0610,evt_003776,5,2026-09-09T00:11:48Z,authorization_response,mpesa,KES,Kenya,wallet_hub,failed,insufficient_funds,desktop,Chrome,137.73,353
ses_0611,evt_003777,1,2026-09-11T19:03:09Z,checkout_initiated,bank_transfer_local,SGD,Singapore,bank_rail,started,,mobile,Chrome,399.41,361
ses_0611,evt_003778,2,2026-09-11T19:03:17Z,method_selected,bank_transfer_local,SGD,Singapore,bank_rail,success,,mobile,Chrome,399.41,268
ses_0611,evt_003779,3,2026-09-11T19:03:28Z,details_entered,bank_transfer_local,SGD,Singapore,bank_rail,success,,mobile,Chrome,399.41,449
ses_0611,evt_003780,4,2026-09-11T19:03:30Z,authorization_requested,bank_transfer_local,SGD,Singapore,bank_rail,submitted,,mobile,Chrome,399.41,457
ses_0611,evt_003781,5,2026-09-11T19:03:35Z,authorization_response,bank_transfer_local,SGD,Singapore,bank_rail,pending,,mobile,Chrome,399.41,924
ses_0612,evt_003782,1,2026-09-13T01:04:56Z,checkout_initiated,bnpl_atome,PHP,Philippines,bnpl_connect,started,,desktop,Chrome,97.77,888
ses_0612,evt_003783,2,2026-09-13T01:05:01Z,method_selected,bnpl_atome,PHP,Philippines,bnpl_connect,success,,desktop,Chrome,97.77,442
ses_0612,evt_003784,3,2026-09-13T01:05:08Z,details_entered,bnpl_atome,PHP,Philippines,bnpl_connect,success,,desktop,Chrome,97.77,1565
ses_0612,evt_003785,4,2026-09-13T01:05:11Z,authorization_requested,bnpl_atome,PHP,Philippines,bnpl_connect,submitted,,desktop,Chrome,97.77,1574
ses_0612,evt_003786,5,2026-09-13T01:05:15Z,authorization_response,bnpl_atome,PHP,Philippines,bnpl_connect,failed,fraud_suspected,desktop,Chrome,97.77,1639
ses_0613,evt_003787,1,2026-09-12T02:36:22Z,checkout_initiated,gcash,PHP,Philippines,wallet_hub,started,,mobile,Safari,417.18,720
ses_0613,evt_003788,2,2026-09-12T02:36:27Z,method_selected,gcash,PHP,Philippines,wallet_hub,success,,mobile,Safari,417.18,1663
ses_0613,evt_003789,3,2026-09-12T02:36:36Z,details_entered,gcash,PHP,Philippines,wallet_hub,success,,mobile,Safari,417.18,1715
ses_0613,evt_003790,4,2026-09-12T02:36:38Z,authorization_requested,gcash,PHP,Philippines,wallet_hub,submitted,,mobile,Safari,417.18,1289
ses_0613,evt_003791,5,2026-09-12T02:36:44Z,authorization_response,gcash,PHP,Philippines,wallet_hub,failed,invalid_card,mobile,Safari,417.18,1680
ses_0613,evt_003792,4,2026-09-12T02:36:38Z,authorization_requested,gcash,PHP,Philippines,wallet_hub,submitted,,mobile,Safari,417.18,1289
ses_0614,evt_003793,1,2026-09-12T23:44:48Z,checkout_initiated,bank_transfer_local,KES,Kenya,bank_rail,started,,desktop,Safari,459.91,895
ses_0614,evt_003794,2,2026-09-12T23:45:00Z,method_selected,bank_transfer_local,KES,Kenya,bank_rail,success,,desktop,Safari,459.91,1549
ses_0614,evt_003795,3,2026-09-12T23:45:03Z,details_entered,bank_transfer_local,KES,Kenya,bank_rail,success,,desktop,Safari,459.91,1015
ses_0614,evt_003796,4,2026-09-12T23:45:08Z,authorization_requested,bank_transfer_local,KES,Kenya,bank_rail,submitted,,desktop,Safari,459.91,1744
ses_0614,evt_003797,5,2026-09-12T23:45:12Z,authorization_response,bank_transfer_local,KES,Kenya,bank_rail,success,,desktop,Safari,459.91,294
ses_0614,evt_003798,6,2026-09-12T23:45:24Z,payment_completed,bank_transfer_local,KES,Kenya,bank_rail,success,,desktop,Safari,459.91,1618
ses_0615,evt_003799,1,2026-09-06T08:47:52Z,checkout_initiated,bnpl_atome,PHP,Philippines,bnpl_connect,started,,mobile,Safari,313.59,749
ses_0615,evt_003800,2,2026-09-06T08:47:59Z,method_selected,bnpl_atome,PHP,Philippines,bnpl_connect,success,,mobile,Safari,313.59,1117
ses_0615,evt_003801,3,2026-09-06T08:48:05Z,details_entered,bnpl_atome,PHP,Philippines,bnpl_connect,success,,mobile,Safari,313.59,1621
ses_0615,evt_003802,4,2026-09-06T08:48:09Z,authorization_requested,bnpl_atome,PHP,Philippines,bnpl_connect,submitted,,mobile,Safari,313.59,487
ses_0615,evt_003803,5,2026-09-06T08:48:15Z,authorization_response,bnpl_atome,PHP,Philippines,bnpl_connect,success,,mobile,Safari,313.59,771
ses_0615,evt_003804,6,2026-09-06T08:48:25Z,payment_completed,bnpl_atome,PHP,Philippines,bnpl_connect,success,,mobile,Safari,313.59,1696
ses_0616,evt_003805,1,2026-09-13T04:30:45Z,checkout_initiated,card_visa,KES,Kenya,gateway_beta,started,,mobile,Chrome,442.28,1078
ses_0616,evt_003806,2,2026-09-13T04:30:53Z,method_selected,card_visa,KES,Kenya,gateway_beta,success,,mobile,Chrome,442.28,367
ses_0616,evt_003807,3,2026-09-13T04:30:59Z,details_entered,card_visa,KES,Kenya,gateway_beta,success,,mobile,Chrome,442.28,1229
ses_0616,evt_003808,4,2026-09-13T04:31:04Z,authorization_requested,card_visa,KES,Kenya,gateway_beta,submitted,,mobile,Chrome,442.28,618
ses_0616,evt_003809,5,2026-09-13T04:31:20Z,3ds_redirect,card_visa,KES,Kenya,gateway_beta,redirected,,mobile,Chrome,442.28,10742
ses_0616,evt_003810,6,2026-09-13T04:31:38Z,3ds_completed,card_visa,KES,Kenya,gateway_beta,abandoned,3ds_abandoned,mobile,Chrome,442.28,10718
ses_0617,evt_003811,1,2026-09-08T04:58:15Z,checkout_initiated,bnpl_atome,PHP,Philippines,bnpl_connect,started,,mobile,Safari,41.98,755
ses_0617,evt_003812,2,2026-09-08T04:58:19Z,method_selected,bnpl_atome,PHP,Philippines,bnpl_connect,success,,mobile,Safari,41.98,1428
ses_0617,evt_003813,3,2026-09-08T04:58:22Z,details_entered,bnpl_atome,PHP,Philippines,bnpl_connect,abandoned,,mobile,Safari,41.98,1740
ses_0618,evt_003814,1,2026-09-06T21:34:46Z,checkout_initiated,bank_transfer_local,USD,Cross-border,bank_rail,started,,mobile,Chrome,435.93,1434
ses_0618,evt_003815,2,2026-09-06T21:34:56Z,method_selected,bank_transfer_local,USD,Cross-border,bank_rail,success,,mobile,Chrome,435.93,560
ses_0618,evt_003816,3,2026-09-06T21:35:06Z,details_entered,bank_transfer_local,USD,Cross-border,bank_rail,success,,mobile,Chrome,435.93,1153
ses_0618,evt_003817,4,2026-09-06T21:35:09Z,authorization_requested,bank_transfer_local,USD,Cross-border,bank_rail,submitted,,mobile,Chrome,435.93,1521
ses_0618,evt_003818,5,2026-09-06T21:35:20Z,authorization_response,bank_transfer_local,USD,Cross-border,bank_rail,success,,mobile,Chrome,435.93,215
ses_0618,evt_003819,6,2026-09-06T21:35:29Z,payment_completed,bank_transfer_local,USD,Cross-border,bank_rail,success,,mobile,Chrome,435.93,1678
ses_0619,evt_003820,1,2026-09-03T14:21:08Z,checkout_initiated,bnpl_atome,PHP,Philippines,bnpl_connect,started,,mobile,Chrome,42.21,533
ses_0619,evt_003821,2,2026-09-03T14:21:15Z,method_selected,bnpl_atome,PHP,Philippines,bnpl_connect,success,,mobile,Chrome,42.21,387
ses_0619,evt_003822,3,2026-09-03T14:21:25Z,details_entered,bnpl_atome,PHP,Philippines,bnpl_connect,success,,mobile,Chrome,42.21,1642
ses_0619,evt_003823,4,2026-09-03T14:21:35Z,authorization_requested,bnpl_atome,PHP,Philippines,bnpl_connect,submitted,,mobile,Chrome,42.21,857
ses_0619,evt_003824,5,2026-09-03T14:21:44Z,authorization_response,bnpl_atome,PHP,Philippines,bnpl_connect,success,,mobile,Chrome,42.21,331
ses_0619,evt_003825,6,2026-09-03T14:21:55Z,payment_completed,bnpl_atome,PHP,Philippines,bnpl_connect,success,,mobile,Chrome,42.21,254
ses_0620,evt_003826,1,2026-09-13T14:39:32Z,checkout_initiated,bank_transfer_local,PHP,Philippines,bank_rail,started,,mobile,Chrome,309.17,639
ses_0620,evt_003827,2,2026-09-13T14:39:37Z,method_selected,bank_transfer_local,PHP,Philippines,bank_rail,success,,mobile,Chrome,309.17,1475
ses_0620,evt_003828,3,2026-09-13T14:58:36Z,details_entered,bank_transfer_local,PHP,Philippines,bank_rail,success,,mobile,Chrome,309.17,479
ses_0620,evt_003829,4,2026-09-13T14:58:41Z,authorization_requested,bank_transfer_local,PHP,Philippines,bank_rail,submitted,,mobile,Chrome,309.17,886
ses_0620,evt_003830,5,2026-09-13T14:58:45Z,authorization_response,bank_transfer_local,PHP,Philippines,bank_rail,failed,invalid_card,mobile,Chrome,309.17,450
ses_0621,evt_003831,1,2026-09-08T15:22:00Z,checkout_initiated,bank_transfer_local,SGD,Singapore,bank_rail,started,,desktop,Chrome,44.77,218
ses_0621,evt_003832,2,2026-09-08T15:22:10Z,method_selected,bank_transfer_local,SGD,Singapore,bank_rail,success,,desktop,Chrome,44.77,583
ses_0621,evt_003833,3,2026-09-08T15:22:15Z,details_entered,bank_transfer_local,SGD,Singapore,bank_rail,success,,desktop,Chrome,44.77,1089
ses_0621,evt_003834,4,2026-09-08T15:22:20Z,authorization_requested,bank_transfer_local,SGD,Singapore,bank_rail,submitted,,desktop,Chrome,44.77,609
ses_0621,evt_003835,5,2026-09-08T15:22:31Z,authorization_response,bank_transfer_local,SGD,Singapore,bank_rail,success,,desktop,Chrome,44.77,1188
ses_0621,evt_003836,6,2026-09-08T15:22:42Z,payment_completed,bank_transfer_local,SGD,Singapore,bank_rail,success,,desktop,Chrome,44.77,1027
ses_0622,evt_003837,1,2026-09-11T01:10:11Z,checkout_initiated,mpesa,USD,Cross-border,wallet_hub,started,,mobile,Edge,9.89,913
ses_0622,evt_003838,2,2026-09-11T01:10:20Z,method_selected,mpesa,USD,Cross-border,wallet_hub,success,,mobile,Edge,9.89,932
ses_0622,evt_003839,3,2026-09-11T01:10:27Z,details_entered,mpesa,USD,Cross-border,wallet_hub,success,,mobile,Edge,9.89,549
ses_0622,evt_003840,4,2026-09-11T01:10:29Z,authorization_requested,mpesa,USD,Cross-border,wallet_hub,submitted,,mobile,Edge,9.89,1491
ses_0622,evt_003841,5,2026-09-11T01:10:33Z,authorization_response,mpesa,USD,Cross-border,wallet_hub,success,,mobile,Edge,9.89,355
ses_0622,evt_003842,6,2026-09-11T01:10:41Z,payment_completed,mpesa,USD,Cross-border,wallet_hub,success,,mobile,Edge,9.89,1412
ses_0623,evt_003843,1,2026-09-01T10:46:06Z,checkout_initiated,card_visa,KES,Kenya,gateway_alpha,started,,desktop,Safari,470.11,463
ses_0623,evt_003844,2,2026-09-01T10:46:14Z,method_selected,card_visa,KES,Kenya,gateway_alpha,success,,desktop,Safari,470.11,562
ses_0623,evt_003845,3,2026-09-01T10:46:17Z,details_entered,card_visa,KES,Kenya,gateway_alpha,success,,desktop,Safari,470.11,1364
ses_0623,evt_003846,4,2026-09-01T10:46:28Z,authorization_requested,card_visa,KES,Kenya,gateway_alpha,submitted,,desktop,Safari,470.11,649
ses_0623,evt_003847,5,2026-09-01T10:46:33Z,authorization_response,card_visa,KES,Kenya,gateway_alpha,success,,desktop,Safari,470.11,484
ses_0623,evt_003848,6,2026-09-01T10:46:42Z,payment_completed,card_visa,KES,Kenya,gateway_alpha,success,,desktop,Safari,470.11,1229
ses_0624,evt_003849,1,2026-09-06T18:33:53Z,checkout_initiated,bank_transfer_local,PHP,Philippines,bank_rail,started,,mobile,Chrome,202.66,684
ses_0624,evt_003850,2,2026-09-06T18:34:01Z,method_selected,bank_transfer_local,PHP,Philippines,bank_rail,success,,mobile,Chrome,202.66,1723
ses_0624,evt_003851,3,2026-09-06T18:34:07Z,details_entered,bank_transfer_local,PHP,Philippines,bank_rail,success,,mobile,Chrome,202.66,1648
ses_0624,evt_003852,4,2026-09-06T18:34:09Z,authorization_requested,bank_transfer_local,PHP,Philippines,bank_rail,submitted,,mobile,Chrome,202.66,672
ses_0624,evt_003853,5,2026-09-06T18:34:13Z,authorization_response,bank_transfer_local,PHP,Philippines,bank_rail,success,,mobile,Chrome,202.66,1261
ses_0624,evt_003854,6,2026-09-06T18:34:21Z,payment_completed,bank_transfer_local,PHP,Philippines,bank_rail,success,,mobile,Chrome,202.66,540
ses_0625,evt_003855,1,2026-09-05T12:21:57Z,checkout_initiated,card_visa,PHP,Philippines,gateway_alpha,started,,mobile,Chrome,392.05,951
ses_0625,evt_003856,2,2026-09-05T12:22:04Z,method_selected,card_visa,PHP,Philippines,gateway_alpha,success,,mobile,Chrome,392.05,1673
ses_0625,evt_003857,3,2026-09-05T12:22:10Z,details_entered,card_visa,PHP,Philippines,gateway_alpha,success,,mobile,Chrome,392.05,1413
ses_0625,evt_003858,4,2026-09-05T12:22:14Z,authorization_requested,card_visa,PHP,Philippines,gateway_alpha,submitted,,mobile,Chrome,392.05,890
ses_0625,evt_003859,5,2026-09-05T12:22:20Z,authorization_response,card_visa,PHP,Philippines,gateway_alpha,failed,invalid_card,mobile,Chrome,392.05,1228
ses_0626,evt_003860,1,2026-09-07T05:32:39Z,checkout_initiated,card_visa,PHP,Philippines,gateway_alpha,started,,mobile,Safari,148.50,843
ses_0626,evt_003861,2,2026-09-07T05:32:46Z,method_selected,card_visa,PHP,Philippines,gateway_alpha,success,,mobile,Safari,148.50,1678
ses_0626,evt_003862,3,2026-09-07T05:32:48Z,details_entered,card_visa,PHP,Philippines,gateway_alpha,success,,mobile,Safari,148.50,770
ses_0626,evt_003863,4,2026-09-07T05:33:00Z,authorization_requested,card_visa,PHP,Philippines,gateway_alpha,submitted,,mobile,Safari,148.50,1576
ses_0626,evt_003864,5,2026-09-07T05:33:03Z,authorization_response,card_visa,PHP,Philippines,gateway_alpha,success,,mobile,Safari,148.50,636
ses_0626,evt_003865,6,2026-09-07T05:33:07Z,payment_completed,card_visa,PHP,Philippines,gateway_alpha,success,,mobile,Safari,148.50,1436
ses_0627,evt_003866,1,2026-09-08T16:35:29Z,checkout_initiated,mpesa,USD,Cross-border,wallet_hub,started,,mobile,Chrome,80.22,1420
ses_0627,evt_003867,2,2026-09-08T16:35:40Z,method_selected,mpesa,USD,Cross-border,wallet_hub,success,,mobile,Chrome,80.22,544
ses_0627,evt_003868,3,2026-09-08T16:35:45Z,details_entered,mpesa,USD,Cross-border,wallet_hub,success,,mobile,Chrome,80.22,464
ses_0627,evt_003869,4,2026-09-08T16:35:50Z,authorization_requested,mpesa,USD,Cross-border,wallet_hub,submitted,,mobile,Chrome,80.22,1482
ses_0627,evt_003870,5,2026-09-08T16:35:57Z,authorization_response,mpesa,USD,Cross-border,wallet_hub,success,,mobile,Chrome,80.22,348
ses_0627,evt_003871,6,2026-09-08T16:36:00Z,payment_completed,mpesa,USD,Cross-border,wallet_hub,success,,mobile,Chrome,80.22,593
ses_0628,evt_003872,1,2026-09-12T10:49:07Z,checkout_initiated,mpesa,KES,Kenya,wallet_hub,started,,desktop,Safari,137.44,965
ses_0628,evt_003873,2,2026-09-12T10:49:17Z,method_selected,mpesa,KES,Kenya,wallet_hub,success,,desktop,Safari,137.44,1248
ses_0628,evt_003874,3,2026-09-12T10:49:22Z,details_entered,mpesa,KES,Kenya,wallet_hub,success,,desktop,Safari,137.44,1654
ses_0628,evt_003875,4,2026-09-12T10:49:28Z,authorization_requested,mpesa,KES,Kenya,wallet_hub,submitted,,desktop,Safari,137.44,585
ses_0628,evt_003876,5,2026-09-12T10:49:31Z,authorization_response,mpesa,KES,Kenya,wallet_hub,success,,desktop,Safari,137.44,1161
ses_0628,evt_003877,6,2026-09-12T10:49:37Z,payment_completed,mpesa,KES,Kenya,wallet_hub,success,,desktop,Safari,137.44,1312
ses_0629,evt_003878,1,2026-09-01T13:44:31Z,checkout_initiated,gcash,PHP,Philippines,wallet_hub,started,,desktop,Chrome,70.55,812
ses_0629,evt_003879,2,2026-09-01T13:44:42Z,method_selected,gcash,PHP,Philippines,wallet_hub,success,,desktop,Chrome,70.55,681
ses_0629,evt_003880,3,2026-09-01T13:44:51Z,details_entered,gcash,PHP,Philippines,wallet_hub,success,,desktop,Chrome,70.55,427
ses_0629,evt_003881,4,2026-09-01T13:44:57Z,authorization_requested,gcash,PHP,Philippines,wallet_hub,submitted,,desktop,Chrome,70.55,721
ses_0629,evt_003882,5,2026-09-01T13:45:07Z,authorization_response,gcash,PHP,Philippines,wallet_hub,success,,desktop,Chrome,70.55,485
ses_0629,evt_003883,6,2026-09-01T13:45:16Z,payment_completed,gcash,PHP,Philippines,wallet_hub,success,,desktop,Chrome,70.55,830
ses_0630,evt_003884,1,2026-09-05T06:27:27Z,checkout_initiated,bank_transfer_local,USD,Cross-border,bank_rail,started,,mobile,Safari,128.95,1490
ses_0630,evt_003885,2,2026-09-05T06:27:37Z,method_selected,bank_transfer_local,USD,Cross-border,bank_rail,success,,mobile,Safari,128.95,510
ses_0630,evt_003886,3,2026-09-05T06:27:40Z,details_entered,bank_transfer_local,USD,Cross-border,bank_rail,success,,mobile,Safari,128.95,834
ses_0630,evt_003887,4,2026-09-05T06:27:44Z,authorization_requested,bank_transfer_local,USD,Cross-border,bank_rail,submitted,,mobile,Safari,128.95,867
ses_0630,evt_003888,5,2026-09-05T06:27:53Z,authorization_response,bank_transfer_local,USD,Cross-border,bank_rail,success,,mobile,Safari,128.95,417
ses_0630,evt_003889,6,2026-09-05T06:27:55Z,payment_completed,bank_transfer_local,USD,Cross-border,bank_rail,success,,mobile,Safari,128.95,1326
ses_0631,evt_003890,1,2026-09-05T21:17:11Z,checkout_initiated,gcash,PHP,Philippines,wallet_hub,started,,desktop,Chrome,215.22,386
ses_0631,evt_003891,2,2026-09-05T21:17:13Z,method_selected,gcash,PHP,Philippines,wallet_hub,success,,desktop,Chrome,215.22,612
ses_0631,evt_003892,3,2026-09-05T21:17:17Z,details_entered,gcash,PHP,Philippines,wallet_hub,success,,desktop,Chrome,215.22,643
ses_0631,evt_003893,4,2026-09-05T21:17:26Z,authorization_requested,gcash,PHP,Philippines,wallet_hub,submitted,,desktop,Chrome,215.22,1291
ses_0631,evt_003894,5,2026-09-05T21:17:34Z,authorization_response,gcash,PHP,Philippines,wallet_hub,success,,desktop,Chrome,215.22,257
ses_0631,evt_003895,6,2026-09-05T21:17:45Z,payment_completed,gcash,PHP,Philippines,wallet_hub,success,,desktop,Chrome,215.22,1719
ses_0632,evt_003896,1,2026-09-02T14:55:49Z,checkout_initiated,card_visa,USD,Cross-border,gateway_beta,started,,mobile,Chrome,58.93,315
ses_0632,evt_003897,2,2026-09-02T14:55:53Z,method_selected,card_visa,USD,Cross-border,gateway_beta,success,,mobile,Chrome,58.93,941
ses_0632,evt_003898,3,2026-09-02T14:55:55Z,details_entered,card_visa,USD,Cross-border,gateway_beta,success,,mobile,Chrome,58.93,436
ses_0632,evt_003899,4,2026-09-02T14:55:58Z,authorization_requested,card_visa,USD,Cross-border,gateway_beta,submitted,,mobile,Chrome,58.93,837
ses_0632,evt_003900,5,2026-09-02T14:56:11Z,3ds_redirect,card_visa,USD,Cross-border,gateway_beta,redirected,,mobile,Chrome,58.93,3514
ses_0632,evt_003901,6,2026-09-02T14:56:14Z,3ds_completed,card_visa,USD,Cross-border,gateway_beta,success,,mobile,Chrome,58.93,1201
ses_0632,evt_003902,7,2026-09-02T14:56:24Z,authorization_response,card_visa,USD,Cross-border,gateway_beta,failed,invalid_card,mobile,Chrome,58.93,1307
ses_0633,evt_003903,1,2026-09-06T04:07:14Z,checkout_initiated,bank_transfer_local,KES,Kenya,bank_rail,started,,mobile,Chrome,335.19,624
ses_0633,evt_003904,2,2026-09-06T04:07:18Z,method_selected,bank_transfer_local,KES,Kenya,bank_rail,success,,mobile,Chrome,335.19,634
ses_0633,evt_003905,3,2026-09-06T04:07:21Z,details_entered,bank_transfer_local,KES,Kenya,bank_rail,success,,mobile,Chrome,335.19,919
ses_0633,evt_003906,4,2026-09-06T04:07:26Z,authorization_requested,bank_transfer_local,KES,Kenya,bank_rail,submitted,,mobile,Chrome,335.19,1195
ses_0633,evt_003907,5,2026-09-06T04:07:36Z,authorization_response,bank_transfer_local,KES,Kenya,bank_rail,success,,mobile,Chrome,335.19,621
ses_0633,evt_003908,6,2026-09-06T04:07:46Z,payment_completed,bank_transfer_local,KES,Kenya,bank_rail,success,,mobile,Chrome,335.19,1171
ses_0634,evt_003909,1,2026-09-08T05:49:07Z,checkout_initiated,card_mastercard,USD,Cross-border,gateway_beta,started,,desktop,Chrome,31.09,1536
ses_0634,evt_003910,2,2026-09-08T05:49:14Z,method_selected,card_mastercard,USD,Cross-border,gateway_beta,success,,desktop,Chrome,31.09,514
ses_0634,evt_003911,3,2026-09-08T05:49:17Z,details_entered,card_mastercard,USD,Cross-border,gateway_beta,success,,desktop,Chrome,31.09,1383
ses_0634,evt_003912,4,2026-09-08T05:49:28Z,authorization_requested,card_mastercard,USD,Cross-border,gateway_beta,submitted,,desktop,Chrome,31.09,439
ses_0634,evt_003913,5,2026-09-08T05:49:31Z,authorization_response,card_mastercard,USD,Cross-border,gateway_beta,success,,desktop,Chrome,31.09,1039
ses_0634,evt_003914,6,2026-09-08T05:49:37Z,payment_completed,card_mastercard,USD,Cross-border,gateway_beta,success,,desktop,Chrome,31.09,1022
ses_0635,evt_003915,1,2026-09-13T14:42:42Z,checkout_initiated,mpesa,KES,Kenya,wallet_hub,started,,mobile,Chrome,98.68,674
ses_0635,evt_003916,2,2026-09-13T14:42:46Z,method_selected,mpesa,KES,Kenya,wallet_hub,success,,mobile,Chrome,98.68,1455
ses_0635,evt_003917,3,2026-09-13T14:42:49Z,details_entered,mpesa,KES,Kenya,wallet_hub,abandoned,,mobile,Chrome,98.68,628
ses_0636,evt_003918,1,2026-09-04T07:28:49Z,checkout_initiated,bnpl_atome,SGD,Singapore,bnpl_connect,started,,mobile,Chrome,315.68,853
ses_0636,evt_003919,2,2026-09-04T07:28:58Z,method_selected,bnpl_atome,SGD,Singapore,bnpl_connect,success,,mobile,Chrome,315.68,923
ses_0636,evt_003920,3,2026-09-04T07:29:05Z,details_entered,bnpl_atome,SGD,Singapore,bnpl_connect,success,,mobile,Chrome,315.68,266
ses_0636,evt_003921,4,2026-09-04T07:29:11Z,authorization_requested,bnpl_atome,SGD,Singapore,bnpl_connect,submitted,,mobile,Chrome,315.68,238
ses_0636,evt_003922,5,2026-09-04T07:29:22Z,authorization_response,bnpl_atome,SGD,Singapore,bnpl_connect,failed,insufficient_funds,mobile,Chrome,315.68,1586
ses_0637,evt_003923,1,2026-09-09T13:22:58Z,checkout_initiated,card_visa,PHP,Philippines,gateway_beta,started,,mobile,Safari,40.46,1708
ses_0637,evt_003924,2,2026-09-09T13:23:02Z,method_selected,card_visa,PHP,Philippines,gateway_beta,success,,mobile,Safari,40.46,1635
ses_0637,evt_003925,3,2026-09-09T13:23:11Z,details_entered,card_visa,PHP,Philippines,gateway_beta,success,,mobile,Safari,40.46,1208
ses_0637,evt_003926,4,2026-09-09T13:23:16Z,authorization_requested,card_visa,PHP,Philippines,gateway_beta,submitted,,mobile,Safari,40.46,627
ses_0637,evt_003927,5,2026-09-09T13:23:35Z,3ds_redirect,card_visa,PHP,Philippines,gateway_beta,redirected,,mobile,Safari,40.46,10992
ses_0637,evt_003928,6,2026-09-09T13:23:45Z,3ds_completed,card_visa,PHP,Philippines,gateway_beta,abandoned,3ds_abandoned,mobile,Safari,40.46,9324
ses_0638,evt_003929,1,2026-09-11T15:14:22Z,checkout_initiated,gcash,PHP,Philippines,wallet_hub,started,,mobile,Safari,478.29,1489
ses_0638,evt_003930,2,2026-09-11T15:14:29Z,method_selected,gcash,PHP,Philippines,wallet_hub,success,,mobile,Safari,478.29,689
ses_0638,evt_003931,3,2026-09-11T15:14:36Z,details_entered,gcash,PHP,Philippines,wallet_hub,success,,mobile,Safari,478.29,1091
ses_0638,evt_003932,4,2026-09-11T15:14:44Z,authorization_requested,gcash,PHP,Philippines,wallet_hub,submitted,,mobile,Safari,478.29,701
ses_0638,evt_003933,5,2026-09-11T15:14:49Z,authorization_response,gcash,PHP,Philippines,wallet_hub,failed,insufficient_funds,mobile,Safari,478.29,1081
ses_0639,evt_003934,1,2026-09-14T04:55:33Z,checkout_initiated,card_visa,KES,Kenya,gateway_alpha,started,,mobile,Chrome,32.81,1591
ses_0639,evt_003935,2,2026-09-14T04:55:40Z,method_selected,card_visa,KES,Kenya,gateway_alpha,success,,mobile,Chrome,32.81,865
ses_0639,evt_003936,3,2026-09-14T04:55:44Z,details_entered,card_visa,KES,Kenya,gateway_alpha,success,,mobile,Chrome,32.81,1282
ses_0639,evt_003937,4,2026-09-14T04:55:55Z,authorization_requested,card_visa,KES,Kenya,gateway_alpha,submitted,,mobile,Chrome,32.81,547
ses_0639,evt_003938,5,2026-09-14T04:56:06Z,3ds_redirect,card_visa,KES,Kenya,gateway_alpha,redirected,,mobile,Chrome,32.81,2019
ses_0639,evt_003939,6,2026-09-14T04:56:17Z,3ds_completed,card_visa,KES,Kenya,gateway_alpha,success,,mobile,Chrome,32.81,1137
ses_0639,evt_003940,7,2026-09-14T04:56:24Z,authorization_response,card_visa,KES,Kenya,gateway_alpha,failed,invalid_card,mobile,Chrome,32.81,1540
ses_0640,evt_003941,1,2026-09-14T21:41:22Z,checkout_initiated,card_visa,KES,Kenya,gateway_alpha,started,,mobile,Safari,287.45,1503
ses_0640,evt_003942,2,2026-09-14T21:41:31Z,method_selected,card_visa,KES,Kenya,gateway_alpha,success,,mobile,Safari,287.45,1449
ses_0640,evt_003943,3,2026-09-14T21:41:36Z,details_entered,card_visa,KES,Kenya,gateway_alpha,success,,mobile,Safari,287.45,311
ses_0640,evt_003944,4,2026-09-14T21:41:38Z,authorization_requested,card_visa,KES,Kenya,gateway_alpha,submitted,,mobile,Safari,287.45,984
ses_0640,evt_003945,5,2026-09-14T21:41:43Z,3ds_redirect,card_visa,KES,Kenya,gateway_alpha,redirected,,mobile,Safari,287.45,2646
ses_0640,evt_003946,6,2026-09-14T21:41:45Z,3ds_completed,card_visa,KES,Kenya,gateway_alpha,success,,mobile,Safari,287.45,1284
ses_0640,evt_003947,7,2026-09-14T21:41:49Z,authorization_response,card_visa,KES,Kenya,gateway_alpha,failed,fraud_suspected,mobile,Safari,287.45,811
ses_0641,evt_003948,1,2026-09-10T10:24:04Z,checkout_initiated,card_mastercard,PHP,Philippines,gateway_alpha,started,,mobile,Edge,161.73,463
ses_0641,evt_003949,2,2026-09-10T10:24:13Z,method_selected,card_mastercard,PHP,Philippines,gateway_alpha,success,,mobile,Edge,161.73,277
ses_0641,evt_003950,3,2026-09-10T10:24:18Z,details_entered,card_mastercard,PHP,Philippines,gateway_alpha,success,,mobile,Edge,161.73,545
ses_0641,evt_003951,4,2026-09-10T10:24:27Z,authorization_requested,card_mastercard,PHP,Philippines,gateway_alpha,submitted,,mobile,Edge,161.73,385
ses_0641,evt_003952,5,2026-09-10T10:24:40Z,3ds_redirect,card_mastercard,PHP,Philippines,gateway_alpha,redirected,,mobile,Edge,161.73,2519
ses_0641,evt_003953,6,2026-09-10T10:24:45Z,3ds_completed,card_mastercard,PHP,Philippines,gateway_alpha,success,,mobile,Edge,161.73,4446
ses_0641,evt_003954,7,2026-09-10T10:24:55Z,authorization_response,card_mastercard,PHP,Philippines,gateway_alpha,success,,mobile,Edge,161.73,1339
ses_0641,evt_003955,8,2026-09-10T10:25:06Z,payment_completed,card_mastercard,PHP,Philippines,gateway_alpha,success,,mobile,Edge,161.73,1799
ses_0642,evt_003956,1,2026-09-12T22:40:41Z,checkout_initiated,mpesa,KES,Kenya,wallet_hub,started,,mobile,Chrome,33.46,1494
ses_0642,evt_003957,2,2026-09-12T22:40:48Z,method_selected,mpesa,KES,Kenya,wallet_hub,success,,mobile,Chrome,33.46,406
ses_0642,evt_003958,3,2026-09-12T22:40:58Z,details_entered,mpesa,KES,Kenya,wallet_hub,success,,mobile,Chrome,33.46,991
ses_0642,evt_003959,4,2026-09-12T22:41:04Z,authorization_requested,mpesa,KES,Kenya,wallet_hub,submitted,,mobile,Chrome,33.46,462
ses_0642,evt_003960,5,2026-09-12T22:41:15Z,authorization_response,mpesa,KES,Kenya,wallet_hub,success,,mobile,Chrome,33.46,1591
ses_0642,evt_003961,6,2026-09-12T22:41:26Z,payment_completed,mpesa,KES,Kenya,wallet_hub,success,,mobile,Chrome,33.46,1328
ses_0643,evt_003962,1,2026-09-11T18:48:17Z,checkout_initiated,gcash,PHP,Philippines,wallet_hub,started,,mobile,Chrome,472.36,440
ses_0643,evt_003963,2,2026-09-11T18:48:27Z,method_selected,gcash,PHP,Philippines,wallet_hub,success,,mobile,Chrome,472.36,424
ses_0643,evt_003964,3,2026-09-11T18:48:33Z,details_entered,gcash,PHP,Philippines,wallet_hub,success,,mobile,Chrome,472.36,1406
ses_0643,evt_003965,4,2026-09-11T18:48:43Z,authorization_requested,gcash,PHP,Philippines,wallet_hub,abandoned,,mobile,Chrome,472.36,800
ses_0644,evt_003966,1,2026-09-03T04:55:36Z,checkout_initiated,gcash,PHP,Philippines,wallet_hub,started,,mobile,Safari,222.96,1769
ses_0644,evt_003967,2,2026-09-03T04:55:47Z,method_selected,gcash,PHP,Philippines,wallet_hub,success,,mobile,Safari,222.96,426
ses_0644,evt_003968,3,2026-09-03T04:55:55Z,details_entered,gcash,PHP,Philippines,wallet_hub,success,,mobile,Safari,222.96,1312
ses_0644,evt_003969,4,2026-09-03T04:56:01Z,authorization_requested,gcash,PHP,Philippines,wallet_hub,submitted,,mobile,Safari,222.96,610
ses_0644,evt_003970,5,2026-09-03T04:56:10Z,authorization_response,gcash,PHP,Philippines,wallet_hub,failed,fraud_suspected,mobile,Safari,222.96,998
ses_0645,evt_003971,1,2026-09-12T13:00:07Z,checkout_initiated,mpesa,KES,Kenya,wallet_hub,started,,mobile,Chrome,114.64,847
ses_0645,evt_003972,2,2026-09-12T13:00:10Z,method_selected,mpesa,KES,Kenya,wallet_hub,success,,mobile,Chrome,114.64,1481
ses_0645,evt_003973,3,2026-09-12T13:00:16Z,details_entered,mpesa,KES,Kenya,wallet_hub,success,,mobile,Chrome,114.64,1434
ses_0645,evt_003974,4,2026-09-12T13:00:20Z,authorization_requested,mpesa,KES,Kenya,wallet_hub,submitted,,mobile,Chrome,114.64,425
ses_0645,evt_003975,5,2026-09-12T13:00:28Z,authorization_response,mpesa,KES,Kenya,wallet_hub,success,,mobile,Chrome,114.64,828
ses_0645,evt_003976,6,2026-09-12T13:00:39Z,payment_completed,mpesa,KES,Kenya,wallet_hub,success,,mobile,Chrome,114.64,1106
ses_0646,evt_003977,1,2026-09-13T18:26:47Z,checkout_initiated,card_visa,KES,Kenya,gateway_beta,started,,mobile,Safari,452.70,877
ses_0646,evt_003978,2,2026-09-13T18:26:51Z,method_selected,card_visa,KES,Kenya,gateway_beta,success,,mobile,Safari,452.70,254
ses_0646,evt_003979,3,2026-09-13T18:26:54Z,details_entered,card_visa,KES,Kenya,gateway_beta,success,,mobile,Safari,452.70,1585
ses_0646,evt_003980,4,2026-09-13T18:27:00Z,authorization_requested,card_visa,KES,Kenya,gateway_beta,submitted,,mobile,Safari,452.70,867
ses_0646,evt_003981,5,2026-09-13T18:27:22Z,3ds_redirect,card_visa,KES,Kenya,gateway_beta,redirected,,mobile,Safari,452.70,12572
ses_0646,evt_003982,6,2026-09-13T18:27:38Z,3ds_completed,card_visa,KES,Kenya,gateway_beta,abandoned,3ds_abandoned,mobile,Safari,452.70,7926
ses_0647,evt_003983,1,2026-09-09T05:34:41Z,checkout_initiated,mpesa,KES,Kenya,wallet_hub,started,,mobile,Chrome,86.82,560
ses_0647,evt_003984,2,2026-09-09T05:34:46Z,method_selected,mpesa,KES,Kenya,wallet_hub,success,,mobile,Chrome,86.82,792
ses_0647,evt_003985,3,2026-09-09T05:34:54Z,details_entered,mpesa,KES,Kenya,wallet_hub,success,,mobile,Chrome,86.82,279
ses_0647,evt_003986,4,2026-09-09T05:34:56Z,authorization_requested,mpesa,KES,Kenya,wallet_hub,submitted,,mobile,Chrome,86.82,1435
ses_0647,evt_003987,5,2026-09-09T05:35:07Z,authorization_response,mpesa,KES,Kenya,wallet_hub,success,,mobile,Chrome,86.82,676
ses_0647,evt_003988,6,2026-09-09T05:35:14Z,payment_completed,mpesa,KES,Kenya,wallet_hub,success,,mobile,Chrome,86.82,1561
ses_0648,evt_003989,1,2026-09-14T14:02:28Z,checkout_initiated,gcash,PHP,Philippines,wallet_hub,started,,mobile,Safari,353.76,586
ses_0648,evt_003990,2,2026-09-14T14:02:33Z,method_selected,gcash,PHP,Philippines,wallet_hub,success,,mobile,Safari,353.76,691
ses_0648,evt_003991,3,2026-09-14T14:02:39Z,details_entered,gcash,PHP,Philippines,wallet_hub,abandoned,,mobile,Safari,353.76,387
ses_0649,evt_003992,1,2026-09-06T13:32:52Z,checkout_initiated,card_visa,KES,Kenya,gateway_alpha,started,,desktop,Chrome,160.74,1742
ses_0649,evt_003993,2,2026-09-06T13:32:58Z,method_selected,card_visa,KES,Kenya,gateway_alpha,success,,desktop,Chrome,160.74,355
ses_0649,evt_003994,3,2026-09-06T13:29:06Z,details_entered,card_visa,KES,Kenya,gateway_alpha,success,,desktop,Chrome,160.74,878
ses_0649,evt_003995,4,2026-09-06T13:33:14Z,authorization_requested,card_visa,KES,Kenya,gateway_alpha,submitted,,desktop,Chrome,160.74,1570
ses_0649,evt_003996,5,2026-09-06T13:33:21Z,3ds_redirect,card_visa,KES,Kenya,gateway_alpha,redirected,,desktop,Chrome,160.74,1866
ses_0649,evt_003997,6,2026-09-06T13:33:27Z,3ds_completed,card_visa,KES,Kenya,gateway_alpha,success,,desktop,Chrome,160.74,3240
ses_0649,evt_003998,7,2026-09-06T13:33:33Z,authorization_response,card_visa,KES,Kenya,gateway_alpha,success,,desktop,Chrome,160.74,1119
ses_0649,evt_003999,8,2026-09-06T13:33:38Z,payment_completed,card_visa,KES,Kenya,gateway_alpha,success,,desktop,Chrome,160.74,572
ses_0650,evt_004000,1,2026-09-10T02:30:40Z,checkout_initiated,card_mastercard,KES,Kenya,gateway_alpha,started,,mobile,Chrome,282.54,1041
ses_0650,evt_004001,2,2026-09-10T02:30:46Z,method_selected,card_mastercard,KES,Kenya,gateway_alpha,success,,mobile,Chrome,282.54,299
ses_0650,evt_004002,3,2026-09-10T02:30:55Z,details_entered,card_mastercard,KES,Kenya,gateway_alpha,success,,mobile,Chrome,282.54,1490
ses_0650,evt_004003,4,2026-09-10T02:31:00Z,authorization_requested,card_mastercard,KES,Kenya,gateway_alpha,submitted,,mobile,Chrome,282.54,1571
ses_0650,evt_004004,5,2026-09-10T02:31:14Z,3ds_redirect,card_mastercard,KES,Kenya,gateway_alpha,redirected,,mobile,Chrome,282.54,8978
ses_0650,evt_004005,6,2026-09-10T02:31:28Z,3ds_completed,card_mastercard,KES,Kenya,gateway_alpha,abandoned,3ds_abandoned,mobile,Chrome,282.54,7470
ses_0651,evt_004006,1,2026-09-14T00:56:43Z,checkout_initiated,card_visa,PHP,Philippines,gateway_beta,started,,mobile,Safari,411.89,1204
ses_0651,evt_004007,2,2026-09-14T00:56:50Z,method_selected,card_visa,PHP,Philippines,gateway_beta,success,,mobile,Safari,411.89,1473
ses_0651,evt_004008,3,2026-09-14T00:56:56Z,details_entered,card_visa,PHP,Philippines,gateway_beta,success,,mobile,Safari,411.89,788
ses_0651,evt_004009,4,2026-09-14T00:57:06Z,authorization_requested,card_visa,PHP,Philippines,gateway_beta,submitted,,mobile,Safari,411.89,1720
ses_0651,evt_004010,5,2026-09-14T00:57:25Z,3ds_redirect,card_visa,PHP,Philippines,gateway_beta,redirected,,mobile,Safari,411.89,9090
ses_0651,evt_004011,6,2026-09-14T00:57:38Z,3ds_completed,card_visa,PHP,Philippines,gateway_beta,abandoned,3ds_abandoned,mobile,Safari,411.89,7571
ses_0652,evt_004012,1,2026-09-04T16:13:34Z,checkout_initiated,card_visa,PHP,Philippines,gateway_alpha,started,,desktop,Chrome,417.09,357
ses_0652,evt_004013,2,2026-09-04T16:13:37Z,method_selected,card_visa,PHP,Philippines,gateway_alpha,success,,desktop,Chrome,417.09,396
ses_0652,evt_004014,3,2026-09-04T16:13:40Z,details_entered,card_visa,PHP,Philippines,gateway_alpha,success,,desktop,Chrome,417.09,1433
ses_0652,evt_004015,4,2026-09-04T16:13:49Z,authorization_requested,card_visa,PHP,Philippines,gateway_alpha,submitted,,desktop,Chrome,417.09,1098
ses_0652,evt_004016,5,2026-09-04T16:14:02Z,3ds_redirect,card_visa,PHP,Philippines,gateway_alpha,redirected,,desktop,Chrome,417.09,3551
ses_0652,evt_004017,6,2026-09-04T16:14:09Z,3ds_completed,card_visa,PHP,Philippines,gateway_alpha,success,,desktop,Chrome,417.09,1431
ses_0652,evt_004018,7,2026-09-04T16:14:21Z,authorization_response,card_visa,PHP,Philippines,gateway_alpha,failed,insufficient_funds,desktop,Chrome,417.09,1521
ses_0653,evt_004019,1,2026-09-09T04:55:41Z,checkout_initiated,card_visa,SGD,Singapore,gateway_alpha,started,,mobile,Chrome,471.73,1319
ses_0653,evt_004020,2,2026-09-09T04:55:52Z,method_selected,card_visa,SGD,Singapore,gateway_alpha,success,,mobile,Chrome,471.73,910
ses_0653,evt_004021,3,2026-09-09T04:55:54Z,details_entered,card_visa,SGD,Singapore,gateway_alpha,success,,mobile,Chrome,471.73,1428
ses_0653,evt_004022,4,2026-09-09T04:55:56Z,authorization_requested,card_visa,SGD,Singapore,gateway_alpha,submitted,,mobile,Chrome,471.73,184
ses_0653,evt_004023,5,2026-09-09T04:56:16Z,3ds_redirect,card_visa,SGD,Singapore,gateway_alpha,redirected,,mobile,Chrome,471.73,10720
ses_0653,evt_004024,6,2026-09-09T04:56:33Z,3ds_completed,card_visa,SGD,Singapore,gateway_alpha,abandoned,3ds_abandoned,mobile,Chrome,471.73,11056
ses_0654,evt_004025,1,2026-09-05T02:51:55Z,checkout_initiated,mpesa,KES,Kenya,wallet_hub,started,,desktop,Chrome,338.23,1004
ses_0654,evt_004026,2,2026-09-05T02:52:02Z,method_selected,mpesa,KES,Kenya,wallet_hub,success,,desktop,Chrome,338.23,622
ses_0654,evt_004027,3,2026-09-05T02:52:10Z,details_entered,mpesa,KES,Kenya,wallet_hub,success,,desktop,Chrome,338.23,1172
ses_0654,evt_004028,4,2026-09-05T02:52:22Z,authorization_requested,mpesa,KES,Kenya,wallet_hub,submitted,,desktop,Chrome,338.23,1760
ses_0654,evt_004029,5,2026-09-05T02:52:28Z,authorization_response,mpesa,KES,Kenya,wallet_hub,success,,desktop,Chrome,338.23,1679
ses_0654,evt_004030,6,2026-09-05T02:52:35Z,payment_completed,mpesa,KES,Kenya,wallet_hub,success,,desktop,Chrome,338.23,917
ses_0655,evt_004031,1,2026-09-05T07:22:46Z,checkout_initiated,gcash,PHP,Philippines,wallet_hub,started,,desktop,Edge,307.11,1566
ses_0655,evt_004032,2,2026-09-05T07:22:54Z,method_selected,gcash,PHP,Philippines,wallet_hub,success,,desktop,Edge,307.11,1530
ses_0655,evt_004033,3,2026-09-05T07:23:00Z,details_entered,gcash,PHP,Philippines,wallet_hub,success,,desktop,Edge,307.11,1346
ses_0655,evt_004034,4,2026-09-05T07:23:10Z,authorization_requested,gcash,PHP,Philippines,wallet_hub,submitted,,desktop,Edge,307.11,1421
ses_0655,evt_004035,5,2026-09-05T07:23:13Z,authorization_response,gcash,PHP,Philippines,wallet_hub,success,,desktop,Edge,307.11,599
ses_0655,evt_004036,6,2026-09-05T07:23:17Z,payment_completed,gcash,PHP,Philippines,wallet_hub,success,,desktop,Edge,307.11,1708
ses_0656,evt_004037,1,2026-09-11T10:50:40Z,checkout_initiated,card_visa,KES,Kenya,gateway_alpha,started,,desktop,Safari,386.70,681
ses_0656,evt_004038,2,2026-09-11T10:50:43Z,method_selected,card_visa,KES,Kenya,gateway_alpha,success,,desktop,Safari,386.70,370
ses_0656,evt_004039,3,2026-09-11T10:50:49Z,details_entered,card_visa,KES,Kenya,gateway_alpha,success,,desktop,Safari,386.70,1197
ses_0656,evt_004040,4,2026-09-11T10:50:53Z,authorization_requested,card_visa,KES,Kenya,gateway_alpha,submitted,,desktop,Safari,386.70,1697
ses_0656,evt_004041,5,2026-09-11T10:51:01Z,3ds_redirect,card_visa,KES,Kenya,gateway_alpha,redirected,,desktop,Safari,386.70,2707
ses_0656,evt_004042,6,2026-09-11T10:51:14Z,3ds_completed,card_visa,KES,Kenya,gateway_alpha,success,,desktop,Safari,386.70,3575
ses_0656,evt_004043,7,2026-09-11T10:51:19Z,authorization_response,card_visa,KES,Kenya,gateway_alpha,success,,desktop,Safari,386.70,448
ses_0656,evt_004044,8,2026-09-11T10:51:23Z,payment_completed,card_visa,KES,Kenya,gateway_alpha,success,,desktop,Safari,386.70,350
ses_0657,evt_004045,1,2026-09-12T15:37:55Z,checkout_initiated,mpesa,KES,Kenya,wallet_hub,started,,mobile,Firefox,313.14,1554
ses_0657,evt_004046,2,2026-09-12T15:38:03Z,method_selected,mpesa,KES,Kenya,wallet_hub,success,,mobile,Firefox,313.14,818
ses_0657,evt_004047,3,2026-09-12T15:38:06Z,details_entered,mpesa,KES,Kenya,wallet_hub,success,,mobile,Firefox,313.14,1194
ses_0657,evt_004048,4,2026-09-12T15:38:15Z,authorization_requested,mpesa,KES,Kenya,wallet_hub,submitted,,mobile,Firefox,313.14,250
ses_0657,evt_004049,5,2026-09-12T15:38:19Z,authorization_response,mpesa,KES,Kenya,wallet_hub,failed,invalid_card,mobile,Firefox,313.14,1317
ses_0658,evt_004050,1,2026-09-14T13:16:50Z,checkout_initiated,mpesa,KES,Kenya,wallet_hub,started,,mobile,Edge,376.01,1731
ses_0658,evt_004051,2,2026-09-14T13:16:55Z,method_selected,mpesa,KES,Kenya,wallet_hub,success,,mobile,Edge,376.01,1723
ses_0658,evt_004052,3,2026-09-14T13:17:04Z,details_entered,mpesa,KES,Kenya,wallet_hub,success,,mobile,Edge,376.01,720
ses_0658,evt_004053,4,2026-09-14T13:17:11Z,authorization_requested,mpesa,KES,Kenya,wallet_hub,submitted,,mobile,Edge,376.01,1781
ses_0658,evt_004054,5,2026-09-14T13:17:19Z,authorization_response,mpesa,KES,Kenya,wallet_hub,success,,mobile,Edge,376.01,1572
ses_0658,evt_004055,6,2026-09-14T13:17:22Z,payment_completed,mpesa,KES,Kenya,wallet_hub,success,,mobile,Edge,376.01,1141
ses_0659,evt_004056,1,2026-09-12T00:14:13Z,checkout_initiated,gcash,PHP,Philippines,wallet_hub,started,,desktop,Chrome,53.93,1061
ses_0659,evt_004057,2,2026-09-12T00:14:18Z,method_selected,gcash,PHP,Philippines,wallet_hub,success,,desktop,Chrome,53.93,1593
ses_0659,evt_004058,3,2026-09-12T00:14:24Z,details_entered,gcash,PHP,Philippines,wallet_hub,success,,desktop,Chrome,53.93,1019
ses_0659,evt_004059,4,2026-09-12T00:14:30Z,authorization_requested,gcash,PHP,Philippines,wallet_hub,submitted,,desktop,Chrome,53.93,1680
ses_0659,evt_004060,5,2026-09-12T00:14:39Z,authorization_response,gcash,PHP,Philippines,wallet_hub,success,,desktop,Chrome,53.93,530
ses_0659,evt_004061,6,2026-09-12T00:14:48Z,payment_completed,gcash,PHP,Philippines,wallet_hub,success,,desktop,Chrome,53.93,426
ses_0660,evt_004062,1,2026-09-10T01:14:55Z,checkout_initiated,card_visa,PHP,Philippines,gateway_beta,started,,mobile,Chrome,108.17,1003
ses_0660,evt_004063,2,2026-09-10T01:15:02Z,method_selected,card_visa,PHP,Philippines,gateway_beta,success,,mobile,Chrome,108.17,676
ses_0660,evt_004064,3,2026-09-10T01:15:06Z,details_entered,card_visa,PHP,Philippines,gateway_beta,success,,mobile,Chrome,108.17,663
ses_0660,evt_004065,4,2026-09-10T01:15:16Z,authorization_requested,card_visa,PHP,Philippines,gateway_beta,submitted,,mobile,Chrome,108.17,1778
ses_0660,evt_004066,5,2026-09-10T01:15:34Z,3ds_redirect,card_visa,PHP,Philippines,gateway_beta,redirected,,mobile,Chrome,108.17,10353
ses_0660,evt_004067,6,2026-09-10T01:15:52Z,3ds_completed,card_visa,PHP,Philippines,gateway_beta,abandoned,3ds_abandoned,mobile,Chrome,108.17,9533
ses_0661,evt_004068,1,2026-09-03T21:47:06Z,checkout_initiated,card_visa,KES,Kenya,gateway_alpha,started,,desktop,Chrome,194.44,987
ses_0661,evt_004069,2,2026-09-03T21:47:09Z,method_selected,card_visa,KES,Kenya,gateway_alpha,success,,desktop,Chrome,194.44,216
ses_0661,evt_004070,3,2026-09-03T22:20:23Z,details_entered,card_visa,KES,Kenya,gateway_alpha,success,,desktop,Chrome,194.44,1316
ses_0661,evt_004071,4,2026-09-03T22:20:28Z,authorization_requested,card_visa,KES,Kenya,gateway_alpha,submitted,,desktop,Chrome,194.44,217
ses_0661,evt_004072,5,2026-09-03T22:20:34Z,3ds_redirect,card_visa,KES,Kenya,gateway_alpha,redirected,,desktop,Chrome,194.44,3502
ses_0661,evt_004073,6,2026-09-03T22:20:46Z,3ds_completed,card_visa,KES,Kenya,gateway_alpha,success,,desktop,Chrome,194.44,2505
ses_0661,evt_004074,7,2026-09-03T22:20:54Z,authorization_response,card_visa,KES,Kenya,gateway_alpha,success,,desktop,Chrome,194.44,902
ses_0661,evt_004075,8,2026-09-03T22:21:04Z,payment_completed,card_visa,KES,Kenya,gateway_alpha,success,,desktop,Chrome,194.44,1652
ses_0662,evt_004076,1,2026-09-03T14:07:55Z,checkout_initiated,bank_transfer_local,PHP,Philippines,bank_rail,started,,mobile,Chrome,437.75,1547
ses_0662,evt_004077,2,2026-09-03T14:08:01Z,method_selected,bank_transfer_local,PHP,Philippines,bank_rail,success,,mobile,Chrome,437.75,654
ses_0662,evt_004078,3,2026-09-03T14:08:07Z,details_entered,bank_transfer_local,PHP,Philippines,bank_rail,success,,mobile,Chrome,437.75,184
ses_0662,evt_004079,4,2026-09-03T14:08:10Z,authorization_requested,bank_transfer_local,PHP,Philippines,bank_rail,submitted,,mobile,Chrome,437.75,1390
ses_0662,evt_004080,5,2026-09-03T14:08:20Z,authorization_response,bank_transfer_local,PHP,Philippines,bank_rail,success,,mobile,Chrome,437.75,1129
ses_0662,evt_004081,6,2026-09-03T14:08:28Z,payment_completed,bank_transfer_local,PHP,Philippines,bank_rail,success,,mobile,Chrome,437.75,557
ses_0663,evt_004082,1,2026-09-06T14:52:17Z,checkout_initiated,card_mastercard,SGD,Singapore,gateway_beta,started,,mobile,Safari,457.35,1746
ses_0663,evt_004083,2,2026-09-06T14:52:28Z,method_selected,card_mastercard,SGD,Singapore,gateway_beta,success,,mobile,Safari,457.35,1202
ses_0663,evt_004084,3,2026-09-06T14:52:38Z,details_entered,card_mastercard,SGD,Singapore,gateway_beta,success,,mobile,Safari,457.35,1567
ses_0663,evt_004085,4,2026-09-06T14:52:42Z,authorization_requested,card_mastercard,SGD,Singapore,gateway_beta,submitted,,mobile,Safari,457.35,1494
ses_0663,evt_004086,5,2026-09-06T14:52:50Z,3ds_redirect,card_mastercard,SGD,Singapore,gateway_beta,redirected,,mobile,Safari,457.35,3221
ses_0663,evt_004087,6,2026-09-06T14:53:00Z,3ds_completed,card_mastercard,SGD,Singapore,gateway_beta,success,,mobile,Safari,457.35,2990
ses_0663,evt_004088,7,2026-09-06T14:53:16Z,authorization_response,card_mastercard,SGD,Singapore,gateway_beta,failed,timeout,mobile,Safari,457.35,6530
ses_0664,evt_004089,1,2026-09-14T15:33:11Z,checkout_initiated,card_visa,USD,Cross-border,gateway_alpha,started,,mobile,Safari,72.86,1025
ses_0664,evt_004090,2,2026-09-14T15:33:20Z,method_selected,card_visa,USD,Cross-border,gateway_alpha,success,,mobile,Safari,72.86,383
ses_0664,evt_004091,3,2026-09-14T15:33:28Z,details_entered,card_visa,USD,Cross-border,gateway_alpha,success,,mobile,Safari,72.86,1752
ses_0664,evt_004092,4,2026-09-14T15:33:30Z,authorization_requested,card_visa,USD,Cross-border,gateway_alpha,submitted,,mobile,Safari,72.86,469
ses_0664,evt_004093,5,2026-09-14T15:33:33Z,authorization_response,card_visa,USD,Cross-border,gateway_alpha,success,,mobile,Safari,72.86,1429
ses_0664,evt_004094,6,2026-09-14T15:33:41Z,payment_completed,card_visa,USD,Cross-border,gateway_alpha,success,,mobile,Safari,72.86,1329
ses_0665,evt_004095,1,2026-09-14T10:55:54Z,checkout_initiated,mpesa,USD,Cross-border,wallet_hub,started,,desktop,Chrome,344.28,1320
ses_0666,evt_004096,1,2026-09-07T22:16:21Z,checkout_initiated,mpesa,KES,Kenya,wallet_hub,started,,mobile,Chrome,160.07,824
ses_0666,evt_004097,2,2026-09-07T22:16:26Z,method_selected,mpesa,KES,Kenya,wallet_hub,success,,mobile,Chrome,160.07,432
ses_0666,evt_004098,3,2026-09-07T22:16:28Z,details_entered,mpesa,KES,Kenya,wallet_hub,success,,mobile,Chrome,160.07,1256
ses_0666,evt_004099,4,2026-09-07T22:16:34Z,authorization_requested,mpesa,KES,Kenya,wallet_hub,submitted,,mobile,Chrome,160.07,1307
ses_0666,evt_004100,5,2026-09-07T22:16:37Z,authorization_response,mpesa,KES,Kenya,wallet_hub,success,,mobile,Chrome,160.07,1745
ses_0666,evt_004101,6,2026-09-07T22:16:45Z,payment_completed,mpesa,KES,Kenya,wallet_hub,success,,mobile,Chrome,160.07,450
ses_0667,evt_004102,1,2026-09-11T10:07:25Z,checkout_initiated,mpesa,KES,Kenya,wallet_hub,started,,desktop,Chrome,263.76,1642
ses_0667,evt_004103,2,2026-09-11T10:07:33Z,method_selected,mpesa,KES,Kenya,wallet_hub,success,,desktop,Chrome,263.76,777
ses_0667,evt_004104,3,2026-09-11T10:07:40Z,details_entered,mpesa,KES,Kenya,wallet_hub,success,,desktop,Chrome,263.76,1179
ses_0667,evt_004105,4,2026-09-11T10:07:50Z,authorization_requested,mpesa,KES,Kenya,wallet_hub,submitted,,desktop,Chrome,263.76,641
ses_0667,evt_004106,5,2026-09-11T10:08:01Z,authorization_response,mpesa,KES,Kenya,wallet_hub,failed,insufficient_funds,desktop,Chrome,263.76,1305
ses_0668,evt_004107,1,2026-09-10T01:56:51Z,checkout_initiated,card_mastercard,USD,Cross-border,gateway_alpha,started,,desktop,Chrome,398.13,936
ses_0668,evt_004108,2,2026-09-10T01:56:56Z,method_selected,card_mastercard,USD,Cross-border,gateway_alpha,success,,desktop,Chrome,398.13,689
ses_0668,evt_004109,3,2026-09-10T01:56:58Z,details_entered,card_mastercard,USD,Cross-border,gateway_alpha,success,,desktop,Chrome,398.13,918
ses_0668,evt_004110,4,2026-09-10T01:57:06Z,authorization_requested,card_mastercard,USD,Cross-border,gateway_alpha,submitted,,desktop,Chrome,398.13,1782
ses_0668,evt_004111,5,2026-09-10T01:57:15Z,authorization_response,card_mastercard,USD,Cross-border,gateway_alpha,success,,desktop,Chrome,398.13,360
ses_0668,evt_004112,6,2026-09-10T01:57:26Z,payment_completed,card_mastercard,USD,Cross-border,gateway_alpha,success,,desktop,Chrome,398.13,965
ses_0669,evt_004113,1,2026-09-14T17:00:27Z,checkout_initiated,gcash,PHP,Philippines,wallet_hub,started,,mobile,Safari,93.27,1490
ses_0669,evt_004114,2,2026-09-14T17:00:38Z,method_selected,gcash,PHP,Philippines,wallet_hub,success,,mobile,Safari,93.27,1074
ses_0669,evt_004115,3,2026-09-14T17:00:41Z,details_entered,gcash,PHP,Philippines,wallet_hub,abandoned,,mobile,Safari,93.27,1067
ses_0670,evt_004116,1,2026-09-14T22:03:02Z,checkout_initiated,card_visa,PHP,Philippines,gateway_alpha,started,,mobile,Firefox,427.84,320
ses_0670,evt_004117,2,2026-09-14T22:03:10Z,method_selected,card_visa,PHP,Philippines,gateway_alpha,success,,mobile,Firefox,427.84,785
ses_0670,evt_004118,3,2026-09-14T22:03:16Z,details_entered,card_visa,PHP,Philippines,gateway_alpha,success,,mobile,Firefox,427.84,1049
ses_0670,evt_004119,4,2026-09-14T22:03:25Z,authorization_requested,card_visa,PHP,Philippines,gateway_alpha,submitted,,mobile,Firefox,427.84,979
ses_0670,evt_004120,5,2026-09-14T22:03:27Z,authorization_response,card_visa,PHP,Philippines,gateway_alpha,success,,mobile,Firefox,427.84,559
ses_0670,evt_004121,6,2026-09-14T22:03:36Z,payment_completed,card_visa,PHP,Philippines,gateway_alpha,success,,mobile,Firefox,427.84,186
ses_0671,evt_004122,1,2026-09-03T23:10:59Z,checkout_initiated,card_mastercard,SGD,Singapore,gateway_alpha,started,,mobile,Chrome,40.89,695
ses_0671,evt_004123,2,2026-09-03T23:11:06Z,method_selected,card_mastercard,SGD,Singapore,gateway_alpha,success,,mobile,Chrome,40.89,1753
ses_0671,evt_004124,3,2026-09-03T23:11:09Z,details_entered,card_mastercard,SGD,Singapore,gateway_alpha,success,,mobile,Chrome,40.89,638
ses_0671,evt_004125,4,2026-09-03T23:11:16Z,authorization_requested,card_mastercard,SGD,Singapore,gateway_alpha,submitted,,mobile,Chrome,40.89,1375
ses_0671,evt_004126,5,2026-09-03T23:11:31Z,3ds_redirect,card_mastercard,SGD,Singapore,gateway_alpha,redirected,,mobile,Chrome,40.89,9374
ses_0671,evt_004127,6,2026-09-03T23:11:50Z,3ds_completed,card_mastercard,SGD,Singapore,gateway_alpha,abandoned,3ds_abandoned,mobile,Chrome,40.89,11738
ses_0672,evt_004128,1,2026-09-11T06:24:53Z,checkout_initiated,bank_transfer_local,PHP,Philippines,bank_rail,started,,mobile,Chrome,82.83,278
ses_0672,evt_004129,2,2026-09-11T06:24:58Z,method_selected,bank_transfer_local,PHP,Philippines,bank_rail,success,,mobile,Chrome,82.83,1569
ses_0672,evt_004130,3,2026-09-11T06:25:02Z,details_entered,bank_transfer_local,PHP,Philippines,bank_rail,success,,mobile,Chrome,82.83,221
ses_0672,evt_004131,4,2026-09-11T06:25:08Z,authorization_requested,bank_transfer_local,PHP,Philippines,bank_rail,submitted,,mobile,Chrome,82.83,306
ses_0672,evt_004132,5,2026-09-11T06:25:14Z,authorization_response,bank_transfer_local,PHP,Philippines,bank_rail,success,,mobile,Chrome,82.83,208
ses_0672,evt_004133,6,2026-09-11T06:25:22Z,payment_completed,bank_transfer_local,PHP,Philippines,bank_rail,success,,mobile,Chrome,82.83,1615
ses_0673,evt_004134,1,2026-09-01T21:20:31Z,checkout_initiated,bank_transfer_local,PHP,Philippines,bank_rail,started,,mobile,Safari,202.87,964
ses_0673,evt_004135,2,2026-09-01T21:20:41Z,method_selected,bank_transfer_local,PHP,Philippines,bank_rail,success,,mobile,Safari,202.87,368
ses_0673,evt_004136,3,2026-09-01T21:20:47Z,details_entered,bank_transfer_local,PHP,Philippines,bank_rail,success,,mobile,Safari,202.87,1227
ses_0673,evt_004137,4,2026-09-01T21:20:49Z,authorization_requested,bank_transfer_local,PHP,Philippines,bank_rail,submitted,,mobile,Safari,202.87,1298
ses_0673,evt_004138,5,2026-09-01T21:21:00Z,authorization_response,bank_transfer_local,PHP,Philippines,bank_rail,pending,,mobile,Safari,202.87,546
ses_0674,evt_004139,1,2026-09-12T11:01:39Z,checkout_initiated,card_mastercard,PHP,Philippines,gateway_beta,started,,mobile,Chrome,328.98,603
ses_0674,evt_004140,2,2026-09-12T11:01:49Z,method_selected,card_mastercard,PHP,Philippines,gateway_beta,success,,mobile,Chrome,328.98,1056
ses_0674,evt_004141,3,2026-09-12T11:01:57Z,details_entered,card_mastercard,PHP,Philippines,gateway_beta,success,,mobile,Chrome,328.98,407
ses_0674,evt_004142,4,2026-09-12T11:02:00Z,authorization_requested,card_mastercard,PHP,Philippines,gateway_beta,submitted,,mobile,Chrome,328.98,1714
ses_0674,evt_004143,5,2026-09-12T11:02:06Z,3ds_redirect,card_mastercard,PHP,Philippines,gateway_beta,redirected,,mobile,Chrome,328.98,3329
ses_0674,evt_004144,6,2026-09-12T11:02:13Z,3ds_completed,card_mastercard,PHP,Philippines,gateway_beta,success,,mobile,Chrome,328.98,1106
ses_0674,evt_004145,7,2026-09-12T11:02:24Z,authorization_response,card_mastercard,PHP,Philippines,gateway_beta,failed,timeout,mobile,Chrome,328.98,8542
ses_0675,evt_004146,1,2026-09-07T00:26:22Z,checkout_initiated,card_visa,USD,Cross-border,gateway_beta,started,,mobile,Chrome,434.19,842
ses_0675,evt_004147,2,2026-09-07T00:26:27Z,method_selected,card_visa,USD,Cross-border,gateway_beta,success,,mobile,Chrome,434.19,1587
ses_0675,evt_004148,3,2026-09-07T00:26:32Z,details_entered,card_visa,USD,Cross-border,gateway_beta,success,,mobile,Chrome,434.19,825
ses_0675,evt_004149,4,2026-09-07T00:26:37Z,authorization_requested,card_visa,USD,Cross-border,gateway_beta,submitted,,mobile,Chrome,434.19,987
ses_0675,evt_004150,5,2026-09-07T00:26:41Z,authorization_response,card_visa,USD,Cross-border,gateway_beta,success,,mobile,Chrome,434.19,458
ses_0675,evt_004151,6,2026-09-07T00:26:46Z,payment_completed,card_visa,USD,Cross-border,gateway_beta,success,,mobile,Chrome,434.19,1033
ses_0676,evt_004152,1,2026-09-12T04:38:56Z,checkout_initiated,bnpl_atome,PHP,Philippines,bnpl_connect,started,,mobile,Safari,57.28,1119
ses_0676,evt_004153,2,2026-09-12T04:39:07Z,method_selected,bnpl_atome,PHP,Philippines,bnpl_connect,success,,mobile,Safari,57.28,571
ses_0676,evt_004154,3,2026-09-12T04:39:16Z,details_entered,bnpl_atome,PHP,Philippines,bnpl_connect,success,,mobile,Safari,57.28,1573
ses_0676,evt_004155,4,2026-09-12T04:39:20Z,authorization_requested,bnpl_atome,PHP,Philippines,bnpl_connect,submitted,,mobile,Safari,57.28,827
ses_0676,evt_004156,5,2026-09-12T04:39:22Z,authorization_response,bnpl_atome,PHP,Philippines,bnpl_connect,failed,invalid_card,mobile,Safari,57.28,964
ses_0677,evt_004157,1,2026-09-06T04:19:56Z,checkout_initiated,card_mastercard,KES,Kenya,gateway_beta,started,,mobile,Safari,472.45,963
ses_0677,evt_004158,2,2026-09-06T04:19:59Z,method_selected,card_mastercard,KES,Kenya,gateway_beta,success,,mobile,Safari,472.45,257
ses_0677,evt_004159,3,2026-09-06T04:20:07Z,details_entered,card_mastercard,KES,Kenya,gateway_beta,success,,mobile,Safari,472.45,1057
ses_0677,evt_004160,4,2026-09-06T04:20:15Z,authorization_requested,card_mastercard,KES,Kenya,gateway_beta,submitted,,mobile,Safari,472.45,859
ses_0677,evt_004161,5,2026-09-06T04:20:27Z,authorization_response,card_mastercard,KES,Kenya,gateway_beta,failed,timeout,mobile,Safari,472.45,8603
ses_0678,evt_004162,1,2026-09-05T03:21:56Z,checkout_initiated,gcash,PHP,Philippines,wallet_hub,started,,mobile,Safari,313.07,1748
ses_0678,evt_004163,2,2026-09-05T03:22:07Z,method_selected,gcash,PHP,Philippines,wallet_hub,success,,mobile,Safari,313.07,663
ses_0678,evt_004164,3,2026-09-05T03:22:09Z,details_entered,gcash,PHP,Philippines,wallet_hub,success,,mobile,Safari,313.07,756
ses_0678,evt_004165,4,2026-09-05T03:22:20Z,authorization_requested,gcash,PHP,Philippines,wallet_hub,submitted,,mobile,Safari,313.07,1516
ses_0678,evt_004166,5,2026-09-05T03:22:22Z,authorization_response,gcash,PHP,Philippines,wallet_hub,failed,fraud_suspected,mobile,Safari,313.07,1171
ses_0679,evt_004167,1,2026-09-03T09:20:09Z,checkout_initiated,bnpl_atome,SGD,Singapore,bnpl_connect,started,,desktop,Safari,413.45,793
ses_0679,evt_004168,2,2026-09-03T09:20:19Z,method_selected,bnpl_atome,SGD,Singapore,bnpl_connect,success,,desktop,Safari,413.45,1055
ses_0679,evt_004169,3,2026-09-03T09:20:26Z,details_entered,bnpl_atome,SGD,Singapore,bnpl_connect,success,,desktop,Safari,413.45,692
ses_0679,evt_004170,4,2026-09-03T09:20:33Z,authorization_requested,bnpl_atome,SGD,Singapore,bnpl_connect,submitted,,desktop,Safari,413.45,413
ses_0679,evt_004171,5,2026-09-03T09:20:37Z,authorization_response,bnpl_atome,SGD,Singapore,bnpl_connect,failed,insufficient_funds,desktop,Safari,413.45,427
ses_0680,evt_004172,1,2026-09-05T13:38:22Z,checkout_initiated,card_mastercard,KES,Kenya,gateway_beta,started,,mobile,Firefox,17.19,1121
ses_0680,evt_004173,2,2026-09-05T13:38:25Z,method_selected,card_mastercard,KES,Kenya,gateway_beta,success,,mobile,Firefox,17.19,1533
ses_0680,evt_004174,3,2026-09-05T13:38:32Z,details_entered,card_mastercard,KES,Kenya,gateway_beta,success,,mobile,Firefox,17.19,284
ses_0680,evt_004175,4,2026-09-05T13:38:41Z,authorization_requested,card_mastercard,KES,Kenya,gateway_beta,submitted,,mobile,Firefox,17.19,287
ses_0680,evt_004176,5,2026-09-05T13:38:44Z,3ds_redirect,card_mastercard,KES,Kenya,gateway_beta,redirected,,mobile,Firefox,17.19,2128
ses_0680,evt_004177,6,2026-09-05T13:38:55Z,3ds_completed,card_mastercard,KES,Kenya,gateway_beta,success,,mobile,Firefox,17.19,4766
ses_0680,evt_004178,7,2026-09-05T13:39:09Z,authorization_response,card_mastercard,KES,Kenya,gateway_beta,failed,timeout,mobile,Firefox,17.19,7184
ses_0681,evt_004179,1,2026-09-05T10:08:14Z,checkout_initiated,mpesa,KES,Kenya,wallet_hub,started,,mobile,Safari,283.83,409
ses_0681,evt_004180,2,2026-09-05T10:08:16Z,method_selected,mpesa,KES,Kenya,wallet_hub,success,,mobile,Safari,283.83,334
ses_0681,evt_004181,3,2026-09-05T10:08:27Z,details_entered,mpesa,KES,Kenya,wallet_hub,abandoned,,mobile,Safari,283.83,208
ses_0682,evt_004182,1,2026-09-06T02:47:59Z,checkout_initiated,mpesa,KES,Kenya,wallet_hub,started,,mobile,Chrome,225.10,1583
ses_0682,evt_004183,2,2026-09-06T02:48:10Z,method_selected,mpesa,KES,Kenya,wallet_hub,success,,mobile,Chrome,225.10,648
ses_0682,evt_004184,3,2026-09-06T02:48:20Z,details_entered,mpesa,KES,Kenya,wallet_hub,success,,mobile,Chrome,225.10,451
ses_0682,evt_004185,4,2026-09-06T02:48:25Z,authorization_requested,mpesa,KES,Kenya,wallet_hub,submitted,,mobile,Chrome,225.10,1600
ses_0682,evt_004186,5,2026-09-06T02:48:30Z,authorization_response,mpesa,KES,Kenya,wallet_hub,success,,mobile,Chrome,225.10,1618
ses_0682,evt_004187,6,2026-09-06T02:48:35Z,payment_completed,mpesa,KES,Kenya,wallet_hub,success,,mobile,Chrome,225.10,1098
ses_0683,evt_004188,1,2026-09-11T04:56:12Z,checkout_initiated,gcash,PHP,Philippines,wallet_hub,started,,mobile,Chrome,445.15,801
ses_0683,evt_004189,2,2026-09-11T04:56:18Z,method_selected,gcash,PHP,Philippines,wallet_hub,success,,mobile,Chrome,445.15,505
ses_0683,evt_004190,3,2026-09-11T04:56:24Z,details_entered,gcash,PHP,Philippines,wallet_hub,success,,mobile,Chrome,445.15,765
ses_0683,evt_004191,4,2026-09-11T04:56:30Z,authorization_requested,gcash,PHP,Philippines,wallet_hub,submitted,,mobile,Chrome,445.15,1535
ses_0683,evt_004192,5,2026-09-11T04:56:36Z,authorization_response,gcash,PHP,Philippines,wallet_hub,success,,mobile,Chrome,445.15,626
ses_0683,evt_004193,6,2026-09-11T04:56:43Z,payment_completed,gcash,PHP,Philippines,wallet_hub,success,,mobile,Chrome,445.15,492
ses_0684,evt_004194,1,2026-09-13T14:57:54Z,checkout_initiated,card_visa,PHP,Philippines,gateway_alpha,started,,mobile,Safari,46.44,1647
ses_0684,evt_004195,2,2026-09-13T14:58:01Z,method_selected,card_visa,PHP,Philippines,gateway_alpha,success,,mobile,Safari,46.44,275
ses_0684,evt_004196,3,2026-09-13T14:58:08Z,details_entered,card_visa,PHP,Philippines,gateway_alpha,success,,mobile,Safari,46.44,1266
ses_0684,evt_004197,4,2026-09-13T14:58:18Z,authorization_requested,card_visa,PHP,Philippines,gateway_alpha,submitted,,mobile,Safari,46.44,316
ses_0684,evt_004198,5,2026-09-13T14:58:30Z,3ds_redirect,card_visa,PHP,Philippines,gateway_alpha,redirected,,mobile,Safari,46.44,9186
ses_0684,evt_004199,6,2026-09-13T14:58:47Z,3ds_completed,card_visa,PHP,Philippines,gateway_alpha,abandoned,3ds_abandoned,mobile,Safari,46.44,12273
ses_0685,evt_004200,1,2026-09-08T09:33:25Z,checkout_initiated,card_visa,PHP,Philippines,gateway_alpha,started,,mobile,Chrome,369.23,647
ses_0685,evt_004201,2,2026-09-08T09:33:36Z,method_selected,card_visa,PHP,Philippines,gateway_alpha,success,,mobile,Chrome,369.23,1002
ses_0685,evt_004202,3,2026-09-08T09:33:44Z,details_entered,card_visa,PHP,Philippines,gateway_alpha,success,,mobile,Chrome,369.23,283
ses_0685,evt_004203,4,2026-09-08T09:33:48Z,authorization_requested,card_visa,PHP,Philippines,gateway_alpha,submitted,,mobile,Chrome,369.23,1385
ses_0685,evt_004204,5,2026-09-08T09:33:52Z,authorization_response,card_visa,PHP,Philippines,gateway_alpha,failed,insufficient_funds,mobile,Chrome,369.23,1490
ses_0685,evt_004205,4,2026-09-08T09:33:48Z,authorization_requested,card_visa,PHP,Philippines,gateway_alpha,submitted,,mobile,Chrome,369.23,1385
ses_0686,evt_004206,1,2026-09-09T12:34:19Z,checkout_initiated,card_mastercard,SGD,Singapore,gateway_alpha,started,,mobile,Chrome,94.07,1429
ses_0686,evt_004207,2,2026-09-09T12:34:25Z,method_selected,card_mastercard,SGD,Singapore,gateway_alpha,success,,mobile,Chrome,94.07,1054
ses_0686,evt_004208,3,2026-09-09T12:34:27Z,details_entered,card_mastercard,SGD,Singapore,gateway_alpha,success,,mobile,Chrome,94.07,1298
ses_0686,evt_004209,4,2026-09-09T12:34:34Z,authorization_requested,card_mastercard,SGD,Singapore,gateway_alpha,submitted,,mobile,Chrome,94.07,296
ses_0686,evt_004210,5,2026-09-09T12:34:47Z,3ds_redirect,card_mastercard,SGD,Singapore,gateway_alpha,redirected,,mobile,Chrome,94.07,2762
ses_0686,evt_004211,6,2026-09-09T12:35:00Z,3ds_completed,card_mastercard,SGD,Singapore,gateway_alpha,success,,mobile,Chrome,94.07,3343
ses_0686,evt_004212,7,2026-09-09T12:35:06Z,authorization_response,card_mastercard,SGD,Singapore,gateway_alpha,success,,mobile,Chrome,94.07,916
ses_0686,evt_004213,8,2026-09-09T12:35:15Z,payment_completed,card_mastercard,SGD,Singapore,gateway_alpha,success,,mobile,Chrome,94.07,1350
ses_0687,evt_004214,1,2026-09-12T02:41:38Z,checkout_initiated,card_visa,KES,Kenya,gateway_alpha,started,,mobile,Firefox,397.96,1765
ses_0687,evt_004215,2,2026-09-12T02:41:40Z,method_selected,card_visa,KES,Kenya,gateway_alpha,success,,mobile,Firefox,397.96,480
ses_0687,evt_004216,3,2026-09-12T03:14:14Z,details_entered,card_visa,KES,Kenya,gateway_alpha,success,,mobile,Firefox,397.96,1674
ses_0687,evt_004217,4,2026-09-12T03:14:24Z,authorization_requested,card_visa,KES,Kenya,gateway_alpha,submitted,,mobile,Firefox,397.96,413
ses_0687,evt_004218,5,2026-09-12T03:14:27Z,authorization_response,card_visa,KES,Kenya,gateway_alpha,success,,mobile,Firefox,397.96,237
ses_0687,evt_004219,6,2026-09-12T03:14:36Z,payment_completed,card_visa,KES,Kenya,gateway_alpha,success,,mobile,Firefox,397.96,1041
ses_0688,evt_004220,1,2026-09-06T14:58:10Z,checkout_initiated,card_visa,SGD,Singapore,gateway_beta,started,,mobile,Chrome,332.73,1222
ses_0688,evt_004221,2,2026-09-06T14:58:20Z,method_selected,card_visa,SGD,Singapore,gateway_beta,success,,mobile,Chrome,332.73,1381
ses_0688,evt_004222,3,2026-09-06T14:58:23Z,details_entered,card_visa,SGD,Singapore,gateway_beta,success,,mobile,Chrome,332.73,1737
ses_0688,evt_004223,4,2026-09-06T14:58:30Z,authorization_requested,card_visa,SGD,Singapore,gateway_beta,submitted,,mobile,Chrome,332.73,818
ses_0688,evt_004224,5,2026-09-06T14:58:45Z,3ds_redirect,card_visa,SGD,Singapore,gateway_beta,redirected,,mobile,Chrome,332.73,10621
ses_0688,evt_004225,6,2026-09-06T14:59:03Z,3ds_completed,card_visa,SGD,Singapore,gateway_beta,abandoned,3ds_abandoned,mobile,Chrome,332.73,10341
ses_0689,evt_004226,1,2026-09-07T04:43:10Z,checkout_initiated,card_visa,KES,Kenya,gateway_beta,started,,mobile,Chrome,12.59,1012
ses_0689,evt_004227,2,2026-09-07T04:43:16Z,method_selected,card_visa,KES,Kenya,gateway_beta,success,,mobile,Chrome,12.59,1213
ses_0689,evt_004228,3,2026-09-07T05:13:05Z,details_entered,card_visa,KES,Kenya,gateway_beta,success,,mobile,Chrome,12.59,762
ses_0689,evt_004229,4,2026-09-07T05:13:09Z,authorization_requested,card_visa,KES,Kenya,gateway_beta,submitted,,mobile,Chrome,12.59,1635
ses_0689,evt_004230,5,2026-09-07T05:13:24Z,3ds_redirect,card_visa,KES,Kenya,gateway_beta,redirected,,mobile,Chrome,12.59,10647
ses_0689,evt_004231,6,2026-09-07T05:13:42Z,3ds_completed,card_visa,KES,Kenya,gateway_beta,abandoned,3ds_abandoned,mobile,Chrome,12.59,12231
ses_0690,evt_004232,1,2026-09-03T22:32:34Z,checkout_initiated,card_mastercard,PHP,Philippines,gateway_beta,started,,mobile,Safari,471.69,1157
ses_0690,evt_004233,2,2026-09-03T22:32:36Z,method_selected,card_mastercard,PHP,Philippines,gateway_beta,success,,mobile,Safari,471.69,891
ses_0690,evt_004234,3,2026-09-03T22:32:45Z,details_entered,card_mastercard,PHP,Philippines,gateway_beta,success,,mobile,Safari,471.69,1211
ses_0690,evt_004235,4,2026-09-03T22:32:49Z,authorization_requested,card_mastercard,PHP,Philippines,gateway_beta,submitted,,mobile,Safari,471.69,760
ses_0690,evt_004236,5,2026-09-03T22:33:01Z,3ds_redirect,card_mastercard,PHP,Philippines,gateway_beta,redirected,,mobile,Safari,471.69,1879
ses_0690,evt_004237,6,2026-09-03T22:33:09Z,3ds_completed,card_mastercard,PHP,Philippines,gateway_beta,success,,mobile,Safari,471.69,5046
ses_0690,evt_004238,7,2026-09-03T22:33:18Z,authorization_response,card_mastercard,PHP,Philippines,gateway_beta,success,,mobile,Safari,471.69,224
ses_0690,evt_004239,8,2026-09-03T22:33:21Z,payment_completed,card_mastercard,PHP,Philippines,gateway_beta,success,,mobile,Safari,471.69,1575
ses_0691,evt_004240,1,2026-09-06T04:18:18Z,checkout_initiated,card_visa,SGD,Singapore,gateway_beta,started,,mobile,Chrome,78.39,1120
ses_0691,evt_004241,2,2026-09-06T04:18:23Z,method_selected,card_visa,SGD,Singapore,gateway_beta,success,,mobile,Chrome,78.39,1553
ses_0691,evt_004242,3,2026-09-06T04:18:34Z,details_entered,card_visa,SGD,Singapore,gateway_beta,success,,mobile,Chrome,78.39,1776
ses_0691,evt_004243,4,2026-09-06T04:18:42Z,authorization_requested,card_visa,SGD,Singapore,gateway_beta,submitted,,mobile,Chrome,78.39,1426
ses_0691,evt_004244,5,2026-09-06T04:18:47Z,3ds_redirect,card_visa,SGD,Singapore,gateway_beta,redirected,,mobile,Chrome,78.39,1226
ses_0691,evt_004245,6,2026-09-06T04:18:56Z,3ds_completed,card_visa,SGD,Singapore,gateway_beta,success,,mobile,Chrome,78.39,2359
ses_0691,evt_004246,7,2026-09-06T04:19:07Z,authorization_response,card_visa,SGD,Singapore,gateway_beta,success,,mobile,Chrome,78.39,1248
ses_0691,evt_004247,8,2026-09-06T04:19:16Z,payment_completed,card_visa,SGD,Singapore,gateway_beta,success,,mobile,Chrome,78.39,460
ses_0692,evt_004248,1,2026-09-14T15:50:45Z,checkout_initiated,card_visa,USD,Cross-border,gateway_beta,started,,mobile,Chrome,383.82,1438
ses_0692,evt_004249,2,2026-09-14T15:50:49Z,method_selected,card_visa,USD,Cross-border,gateway_beta,success,,mobile,Chrome,383.82,1436
ses_0692,evt_004250,3,2026-09-14T15:50:59Z,details_entered,card_visa,USD,Cross-border,gateway_beta,success,,mobile,Chrome,383.82,1437
ses_0692,evt_004251,4,2026-09-14T15:51:08Z,authorization_requested,card_visa,USD,Cross-border,gateway_beta,submitted,,mobile,Chrome,383.82,297
ses_0692,evt_004252,5,2026-09-14T15:51:19Z,3ds_redirect,card_visa,USD,Cross-border,gateway_beta,redirected,,mobile,Chrome,383.82,2400
ses_0692,evt_004253,6,2026-09-14T15:51:24Z,3ds_completed,card_visa,USD,Cross-border,gateway_beta,success,,mobile,Chrome,383.82,1223
ses_0692,evt_004254,7,2026-09-14T15:51:33Z,authorization_response,card_visa,USD,Cross-border,gateway_beta,success,,mobile,Chrome,383.82,1728
ses_0692,evt_004255,8,2026-09-14T15:51:35Z,payment_completed,card_visa,USD,Cross-border,gateway_beta,success,,mobile,Chrome,383.82,219
ses_0693,evt_004256,1,2026-09-04T00:40:16Z,checkout_initiated,mpesa,USD,Cross-border,wallet_hub,started,,mobile,Firefox,169.40,1593
ses_0693,evt_004257,2,2026-09-04T00:40:19Z,method_selected,mpesa,USD,Cross-border,wallet_hub,success,,mobile,Firefox,169.40,1452
ses_0693,evt_004258,3,2026-09-04T00:40:29Z,details_entered,mpesa,USD,Cross-border,wallet_hub,success,,mobile,Firefox,169.40,1616
ses_0693,evt_004259,4,2026-09-04T00:40:33Z,authorization_requested,mpesa,USD,Cross-border,wallet_hub,submitted,,mobile,Firefox,169.40,995
ses_0693,evt_004260,5,2026-09-04T00:40:43Z,authorization_response,mpesa,USD,Cross-border,wallet_hub,success,,mobile,Firefox,169.40,843
ses_0693,evt_004261,6,2026-09-04T00:40:46Z,payment_completed,mpesa,USD,Cross-border,wallet_hub,success,,mobile,Firefox,169.40,1224
ses_0694,evt_004262,1,2026-09-12T15:50:45Z,checkout_initiated,bnpl_atome,SGD,Singapore,bnpl_connect,started,,mobile,Safari,189.23,1510
ses_0694,evt_004263,2,2026-09-12T15:50:48Z,method_selected,bnpl_atome,SGD,Singapore,bnpl_connect,success,,mobile,Safari,189.23,719
ses_0694,evt_004264,3,2026-09-12T15:50:55Z,details_entered,bnpl_atome,SGD,Singapore,bnpl_connect,success,,mobile,Safari,189.23,1277
ses_0694,evt_004265,4,2026-09-12T15:51:02Z,authorization_requested,bnpl_atome,SGD,Singapore,bnpl_connect,submitted,,mobile,Safari,189.23,1472
ses_0694,evt_004266,5,2026-09-12T15:51:09Z,authorization_response,bnpl_atome,SGD,Singapore,bnpl_connect,failed,fraud_suspected,mobile,Safari,189.23,1291
ses_0695,evt_004267,1,2026-09-06T23:24:38Z,checkout_initiated,card_mastercard,KES,Kenya,gateway_alpha,started,,mobile,Chrome,297.94,1699
ses_0695,evt_004268,2,2026-09-06T23:24:47Z,method_selected,card_mastercard,KES,Kenya,gateway_alpha,success,,mobile,Chrome,297.94,847
ses_0695,evt_004269,3,2026-09-06T23:24:51Z,details_entered,card_mastercard,KES,Kenya,gateway_alpha,success,,mobile,Chrome,297.94,1396
ses_0695,evt_004270,4,2026-09-06T23:24:54Z,authorization_requested,card_mastercard,KES,Kenya,gateway_alpha,submitted,,mobile,Chrome,297.94,1734
ses_0695,evt_004271,5,2026-09-06T23:25:04Z,3ds_redirect,card_mastercard,KES,Kenya,gateway_alpha,redirected,,mobile,Chrome,297.94,4568
ses_0695,evt_004272,6,2026-09-06T23:25:14Z,3ds_completed,card_mastercard,KES,Kenya,gateway_alpha,success,,mobile,Chrome,297.94,1218
ses_0695,evt_004273,7,2026-09-06T23:25:22Z,authorization_response,card_mastercard,KES,Kenya,gateway_alpha,success,,mobile,Chrome,297.94,1153
ses_0695,evt_004274,8,2026-09-06T23:25:33Z,payment_completed,card_mastercard,KES,Kenya,gateway_alpha,success,,mobile,Chrome,297.94,723
ses_0696,evt_004275,1,2026-09-07T02:39:53Z,checkout_initiated,mpesa,KES,Kenya,wallet_hub,started,,desktop,Chrome,244.12,528
ses_0696,evt_004276,2,2026-09-07T02:40:05Z,method_selected,mpesa,KES,Kenya,wallet_hub,success,,desktop,Chrome,244.12,1672
ses_0696,evt_004277,3,2026-09-07T02:40:11Z,details_entered,mpesa,KES,Kenya,wallet_hub,success,,desktop,Chrome,244.12,1608
ses_0696,evt_004278,4,2026-09-07T02:40:19Z,authorization_requested,mpesa,KES,Kenya,wallet_hub,submitted,,desktop,Chrome,244.12,1088
ses_0696,evt_004279,5,2026-09-07T02:40:24Z,authorization_response,mpesa,KES,Kenya,wallet_hub,success,,desktop,Chrome,244.12,511
ses_0696,evt_004280,6,2026-09-07T02:40:29Z,payment_completed,mpesa,KES,Kenya,wallet_hub,success,,desktop,Chrome,244.12,532
ses_0697,evt_004281,1,2026-09-06T16:13:54Z,checkout_initiated,gcash,PHP,Philippines,wallet_hub,started,,desktop,Safari,316.46,446
ses_0697,evt_004282,2,2026-09-06T16:13:59Z,method_selected,gcash,PHP,Philippines,wallet_hub,success,,desktop,Safari,316.46,244
ses_0697,evt_004283,3,2026-09-06T16:14:01Z,details_entered,gcash,PHP,Philippines,wallet_hub,success,,desktop,Safari,316.46,1091
ses_0697,evt_004284,4,2026-09-06T16:14:06Z,authorization_requested,gcash,PHP,Philippines,wallet_hub,submitted,,desktop,Safari,316.46,1408
ses_0697,evt_004285,5,2026-09-06T16:14:11Z,authorization_response,gcash,PHP,Philippines,wallet_hub,success,,desktop,Safari,316.46,1034
ses_0697,evt_004286,6,2026-09-06T16:14:18Z,payment_completed,gcash,PHP,Philippines,wallet_hub,success,,desktop,Safari,316.46,837
ses_0698,evt_004287,1,2026-09-12T00:17:28Z,checkout_initiated,gcash,PHP,Philippines,wallet_hub,started,,desktop,Chrome,456.80,868
ses_0698,evt_004288,2,2026-09-12T00:17:38Z,method_selected,gcash,PHP,Philippines,wallet_hub,success,,desktop,Chrome,456.80,1193
ses_0698,evt_004289,3,2026-09-12T00:17:41Z,details_entered,gcash,PHP,Philippines,wallet_hub,abandoned,,desktop,Chrome,456.80,829
ses_0699,evt_004290,1,2026-09-04T09:04:08Z,checkout_initiated,card_visa,SGD,Singapore,gateway_alpha,started,,mobile,Firefox,178.19,719
ses_0699,evt_004291,2,2026-09-04T09:04:11Z,method_selected,card_visa,SGD,Singapore,gateway_alpha,success,,mobile,Firefox,178.19,704
ses_0699,evt_004292,3,2026-09-04T09:04:18Z,details_entered,card_visa,SGD,Singapore,gateway_alpha,success,,mobile,Firefox,178.19,1384
ses_0699,evt_004293,4,2026-09-04T09:04:25Z,authorization_requested,card_visa,SGD,Singapore,gateway_alpha,submitted,,mobile,Firefox,178.19,504
ses_0699,evt_004294,5,2026-09-04T09:04:31Z,3ds_redirect,card_visa,SGD,Singapore,gateway_alpha,redirected,,mobile,Firefox,178.19,4263
ses_0699,evt_004295,6,2026-09-04T09:04:42Z,3ds_completed,card_visa,SGD,Singapore,gateway_alpha,success,,mobile,Firefox,178.19,1743
ses_0699,evt_004296,7,2026-09-04T09:04:50Z,authorization_response,card_visa,SGD,Singapore,gateway_alpha,success,,mobile,Firefox,178.19,275
ses_0699,evt_004297,8,2026-09-04T09:04:54Z,payment_completed,card_visa,SGD,Singapore,gateway_alpha,success,,mobile,Firefox,178.19,1468
ses_0700,evt_004298,1,2026-09-07T19:09:01Z,checkout_initiated,card_visa,USD,Cross-border,gateway_alpha,started,,desktop,Safari,137.60,244
ses_0700,evt_004299,2,2026-09-07T19:09:12Z,method_selected,card_visa,USD,Cross-border,gateway_alpha,success,,desktop,Safari,137.60,1755
ses_0700,evt_004300,3,2026-09-07T19:09:18Z,details_entered,card_visa,USD,Cross-border,gateway_alpha,success,,desktop,Safari,137.60,288
ses_0700,evt_004301,4,2026-09-07T19:09:25Z,authorization_requested,card_visa,USD,Cross-border,gateway_alpha,submitted,,desktop,Safari,137.60,1621
ses_0700,evt_004302,5,2026-09-07T19:09:32Z,3ds_redirect,card_visa,USD,Cross-border,gateway_alpha,redirected,,desktop,Safari,137.60,1815
ses_0700,evt_004303,6,2026-09-07T19:09:41Z,3ds_completed,card_visa,USD,Cross-border,gateway_alpha,success,,desktop,Safari,137.60,4987
ses_0700,evt_004304,7,2026-09-07T19:09:44Z,authorization_response,card_visa,USD,Cross-border,gateway_alpha,success,,desktop,Safari,137.60,1794
ses_0700,evt_004305,8,2026-09-07T19:09:48Z,payment_completed,card_visa,USD,Cross-border,gateway_alpha,success,,desktop,Safari,137.60,1612
ses_0701,evt_004306,1,2026-09-11T04:29:58Z,checkout_initiated,card_mastercard,KES,Kenya,gateway_alpha,started,,desktop,Chrome,49.55,1799
ses_0701,evt_004307,2,2026-09-11T04:30:01Z,method_selected,card_mastercard,KES,Kenya,gateway_alpha,success,,desktop,Chrome,49.55,1205
ses_0701,evt_004308,3,2026-09-11T04:30:03Z,details_entered,card_mastercard,KES,Kenya,gateway_alpha,success,,desktop,Chrome,49.55,566
ses_0701,evt_004309,4,2026-09-11T04:30:14Z,authorization_requested,card_mastercard,KES,Kenya,gateway_alpha,submitted,,desktop,Chrome,49.55,822
ses_0701,evt_004310,5,2026-09-11T04:30:16Z,3ds_redirect,card_mastercard,KES,Kenya,gateway_alpha,redirected,,desktop,Chrome,49.55,1480
ses_0701,evt_004311,6,2026-09-11T04:30:27Z,3ds_completed,card_mastercard,KES,Kenya,gateway_alpha,success,,desktop,Chrome,49.55,2093
ses_0701,evt_004312,7,2026-09-11T04:30:34Z,authorization_response,card_mastercard,KES,Kenya,gateway_alpha,success,,desktop,Chrome,49.55,1768
ses_0701,evt_004313,8,2026-09-11T04:30:37Z,payment_completed,card_mastercard,KES,Kenya,gateway_alpha,success,,desktop,Chrome,49.55,1139
ses_0702,evt_004314,1,2026-09-09T09:10:59Z,checkout_initiated,mpesa,KES,Kenya,wallet_hub,started,,mobile,Chrome,56.63,1759
ses_0702,evt_004315,2,2026-09-09T09:11:01Z,method_selected,mpesa,KES,Kenya,wallet_hub,success,,mobile,Chrome,56.63,341
ses_0702,evt_004316,3,2026-09-09T09:11:04Z,details_entered,mpesa,KES,Kenya,wallet_hub,success,,mobile,Chrome,56.63,1414
ses_0702,evt_004317,4,2026-09-09T09:11:09Z,authorization_requested,mpesa,KES,Kenya,wallet_hub,submitted,,mobile,Chrome,56.63,845
ses_0702,evt_004318,5,2026-09-09T09:11:17Z,authorization_response,mpesa,KES,Kenya,wallet_hub,success,,mobile,Chrome,56.63,1574
ses_0702,evt_004319,6,2026-09-09T09:11:23Z,payment_completed,mpesa,KES,Kenya,wallet_hub,success,,mobile,Chrome,56.63,960
ses_0703,evt_004320,1,2026-09-14T02:44:42Z,checkout_initiated,card_visa,SGD,Singapore,gateway_beta,started,,mobile,Chrome,418.08,494
ses_0703,evt_004321,2,2026-09-14T02:44:48Z,method_selected,card_visa,SGD,Singapore,gateway_beta,success,,mobile,Chrome,418.08,415
ses_0703,evt_004322,3,2026-09-14T02:44:53Z,details_entered,card_visa,SGD,Singapore,gateway_beta,success,,mobile,Chrome,418.08,1022
ses_0703,evt_004323,4,2026-09-14T02:44:55Z,authorization_requested,card_visa,SGD,Singapore,gateway_beta,submitted,,mobile,Chrome,418.08,587
ses_0703,evt_004324,5,2026-09-14T02:44:58Z,3ds_redirect,card_visa,SGD,Singapore,gateway_beta,redirected,,mobile,Chrome,418.08,1855
ses_0703,evt_004325,6,2026-09-14T02:45:00Z,3ds_completed,card_visa,SGD,Singapore,gateway_beta,success,,mobile,Chrome,418.08,1375
ses_0703,evt_004326,7,2026-09-14T02:45:05Z,authorization_response,card_visa,SGD,Singapore,gateway_beta,failed,fraud_suspected,mobile,Chrome,418.08,1190
ses_0704,evt_004327,1,2026-09-03T23:17:38Z,checkout_initiated,mpesa,KES,Kenya,wallet_hub,started,,mobile,Safari,92.67,1385
ses_0704,evt_004328,2,2026-09-03T23:17:49Z,method_selected,mpesa,KES,Kenya,wallet_hub,success,,mobile,Safari,92.67,290
ses_0704,evt_004329,3,2026-09-03T23:42:45Z,details_entered,mpesa,KES,Kenya,wallet_hub,success,,mobile,Safari,92.67,658
ses_0704,evt_004330,4,2026-09-03T23:42:56Z,authorization_requested,mpesa,KES,Kenya,wallet_hub,submitted,,mobile,Safari,92.67,1713
ses_0704,evt_004331,5,2026-09-03T23:43:02Z,authorization_response,mpesa,KES,Kenya,wallet_hub,success,,mobile,Safari,92.67,350
ses_0704,evt_004332,6,2026-09-03T23:43:05Z,payment_completed,mpesa,KES,Kenya,wallet_hub,success,,mobile,Safari,92.67,1068
ses_0705,evt_004333,1,2026-09-01T08:27:18Z,checkout_initiated,gcash,PHP,Philippines,wallet_hub,started,,mobile,Safari,449.96,1642
ses_0705,evt_004334,2,2026-09-01T08:27:20Z,method_selected,gcash,PHP,Philippines,wallet_hub,success,,mobile,Safari,449.96,724
ses_0705,evt_004335,3,2026-09-01T08:27:31Z,details_entered,gcash,PHP,Philippines,wallet_hub,abandoned,,mobile,Safari,449.96,236
ses_0705,evt_004336,2,2026-09-01T08:27:20Z,method_selected,gcash,PHP,Philippines,wallet_hub,success,,mobile,Safari,449.96,724
ses_0706,evt_004337,1,2026-09-01T07:12:36Z,checkout_initiated,card_visa,SGD,Singapore,gateway_beta,started,,mobile,Chrome,228.07,1503
ses_0706,evt_004338,2,2026-09-01T07:12:42Z,method_selected,card_visa,SGD,Singapore,gateway_beta,success,,mobile,Chrome,228.07,782
ses_0706,evt_004339,3,2026-09-01T07:12:47Z,details_entered,card_visa,SGD,Singapore,gateway_beta,success,,mobile,Chrome,228.07,773
ses_0706,evt_004340,4,2026-09-01T07:12:53Z,authorization_requested,card_visa,SGD,Singapore,gateway_beta,submitted,,mobile,Chrome,228.07,1119
ses_0706,evt_004341,5,2026-09-01T07:12:59Z,3ds_redirect,card_visa,SGD,Singapore,gateway_beta,redirected,,mobile,Chrome,228.07,3480
ses_0706,evt_004342,6,2026-09-01T07:13:06Z,3ds_completed,card_visa,SGD,Singapore,gateway_beta,success,,mobile,Chrome,228.07,1842
ses_0706,evt_004343,7,2026-09-01T07:13:15Z,authorization_response,card_visa,SGD,Singapore,gateway_beta,failed,fraud_suspected,mobile,Chrome,228.07,1517
ses_0707,evt_004344,1,2026-09-08T08:20:56Z,checkout_initiated,bank_transfer_local,USD,Cross-border,bank_rail,started,,desktop,Chrome,202.90,279
ses_0707,evt_004345,2,2026-09-08T08:21:04Z,method_selected,bank_transfer_local,USD,Cross-border,bank_rail,success,,desktop,Chrome,202.90,1703
ses_0707,evt_004346,3,2026-09-08T08:21:10Z,details_entered,bank_transfer_local,USD,Cross-border,bank_rail,success,,desktop,Chrome,202.90,909
ses_0707,evt_004347,4,2026-09-08T08:21:14Z,authorization_requested,bank_transfer_local,USD,Cross-border,bank_rail,submitted,,desktop,Chrome,202.90,317
ses_0707,evt_004348,5,2026-09-08T08:21:23Z,authorization_response,bank_transfer_local,USD,Cross-border,bank_rail,pending,,desktop,Chrome,202.90,295
ses_0708,evt_004349,1,2026-09-07T20:42:12Z,checkout_initiated,bank_transfer_local,PHP,Philippines,bank_rail,started,,mobile,Safari,190.44,1453
ses_0708,evt_004350,2,2026-09-07T20:42:17Z,method_selected,bank_transfer_local,PHP,Philippines,bank_rail,success,,mobile,Safari,190.44,1041
ses_0708,evt_004351,3,2026-09-07T20:42:23Z,details_entered,bank_transfer_local,PHP,Philippines,bank_rail,success,,mobile,Safari,190.44,199
ses_0708,evt_004352,4,2026-09-07T20:42:25Z,authorization_requested,bank_transfer_local,PHP,Philippines,bank_rail,submitted,,mobile,Safari,190.44,966
ses_0708,evt_004353,5,2026-09-07T20:42:33Z,authorization_response,bank_transfer_local,PHP,Philippines,bank_rail,pending,,mobile,Safari,190.44,759
ses_0709,evt_004354,1,2026-09-03T09:11:05Z,checkout_initiated,mpesa,KES,Kenya,wallet_hub,started,,mobile,Chrome,11.93,759
ses_0709,evt_004355,2,2026-09-03T09:11:13Z,method_selected,mpesa,KES,Kenya,wallet_hub,success,,mobile,Chrome,11.93,1291
ses_0709,evt_004356,3,2026-09-03T09:11:24Z,details_entered,mpesa,KES,Kenya,wallet_hub,success,,mobile,Chrome,11.93,615
ses_0709,evt_004357,4,2026-09-03T09:11:30Z,authorization_requested,mpesa,KES,Kenya,wallet_hub,submitted,,mobile,Chrome,11.93,211
ses_0709,evt_004358,5,2026-09-03T09:11:35Z,authorization_response,mpesa,KES,Kenya,wallet_hub,success,,mobile,Chrome,11.93,1630
ses_0709,evt_004359,6,2026-09-03T09:11:44Z,payment_completed,mpesa,KES,Kenya,wallet_hub,success,,mobile,Chrome,11.93,589
ses_0710,evt_004360,1,2026-09-11T00:34:36Z,checkout_initiated,card_visa,KES,Kenya,gateway_alpha,started,,mobile,Edge,376.42,1264
ses_0710,evt_004361,2,2026-09-11T00:34:41Z,method_selected,card_visa,KES,Kenya,gateway_alpha,success,,mobile,Edge,376.42,1027
ses_0710,evt_004362,3,2026-09-11T00:34:48Z,details_entered,card_visa,KES,Kenya,gateway_alpha,success,,mobile,Edge,376.42,1244
ses_0710,evt_004363,4,2026-09-11T00:34:59Z,authorization_requested,card_visa,KES,Kenya,gateway_alpha,submitted,,mobile,Edge,376.42,828
ses_0710,evt_004364,5,2026-09-11T00:35:08Z,3ds_redirect,card_visa,KES,Kenya,gateway_alpha,redirected,,mobile,Edge,376.42,4497
ses_0710,evt_004365,6,2026-09-11T00:35:19Z,3ds_completed,card_visa,KES,Kenya,gateway_alpha,success,,mobile,Edge,376.42,5060
ses_0710,evt_004366,7,2026-09-11T00:35:22Z,authorization_response,card_visa,KES,Kenya,gateway_alpha,success,,mobile,Edge,376.42,1049
ses_0710,evt_004367,8,2026-09-11T00:35:26Z,payment_completed,card_visa,KES,Kenya,gateway_alpha,success,,mobile,Edge,376.42,1190
ses_0711,evt_004368,1,2026-09-06T11:02:16Z,checkout_initiated,gcash,USD,Cross-border,wallet_hub,started,,mobile,Safari,453.69,1106
ses_0711,evt_004369,2,2026-09-06T11:02:21Z,method_selected,gcash,USD,Cross-border,wallet_hub,success,,mobile,Safari,453.69,594
ses_0711,evt_004370,3,2026-09-06T11:02:25Z,details_entered,gcash,USD,Cross-border,wallet_hub,success,,mobile,Safari,453.69,867
ses_0711,evt_004371,4,2026-09-06T11:02:30Z,authorization_requested,gcash,USD,Cross-border,wallet_hub,submitted,,mobile,Safari,453.69,479
ses_0711,evt_004372,5,2026-09-06T11:02:38Z,authorization_response,gcash,USD,Cross-border,wallet_hub,failed,fraud_suspected,mobile,Safari,453.69,671
ses_0712,evt_004373,1,2026-09-06T14:09:40Z,checkout_initiated,mpesa,KES,Kenya,wallet_hub,started,,mobile,Chrome,352.24,1562
ses_0712,evt_004374,2,2026-09-06T14:09:47Z,method_selected,mpesa,KES,Kenya,wallet_hub,success,,mobile,Chrome,352.24,239
ses_0712,evt_004375,3,2026-09-06T14:09:55Z,details_entered,mpesa,KES,Kenya,wallet_hub,success,,mobile,Chrome,352.24,455
ses_0712,evt_004376,4,2026-09-06T14:09:59Z,authorization_requested,mpesa,KES,Kenya,wallet_hub,submitted,,mobile,Chrome,352.24,233
ses_0712,evt_004377,5,2026-09-06T14:10:10Z,authorization_response,mpesa,KES,Kenya,wallet_hub,success,,mobile,Chrome,352.24,493
ses_0712,evt_004378,6,2026-09-06T14:10:20Z,payment_completed,mpesa,KES,Kenya,wallet_hub,success,,mobile,Chrome,352.24,1271
ses_0713,evt_004379,1,2026-09-11T14:59:10Z,checkout_initiated,bnpl_atome,PHP,Philippines,bnpl_connect,started,,mobile,Chrome,355.40,341
ses_0713,evt_004380,2,2026-09-11T14:59:16Z,method_selected,bnpl_atome,PHP,Philippines,bnpl_connect,success,,mobile,Chrome,355.40,838
ses_0713,evt_004381,3,2026-09-11T14:59:18Z,details_entered,bnpl_atome,PHP,Philippines,bnpl_connect,success,,mobile,Chrome,355.40,964
ses_0713,evt_004382,4,2026-09-11T14:59:22Z,authorization_requested,bnpl_atome,PHP,Philippines,bnpl_connect,submitted,,mobile,Chrome,355.40,691
ses_0713,evt_004383,5,2026-09-11T14:59:25Z,authorization_response,bnpl_atome,PHP,Philippines,bnpl_connect,success,,mobile,Chrome,355.40,1616
ses_0713,evt_004384,6,2026-09-11T14:59:32Z,payment_completed,bnpl_atome,PHP,Philippines,bnpl_connect,success,,mobile,Chrome,355.40,926
ses_0714,evt_004385,1,2026-09-03T22:21:49Z,checkout_initiated,gcash,USD,Cross-border,wallet_hub,started,,desktop,Chrome,325.47,1509
ses_0714,evt_004386,2,2026-09-03T22:21:58Z,method_selected,gcash,USD,Cross-border,wallet_hub,success,,desktop,Chrome,325.47,698
ses_0714,evt_004387,3,2026-09-03T22:22:09Z,details_entered,gcash,USD,Cross-border,wallet_hub,success,,desktop,Chrome,325.47,1718
ses_0714,evt_004388,4,2026-09-03T22:22:20Z,authorization_requested,gcash,USD,Cross-border,wallet_hub,submitted,,desktop,Chrome,325.47,1492
ses_0714,evt_004389,5,2026-09-03T22:22:25Z,authorization_response,gcash,USD,Cross-border,wallet_hub,success,,desktop,Chrome,325.47,380
ses_0714,evt_004390,6,2026-09-03T22:22:35Z,payment_completed,gcash,USD,Cross-border,wallet_hub,success,,desktop,Chrome,325.47,202
ses_0715,evt_004391,1,2026-09-12T04:40:18Z,checkout_initiated,card_visa,PHP,Philippines,gateway_alpha,started,,mobile,Safari,110.12,770
ses_0715,evt_004392,2,2026-09-12T04:40:25Z,method_selected,card_visa,PHP,Philippines,gateway_alpha,success,,mobile,Safari,110.12,473
ses_0715,evt_004393,3,2026-09-12T04:40:28Z,details_entered,card_visa,PHP,Philippines,gateway_alpha,success,,mobile,Safari,110.12,944
ses_0715,evt_004394,4,2026-09-12T04:40:39Z,authorization_requested,card_visa,PHP,Philippines,gateway_alpha,submitted,,mobile,Safari,110.12,1183
ses_0715,evt_004395,5,2026-09-12T04:40:51Z,3ds_redirect,card_visa,PHP,Philippines,gateway_alpha,redirected,,mobile,Safari,110.12,7695
ses_0715,evt_004396,6,2026-09-12T04:41:09Z,3ds_completed,card_visa,PHP,Philippines,gateway_alpha,abandoned,3ds_abandoned,mobile,Safari,110.12,10215
ses_0716,evt_004397,1,2026-09-02T22:06:17Z,checkout_initiated,card_mastercard,PHP,Philippines,gateway_beta,started,,desktop,Chrome,304.62,761
ses_0716,evt_004398,2,2026-09-02T22:06:22Z,method_selected,card_mastercard,PHP,Philippines,gateway_beta,success,,desktop,Chrome,304.62,1066
ses_0716,evt_004399,3,2026-09-02T22:06:30Z,details_entered,card_mastercard,PHP,Philippines,gateway_beta,success,,desktop,Chrome,304.62,1053
ses_0716,evt_004400,4,2026-09-02T22:06:35Z,authorization_requested,card_mastercard,PHP,Philippines,gateway_beta,submitted,,desktop,Chrome,304.62,1144
ses_0716,evt_004401,5,2026-09-02T22:06:47Z,3ds_redirect,card_mastercard,PHP,Philippines,gateway_beta,redirected,,desktop,Chrome,304.62,2702
ses_0716,evt_004402,6,2026-09-02T22:06:56Z,3ds_completed,card_mastercard,PHP,Philippines,gateway_beta,success,,desktop,Chrome,304.62,3147
ses_0716,evt_004403,7,2026-09-02T22:07:03Z,authorization_response,card_mastercard,PHP,Philippines,gateway_beta,success,,desktop,Chrome,304.62,782
ses_0716,evt_004404,8,2026-09-02T22:07:09Z,payment_completed,card_mastercard,PHP,Philippines,gateway_beta,success,,desktop,Chrome,304.62,320
ses_0717,evt_004405,1,2026-09-09T04:29:08Z,checkout_initiated,card_visa,PHP,Philippines,gateway_alpha,started,,mobile,Chrome,267.52,948
ses_0717,evt_004406,2,2026-09-09T04:29:14Z,method_selected,card_visa,PHP,Philippines,gateway_alpha,success,,mobile,Chrome,267.52,480
ses_0717,evt_004407,3,2026-09-09T04:29:17Z,details_entered,card_visa,PHP,Philippines,gateway_alpha,success,,mobile,Chrome,267.52,198
ses_0717,evt_004408,4,2026-09-09T04:29:26Z,authorization_requested,card_visa,PHP,Philippines,gateway_alpha,submitted,,mobile,Chrome,267.52,565
ses_0717,evt_004409,5,2026-09-09T04:29:29Z,authorization_response,card_visa,PHP,Philippines,gateway_alpha,success,,mobile,Chrome,267.52,1012
ses_0717,evt_004410,6,2026-09-09T04:29:39Z,payment_completed,card_visa,PHP,Philippines,gateway_alpha,success,,mobile,Chrome,267.52,1174
ses_0718,evt_004411,1,2026-09-11T17:41:29Z,checkout_initiated,card_mastercard,KES,Kenya,gateway_beta,started,,mobile,Safari,444.45,972
ses_0718,evt_004412,2,2026-09-11T17:41:40Z,method_selected,card_mastercard,KES,Kenya,gateway_beta,success,,mobile,Safari,444.45,864
ses_0718,evt_004413,3,2026-09-11T17:41:49Z,details_entered,card_mastercard,KES,Kenya,gateway_beta,abandoned,,mobile,Safari,444.45,1401
ses_0719,evt_004414,1,2026-09-12T08:25:59Z,checkout_initiated,card_mastercard,SGD,Singapore,gateway_beta,started,,mobile,Safari,55.63,354
ses_0719,evt_004415,2,2026-09-12T08:26:09Z,method_selected,card_mastercard,SGD,Singapore,gateway_beta,success,,mobile,Safari,55.63,1214
ses_0719,evt_004416,3,2026-09-12T08:26:18Z,details_entered,card_mastercard,SGD,Singapore,gateway_beta,success,,mobile,Safari,55.63,813
ses_0719,evt_004417,4,2026-09-12T08:26:25Z,authorization_requested,card_mastercard,SGD,Singapore,gateway_beta,submitted,,mobile,Safari,55.63,1126
ses_0719,evt_004418,5,2026-09-12T08:26:43Z,authorization_response,card_mastercard,SGD,Singapore,gateway_beta,failed,timeout,mobile,Safari,55.63,10224
ses_0720,evt_004419,1,2026-09-09T08:44:22Z,checkout_initiated,bnpl_atome,SGD,Singapore,bnpl_connect,started,,mobile,Edge,316.15,1109
ses_0720,evt_004420,2,2026-09-09T08:44:32Z,method_selected,bnpl_atome,SGD,Singapore,bnpl_connect,success,,mobile,Edge,316.15,334
ses_0720,evt_004421,3,2026-09-09T08:44:42Z,details_entered,bnpl_atome,SGD,Singapore,bnpl_connect,success,,mobile,Edge,316.15,1370
ses_0720,evt_004422,4,2026-09-09T08:44:44Z,authorization_requested,bnpl_atome,SGD,Singapore,bnpl_connect,submitted,,mobile,Edge,316.15,1196
ses_0720,evt_004423,5,2026-09-09T08:44:55Z,authorization_response,bnpl_atome,SGD,Singapore,bnpl_connect,success,,mobile,Edge,316.15,1462
ses_0720,evt_004424,6,2026-09-09T08:45:03Z,payment_completed,bnpl_atome,SGD,Singapore,bnpl_connect,success,,mobile,Edge,316.15,1549
ses_0721,evt_004425,1,2026-09-03T22:24:35Z,checkout_initiated,gcash,PHP,Philippines,wallet_hub,started,,mobile,Chrome,444.57,694
ses_0721,evt_004426,2,2026-09-03T22:24:42Z,method_selected,gcash,PHP,Philippines,wallet_hub,success,,mobile,Chrome,444.57,949
ses_0721,evt_004427,3,2026-09-03T22:24:46Z,details_entered,gcash,PHP,Philippines,wallet_hub,success,,mobile,Chrome,444.57,456
ses_0721,evt_004428,4,2026-09-03T22:24:51Z,authorization_requested,gcash,PHP,Philippines,wallet_hub,submitted,,mobile,Chrome,444.57,244
ses_0721,evt_004429,5,2026-09-03T22:24:55Z,authorization_response,gcash,PHP,Philippines,wallet_hub,success,,mobile,Chrome,444.57,1456
ses_0721,evt_004430,6,2026-09-03T22:24:57Z,payment_completed,gcash,PHP,Philippines,wallet_hub,success,,mobile,Chrome,444.57,1197
ses_0722,evt_004431,1,2026-09-13T12:26:37Z,checkout_initiated,gcash,PHP,Philippines,wallet_hub,started,,mobile,Chrome,120.09,462
ses_0722,evt_004432,2,2026-09-13T12:26:47Z,method_selected,gcash,PHP,Philippines,wallet_hub,success,,mobile,Chrome,120.09,468
ses_0722,evt_004433,3,2026-09-13T12:26:54Z,details_entered,gcash,PHP,Philippines,wallet_hub,success,,mobile,Chrome,120.09,1226
ses_0722,evt_004434,4,2026-09-13T12:26:58Z,authorization_requested,gcash,PHP,Philippines,wallet_hub,submitted,,mobile,Chrome,120.09,1504
ses_0722,evt_004435,5,2026-09-13T12:27:04Z,authorization_response,gcash,PHP,Philippines,wallet_hub,success,,mobile,Chrome,120.09,1113
ses_0722,evt_004436,6,2026-09-13T12:27:13Z,payment_completed,gcash,PHP,Philippines,wallet_hub,success,,mobile,Chrome,120.09,749
ses_0723,evt_004437,1,2026-09-09T03:04:13Z,checkout_initiated,card_visa,KES,Kenya,gateway_beta,started,,mobile,Chrome,11.99,1703
ses_0723,evt_004438,2,2026-09-09T03:04:15Z,method_selected,card_visa,KES,Kenya,gateway_beta,success,,mobile,Chrome,11.99,1439
ses_0723,evt_004439,3,2026-09-09T03:04:22Z,details_entered,card_visa,KES,Kenya,gateway_beta,success,,mobile,Chrome,11.99,1130
ses_0723,evt_004440,4,2026-09-09T03:04:27Z,authorization_requested,card_visa,KES,Kenya,gateway_beta,submitted,,mobile,Chrome,11.99,422
ses_0723,evt_004441,5,2026-09-09T03:04:40Z,3ds_redirect,card_visa,KES,Kenya,gateway_beta,redirected,,mobile,Chrome,11.99,4293
ses_0723,evt_004442,6,2026-09-09T03:04:46Z,3ds_completed,card_visa,KES,Kenya,gateway_beta,success,,mobile,Chrome,11.99,2361
ses_0723,evt_004443,7,2026-09-09T03:04:51Z,authorization_response,card_visa,KES,Kenya,gateway_beta,failed,insufficient_funds,mobile,Chrome,11.99,1176
ses_0724,evt_004444,1,2026-09-04T15:02:23Z,checkout_initiated,card_visa,PHP,Philippines,gateway_alpha,started,,desktop,Chrome,363.16,1765
ses_0724,evt_004445,2,2026-09-04T15:02:32Z,method_selected,card_visa,PHP,Philippines,gateway_alpha,success,,desktop,Chrome,363.16,478
ses_0724,evt_004446,3,2026-09-04T15:02:41Z,details_entered,card_visa,PHP,Philippines,gateway_alpha,success,,desktop,Chrome,363.16,492
ses_0724,evt_004447,4,2026-09-04T15:02:48Z,authorization_requested,card_visa,PHP,Philippines,gateway_alpha,submitted,,desktop,Chrome,363.16,1304
ses_0724,evt_004448,5,2026-09-04T15:02:56Z,authorization_response,card_visa,PHP,Philippines,gateway_alpha,success,,desktop,Chrome,363.16,1166
ses_0724,evt_004449,6,2026-09-04T15:03:06Z,payment_completed,card_visa,PHP,Philippines,gateway_alpha,success,,desktop,Chrome,363.16,504
ses_0725,evt_004450,1,2026-09-11T01:40:21Z,checkout_initiated,card_visa,PHP,Philippines,gateway_alpha,started,,desktop,Chrome,140.42,1650
ses_0725,evt_004451,2,2026-09-11T01:40:32Z,method_selected,card_visa,PHP,Philippines,gateway_alpha,success,,desktop,Chrome,140.42,1339
ses_0725,evt_004452,3,2026-09-11T01:40:40Z,details_entered,card_visa,PHP,Philippines,gateway_alpha,success,,desktop,Chrome,140.42,1018
ses_0725,evt_004453,4,2026-09-11T01:40:44Z,authorization_requested,card_visa,PHP,Philippines,gateway_alpha,submitted,,desktop,Chrome,140.42,1151
ses_0725,evt_004454,5,2026-09-11T01:40:49Z,3ds_redirect,card_visa,PHP,Philippines,gateway_alpha,redirected,,desktop,Chrome,140.42,2601
ses_0725,evt_004455,6,2026-09-11T01:40:57Z,3ds_completed,card_visa,PHP,Philippines,gateway_alpha,success,,desktop,Chrome,140.42,3626
ses_0725,evt_004456,7,2026-09-11T01:41:03Z,authorization_response,card_visa,PHP,Philippines,gateway_alpha,success,,desktop,Chrome,140.42,274
ses_0725,evt_004457,8,2026-09-11T01:41:11Z,payment_completed,card_visa,PHP,Philippines,gateway_alpha,success,,desktop,Chrome,140.42,889
ses_0726,evt_004458,1,2026-09-10T17:58:00Z,checkout_initiated,card_mastercard,KES,Kenya,gateway_beta,started,,mobile,Safari,165.19,476
ses_0726,evt_004459,2,2026-09-10T17:58:06Z,method_selected,card_mastercard,KES,Kenya,gateway_beta,success,,mobile,Safari,165.19,1289
ses_0726,evt_004460,3,2026-09-10T17:58:11Z,details_entered,card_mastercard,KES,Kenya,gateway_beta,success,,mobile,Safari,165.19,1387
ses_0726,evt_004461,4,2026-09-10T17:58:15Z,authorization_requested,card_mastercard,KES,Kenya,gateway_beta,submitted,,mobile,Safari,165.19,868
ses_0726,evt_004462,5,2026-09-10T17:58:26Z,3ds_redirect,card_mastercard,KES,Kenya,gateway_beta,redirected,,mobile,Safari,165.19,8216
ses_0726,evt_004463,6,2026-09-10T17:58:49Z,3ds_completed,card_mastercard,KES,Kenya,gateway_beta,abandoned,3ds_abandoned,mobile,Safari,165.19,13399
ses_0727,evt_004464,1,2026-09-09T17:27:23Z,checkout_initiated,card_visa,USD,Cross-border,gateway_beta,started,,desktop,Safari,156.89,319
ses_0727,evt_004465,2,2026-09-09T17:27:33Z,method_selected,card_visa,USD,Cross-border,gateway_beta,success,,desktop,Safari,156.89,782
ses_0727,evt_004466,3,2026-09-09T17:27:37Z,details_entered,card_visa,USD,Cross-border,gateway_beta,success,,desktop,Safari,156.89,938
ses_0727,evt_004467,4,2026-09-09T17:27:40Z,authorization_requested,card_visa,USD,Cross-border,gateway_beta,submitted,,desktop,Safari,156.89,1262
ses_0727,evt_004468,5,2026-09-09T17:27:52Z,3ds_redirect,card_visa,USD,Cross-border,gateway_beta,redirected,,desktop,Safari,156.89,8306
ses_0727,evt_004469,6,2026-09-09T17:28:09Z,3ds_completed,card_visa,USD,Cross-border,gateway_beta,abandoned,3ds_abandoned,desktop,Safari,156.89,9165
ses_0728,evt_004470,1,2026-09-12T16:56:03Z,checkout_initiated,bank_transfer_local,PHP,Philippines,bank_rail,started,,mobile,Chrome,62.14,1444
ses_0728,evt_004471,2,2026-09-12T16:56:14Z,method_selected,bank_transfer_local,PHP,Philippines,bank_rail,success,,mobile,Chrome,62.14,726
ses_0728,evt_004472,3,2026-09-12T16:56:22Z,details_entered,bank_transfer_local,PHP,Philippines,bank_rail,success,,mobile,Chrome,62.14,1017
ses_0728,evt_004473,4,2026-09-12T16:56:28Z,authorization_requested,bank_transfer_local,PHP,Philippines,bank_rail,submitted,,mobile,Chrome,62.14,498
ses_0728,evt_004474,5,2026-09-12T16:56:37Z,authorization_response,bank_transfer_local,PHP,Philippines,bank_rail,success,,mobile,Chrome,62.14,323
ses_0728,evt_004475,6,2026-09-12T16:56:46Z,payment_completed,bank_transfer_local,PHP,Philippines,bank_rail,success,,mobile,Chrome,62.14,1713
ses_0729,evt_004476,1,2026-09-09T19:51:30Z,checkout_initiated,card_visa,SGD,Singapore,gateway_beta,started,,mobile,Edge,37.53,201
ses_0729,evt_004477,2,2026-09-09T19:51:39Z,method_selected,card_visa,SGD,Singapore,gateway_beta,success,,mobile,Edge,37.53,538
ses_0729,evt_004478,3,2026-09-09T19:51:47Z,details_entered,card_visa,SGD,Singapore,gateway_beta,success,,mobile,Edge,37.53,294
ses_0729,evt_004479,4,2026-09-09T19:51:50Z,authorization_requested,card_visa,SGD,Singapore,gateway_beta,submitted,,mobile,Edge,37.53,1483
ses_0729,evt_004480,5,2026-09-09T19:51:53Z,3ds_redirect,card_visa,SGD,Singapore,gateway_beta,redirected,,mobile,Edge,37.53,2334
ses_0729,evt_004481,6,2026-09-09T19:52:04Z,3ds_completed,card_visa,SGD,Singapore,gateway_beta,success,,mobile,Edge,37.53,1634
ses_0729,evt_004482,7,2026-09-09T19:52:14Z,authorization_response,card_visa,SGD,Singapore,gateway_beta,failed,insufficient_funds,mobile,Edge,37.53,840
ses_0730,evt_004483,1,2026-09-03T02:55:31Z,checkout_initiated,card_visa,SGD,Singapore,gateway_alpha,started,,mobile,Safari,37.05,809
ses_0730,evt_004484,2,2026-09-03T02:55:39Z,method_selected,card_visa,SGD,Singapore,gateway_alpha,success,,mobile,Safari,37.05,678
ses_0730,evt_004485,3,2026-09-03T02:55:42Z,details_entered,card_visa,SGD,Singapore,gateway_alpha,success,,mobile,Safari,37.05,973
ses_0730,evt_004486,4,2026-09-03T02:55:46Z,authorization_requested,card_visa,SGD,Singapore,gateway_alpha,submitted,,mobile,Safari,37.05,743
ses_0730,evt_004487,5,2026-09-03T02:56:06Z,3ds_redirect,card_visa,SGD,Singapore,gateway_alpha,redirected,,mobile,Safari,37.05,9680
ses_0730,evt_004488,6,2026-09-03T02:56:19Z,3ds_completed,card_visa,SGD,Singapore,gateway_alpha,abandoned,3ds_abandoned,mobile,Safari,37.05,6498
ses_0731,evt_004489,1,2026-09-09T19:28:23Z,checkout_initiated,gcash,PHP,Philippines,wallet_hub,started,,mobile,Chrome,166.57,1332
ses_0731,evt_004490,2,2026-09-09T19:28:30Z,method_selected,gcash,PHP,Philippines,wallet_hub,success,,mobile,Chrome,166.57,1299
ses_0731,evt_004491,3,2026-09-09T19:28:34Z,details_entered,gcash,PHP,Philippines,wallet_hub,success,,mobile,Chrome,166.57,612
ses_0731,evt_004492,4,2026-09-09T19:28:41Z,authorization_requested,gcash,PHP,Philippines,wallet_hub,submitted,,mobile,Chrome,166.57,1306
ses_0731,evt_004493,5,2026-09-09T19:28:46Z,authorization_response,gcash,PHP,Philippines,wallet_hub,success,,mobile,Chrome,166.57,931
ses_0731,evt_004494,6,2026-09-09T19:28:53Z,payment_completed,gcash,PHP,Philippines,wallet_hub,success,,mobile,Chrome,166.57,1275
ses_0732,evt_004495,1,2026-09-05T00:57:02Z,checkout_initiated,card_visa,KES,Kenya,gateway_alpha,started,,desktop,Safari,92.18,1366
ses_0732,evt_004496,2,2026-09-05T00:57:12Z,method_selected,card_visa,KES,Kenya,gateway_alpha,success,,desktop,Safari,92.18,1490
ses_0732,evt_004497,3,2026-09-05T00:57:18Z,details_entered,card_visa,KES,Kenya,gateway_alpha,success,,desktop,Safari,92.18,523
ses_0732,evt_004498,4,2026-09-05T00:57:21Z,authorization_requested,card_visa,KES,Kenya,gateway_alpha,submitted,,desktop,Safari,92.18,1110
ses_0732,evt_004499,5,2026-09-05T00:57:32Z,3ds_redirect,card_visa,KES,Kenya,gateway_alpha,redirected,,desktop,Safari,92.18,10144
ses_0732,evt_004500,6,2026-09-05T00:57:49Z,3ds_completed,card_visa,KES,Kenya,gateway_alpha,abandoned,3ds_abandoned,desktop,Safari,92.18,12302
ses_0733,evt_004501,1,2026-09-10T15:51:22Z,checkout_initiated,card_visa,USD,Cross-border,gateway_alpha,started,,mobile,Chrome,351.75,952
ses_0733,evt_004502,2,2026-09-10T15:51:29Z,method_selected,card_visa,USD,Cross-border,gateway_alpha,success,,mobile,Chrome,351.75,1444
ses_0733,evt_004503,3,2026-09-10T15:51:34Z,details_entered,card_visa,USD,Cross-border,gateway_alpha,success,,mobile,Chrome,351.75,1616
ses_0733,evt_004504,4,2026-09-10T15:51:45Z,authorization_requested,card_visa,USD,Cross-border,gateway_alpha,submitted,,mobile,Chrome,351.75,448
ses_0733,evt_004505,5,2026-09-10T15:51:54Z,3ds_redirect,card_visa,USD,Cross-border,gateway_alpha,redirected,,mobile,Chrome,351.75,2515
ses_0733,evt_004506,6,2026-09-10T15:52:04Z,3ds_completed,card_visa,USD,Cross-border,gateway_alpha,success,,mobile,Chrome,351.75,4576
ses_0733,evt_004507,7,2026-09-10T15:52:10Z,authorization_response,card_visa,USD,Cross-border,gateway_alpha,success,,mobile,Chrome,351.75,907
ses_0733,evt_004508,8,2026-09-10T15:52:18Z,payment_completed,card_visa,USD,Cross-border,gateway_alpha,success,,mobile,Chrome,351.75,1354
ses_0734,evt_004509,1,2026-09-09T02:48:22Z,checkout_initiated,bnpl_atome,SGD,Singapore,bnpl_connect,started,,desktop,Safari,419.52,989
ses_0734,evt_004510,2,2026-09-09T02:48:24Z,method_selected,bnpl_atome,SGD,Singapore,bnpl_connect,success,,desktop,Safari,419.52,380
ses_0734,evt_004511,3,2026-09-09T02:48:26Z,details_entered,bnpl_atome,SGD,Singapore,bnpl_connect,success,,desktop,Safari,419.52,1052
ses_0734,evt_004512,4,2026-09-09T02:48:37Z,authorization_requested,bnpl_atome,SGD,Singapore,bnpl_connect,submitted,,desktop,Safari,419.52,977
ses_0734,evt_004513,5,2026-09-09T02:48:42Z,authorization_response,bnpl_atome,SGD,Singapore,bnpl_connect,success,,desktop,Safari,419.52,1114
ses_0734,evt_004514,6,2026-09-09T02:48:51Z,payment_completed,bnpl_atome,SGD,Singapore,bnpl_connect,success,,desktop,Safari,419.52,1390
ses_0735,evt_004515,1,2026-09-04T01:10:05Z,checkout_initiated,bank_transfer_local,KES,Kenya,bank_rail,started,,desktop,Chrome,171.57,1010
ses_0735,evt_004516,2,2026-09-04T01:10:13Z,method_selected,bank_transfer_local,KES,Kenya,bank_rail,success,,desktop,Chrome,171.57,1717
ses_0735,evt_004517,3,2026-09-04T01:10:16Z,details_entered,bank_transfer_local,KES,Kenya,bank_rail,success,,desktop,Chrome,171.57,846
ses_0735,evt_004518,4,2026-09-04T01:10:22Z,authorization_requested,bank_transfer_local,KES,Kenya,bank_rail,submitted,,desktop,Chrome,171.57,573
ses_0735,evt_004519,5,2026-09-04T01:10:31Z,authorization_response,bank_transfer_local,KES,Kenya,bank_rail,success,,desktop,Chrome,171.57,1177
ses_0735,evt_004520,6,2026-09-04T01:10:34Z,payment_completed,bank_transfer_local,KES,Kenya,bank_rail,success,,desktop,Chrome,171.57,1643
ses_0736,evt_004521,1,2026-09-09T01:20:07Z,checkout_initiated,card_mastercard,PHP,Philippines,gateway_alpha,started,,desktop,Chrome,51.26,220
ses_0736,evt_004522,2,2026-09-09T01:20:13Z,method_selected,card_mastercard,PHP,Philippines,gateway_alpha,success,,desktop,Chrome,51.26,1161
ses_0736,evt_004523,3,2026-09-09T01:20:17Z,details_entered,card_mastercard,PHP,Philippines,gateway_alpha,success,,desktop,Chrome,51.26,829
ses_0736,evt_004524,4,2026-09-09T01:20:28Z,authorization_requested,card_mastercard,PHP,Philippines,gateway_alpha,submitted,,desktop,Chrome,51.26,652
ses_0736,evt_004525,5,2026-09-09T01:20:34Z,3ds_redirect,card_mastercard,PHP,Philippines,gateway_alpha,redirected,,desktop,Chrome,51.26,2263
ses_0736,evt_004526,6,2026-09-09T01:20:43Z,3ds_completed,card_mastercard,PHP,Philippines,gateway_alpha,success,,desktop,Chrome,51.26,1715
ses_0736,evt_004527,7,2026-09-09T01:20:47Z,authorization_response,card_mastercard,PHP,Philippines,gateway_alpha,success,,desktop,Chrome,51.26,1309
ses_0736,evt_004528,8,2026-09-09T01:20:50Z,payment_completed,card_mastercard,PHP,Philippines,gateway_alpha,success,,desktop,Chrome,51.26,1575
ses_0737,evt_004529,1,2026-09-03T21:29:52Z,checkout_initiated,card_mastercard,KES,Kenya,gateway_beta,started,,mobile,Chrome,147.73,1028
ses_0737,evt_004530,2,2026-09-03T21:30:03Z,method_selected,card_mastercard,KES,Kenya,gateway_beta,success,,mobile,Chrome,147.73,652
ses_0737,evt_004531,3,2026-09-03T21:50:53Z,details_entered,card_mastercard,KES,Kenya,gateway_beta,success,,mobile,Chrome,147.73,980
ses_0737,evt_004532,4,2026-09-03T21:51:01Z,authorization_requested,card_mastercard,KES,Kenya,gateway_beta,submitted,,mobile,Chrome,147.73,1316
ses_0737,evt_004533,5,2026-09-03T21:51:17Z,3ds_redirect,card_mastercard,KES,Kenya,gateway_beta,redirected,,mobile,Chrome,147.73,7401
ses_0737,evt_004534,6,2026-09-03T21:51:39Z,3ds_completed,card_mastercard,KES,Kenya,gateway_beta,abandoned,3ds_abandoned,mobile,Chrome,147.73,13009
ses_0738,evt_004535,1,2026-09-04T17:58:37Z,checkout_initiated,card_visa,KES,Kenya,gateway_beta,started,,desktop,Chrome,335.85,806
ses_0738,evt_004536,2,2026-09-04T17:58:41Z,method_selected,card_visa,KES,Kenya,gateway_beta,success,,desktop,Chrome,335.85,283
ses_0738,evt_004537,3,2026-09-04T17:58:46Z,details_entered,card_visa,KES,Kenya,gateway_beta,success,,desktop,Chrome,335.85,1692
ses_0738,evt_004538,4,2026-09-04T17:58:51Z,authorization_requested,card_visa,KES,Kenya,gateway_beta,submitted,,desktop,Chrome,335.85,1226
ses_0738,evt_004539,5,2026-09-04T17:58:57Z,authorization_response,card_visa,KES,Kenya,gateway_beta,success,,desktop,Chrome,335.85,1021
ses_0738,evt_004540,6,2026-09-04T17:59:06Z,payment_completed,card_visa,KES,Kenya,gateway_beta,success,,desktop,Chrome,335.85,1561
ses_0739,evt_004541,1,2026-09-12T06:33:08Z,checkout_initiated,bank_transfer_local,KES,Kenya,bank_rail,started,,desktop,Edge,174.43,1270
ses_0739,evt_004542,2,2026-09-12T06:33:13Z,method_selected,bank_transfer_local,KES,Kenya,bank_rail,success,,desktop,Edge,174.43,1452
ses_0739,evt_004543,3,2026-09-12T06:33:22Z,details_entered,bank_transfer_local,KES,Kenya,bank_rail,success,,desktop,Edge,174.43,950
ses_0739,evt_004544,4,2026-09-12T06:33:34Z,authorization_requested,bank_transfer_local,KES,Kenya,bank_rail,submitted,,desktop,Edge,174.43,1563
ses_0739,evt_004545,5,2026-09-12T06:33:39Z,authorization_response,bank_transfer_local,KES,Kenya,bank_rail,pending,,desktop,Edge,174.43,451
ses_0740,evt_004546,1,2026-09-04T04:42:12Z,checkout_initiated,gcash,PHP,Philippines,wallet_hub,started,,mobile,Chrome,108.53,852
ses_0740,evt_004547,2,2026-09-04T04:42:14Z,method_selected,gcash,PHP,Philippines,wallet_hub,success,,mobile,Chrome,108.53,1266
ses_0740,evt_004548,3,2026-09-04T04:42:21Z,details_entered,gcash,PHP,Philippines,wallet_hub,success,,mobile,Chrome,108.53,1108
ses_0740,evt_004549,4,2026-09-04T04:42:32Z,authorization_requested,gcash,PHP,Philippines,wallet_hub,submitted,,mobile,Chrome,108.53,1264
ses_0740,evt_004550,5,2026-09-04T04:42:38Z,authorization_response,gcash,PHP,Philippines,wallet_hub,success,,mobile,Chrome,108.53,738
ses_0740,evt_004551,6,2026-09-04T04:42:40Z,payment_completed,gcash,PHP,Philippines,wallet_hub,success,,mobile,Chrome,108.53,475
ses_0741,evt_004552,1,2026-09-05T23:19:06Z,checkout_initiated,gcash,PHP,Philippines,wallet_hub,started,,mobile,Chrome,328.09,248
ses_0741,evt_004553,2,2026-09-05T23:19:14Z,method_selected,gcash,PHP,Philippines,wallet_hub,success,,mobile,Chrome,328.09,308
ses_0741,evt_004554,3,2026-09-05T23:19:18Z,details_entered,gcash,PHP,Philippines,wallet_hub,success,,mobile,Chrome,328.09,362
ses_0741,evt_004555,4,2026-09-05T23:19:25Z,authorization_requested,gcash,PHP,Philippines,wallet_hub,submitted,,mobile,Chrome,328.09,1054
ses_0741,evt_004556,5,2026-09-05T23:19:33Z,authorization_response,gcash,PHP,Philippines,wallet_hub,success,,mobile,Chrome,328.09,649
ses_0741,evt_004557,6,2026-09-05T23:19:44Z,payment_completed,gcash,PHP,Philippines,wallet_hub,success,,mobile,Chrome,328.09,775
ses_0742,evt_004558,1,2026-09-05T09:51:21Z,checkout_initiated,card_visa,KES,Kenya,gateway_alpha,started,,mobile,Chrome,134.60,339
ses_0742,evt_004559,2,2026-09-05T09:51:30Z,method_selected,card_visa,KES,Kenya,gateway_alpha,success,,mobile,Chrome,134.60,230
ses_0742,evt_004560,3,2026-09-05T09:51:41Z,details_entered,card_visa,KES,Kenya,gateway_alpha,success,,mobile,Chrome,134.60,219
ses_0742,evt_004561,4,2026-09-05T09:51:48Z,authorization_requested,card_visa,KES,Kenya,gateway_alpha,submitted,,mobile,Chrome,134.60,744
ses_0742,evt_004562,5,2026-09-05T09:51:52Z,3ds_redirect,card_visa,KES,Kenya,gateway_alpha,redirected,,mobile,Chrome,134.60,1149
ses_0742,evt_004563,6,2026-09-05T09:51:58Z,3ds_completed,card_visa,KES,Kenya,gateway_alpha,success,,mobile,Chrome,134.60,3285
ses_0742,evt_004564,7,2026-09-05T09:52:02Z,authorization_response,card_visa,KES,Kenya,gateway_alpha,failed,fraud_suspected,mobile,Chrome,134.60,1755
ses_0743,evt_004565,1,2026-09-03T15:44:39Z,checkout_initiated,mpesa,KES,Kenya,wallet_hub,started,,desktop,Safari,429.36,1672
ses_0743,evt_004566,2,2026-09-03T15:44:51Z,method_selected,mpesa,KES,Kenya,wallet_hub,success,,desktop,Safari,429.36,1665
ses_0743,evt_004567,3,2026-09-03T15:44:56Z,details_entered,mpesa,KES,Kenya,wallet_hub,success,,desktop,Safari,429.36,1395
ses_0743,evt_004568,4,2026-09-03T15:45:01Z,authorization_requested,mpesa,KES,Kenya,wallet_hub,submitted,,desktop,Safari,429.36,1122
ses_0743,evt_004569,5,2026-09-03T15:45:06Z,authorization_response,mpesa,KES,Kenya,wallet_hub,failed,fraud_suspected,desktop,Safari,429.36,487
ses_0744,evt_004570,1,2026-09-01T02:28:46Z,checkout_initiated,card_visa,KES,Kenya,gateway_alpha,started,,mobile,Edge,313.07,322
ses_0744,evt_004571,2,2026-09-01T02:28:57Z,method_selected,card_visa,KES,Kenya,gateway_alpha,success,,mobile,Edge,313.07,1074
ses_0744,evt_004572,3,2026-09-01T02:28:59Z,details_entered,card_visa,KES,Kenya,gateway_alpha,success,,mobile,Edge,313.07,661
ses_0744,evt_004573,4,2026-09-01T02:29:04Z,authorization_requested,card_visa,KES,Kenya,gateway_alpha,submitted,,mobile,Edge,313.07,1382
ses_0744,evt_004574,5,2026-09-01T02:29:08Z,authorization_response,card_visa,KES,Kenya,gateway_alpha,success,,mobile,Edge,313.07,1698
ses_0744,evt_004575,6,2026-09-01T02:29:11Z,payment_completed,card_visa,KES,Kenya,gateway_alpha,success,,mobile,Edge,313.07,613
ses_0745,evt_004576,1,2026-09-03T00:33:08Z,checkout_initiated,card_visa,PHP,Philippines,gateway_beta,started,,desktop,Chrome,357.89,1502
ses_0745,evt_004577,2,2026-09-03T00:33:14Z,method_selected,card_visa,PHP,Philippines,gateway_beta,success,,desktop,Chrome,357.89,1640
ses_0745,evt_004578,3,2026-09-03T01:04:49Z,details_entered,card_visa,PHP,Philippines,gateway_beta,success,,desktop,Chrome,357.89,998
ses_0745,evt_004579,4,2026-09-03T01:04:57Z,authorization_requested,card_visa,PHP,Philippines,gateway_beta,submitted,,desktop,Chrome,357.89,1550
ses_0745,evt_004580,5,2026-09-03T01:05:17Z,3ds_redirect,card_visa,PHP,Philippines,gateway_beta,redirected,,desktop,Chrome,357.89,12096
ses_0745,evt_004581,6,2026-09-03T01:05:30Z,3ds_completed,card_visa,PHP,Philippines,gateway_beta,abandoned,3ds_abandoned,desktop,Chrome,357.89,9574
ses_0746,evt_004582,1,2026-09-03T00:28:12Z,checkout_initiated,card_visa,PHP,Philippines,gateway_beta,started,,mobile,Firefox,235.39,729
ses_0746,evt_004583,2,2026-09-03T00:28:14Z,method_selected,card_visa,PHP,Philippines,gateway_beta,success,,mobile,Firefox,235.39,1282
ses_0746,evt_004584,3,2026-09-03T00:28:24Z,details_entered,card_visa,PHP,Philippines,gateway_beta,success,,mobile,Firefox,235.39,1322
ses_0746,evt_004585,4,2026-09-03T00:28:27Z,authorization_requested,card_visa,PHP,Philippines,gateway_beta,submitted,,mobile,Firefox,235.39,1650
ses_0746,evt_004586,5,2026-09-03T00:28:31Z,authorization_response,card_visa,PHP,Philippines,gateway_beta,failed,fraud_suspected,mobile,Firefox,235.39,352
ses_0747,evt_004587,1,2026-09-09T18:45:29Z,checkout_initiated,card_visa,PHP,Philippines,gateway_beta,started,,desktop,Firefox,349.43,745
ses_0747,evt_004588,2,2026-09-09T18:45:34Z,method_selected,card_visa,PHP,Philippines,gateway_beta,success,,desktop,Firefox,349.43,485
ses_0747,evt_004589,3,2026-09-09T18:45:39Z,details_entered,card_visa,PHP,Philippines,gateway_beta,success,,desktop,Firefox,349.43,775
ses_0747,evt_004590,4,2026-09-09T18:45:46Z,authorization_requested,card_visa,PHP,Philippines,gateway_beta,submitted,,desktop,Firefox,349.43,203
ses_0747,evt_004591,5,2026-09-09T18:46:02Z,3ds_redirect,card_visa,PHP,Philippines,gateway_beta,redirected,,desktop,Firefox,349.43,9891
ses_0747,evt_004592,6,2026-09-09T18:46:23Z,3ds_completed,card_visa,PHP,Philippines,gateway_beta,abandoned,3ds_abandoned,desktop,Firefox,349.43,11622
ses_0748,evt_004593,1,2026-09-08T13:47:12Z,checkout_initiated,card_visa,KES,Kenya,gateway_alpha,started,,mobile,Chrome,52.46,1245
ses_0748,evt_004594,2,2026-09-08T13:47:20Z,method_selected,card_visa,KES,Kenya,gateway_alpha,success,,mobile,Chrome,52.46,864
ses_0748,evt_004595,3,2026-09-08T13:47:23Z,details_entered,card_visa,KES,Kenya,gateway_alpha,success,,mobile,Chrome,52.46,401
ses_0748,evt_004596,4,2026-09-08T13:47:26Z,authorization_requested,card_visa,KES,Kenya,gateway_alpha,submitted,,mobile,Chrome,52.46,1325
ses_0748,evt_004597,5,2026-09-08T13:47:34Z,3ds_redirect,card_visa,KES,Kenya,gateway_alpha,redirected,,mobile,Chrome,52.46,1838
ses_0748,evt_004598,6,2026-09-08T13:47:43Z,3ds_completed,card_visa,KES,Kenya,gateway_alpha,success,,mobile,Chrome,52.46,3166
ses_0748,evt_004599,7,2026-09-08T13:47:48Z,authorization_response,card_visa,KES,Kenya,gateway_alpha,success,,mobile,Chrome,52.46,857
ses_0748,evt_004600,8,2026-09-08T13:47:58Z,payment_completed,card_visa,KES,Kenya,gateway_alpha,success,,mobile,Chrome,52.46,1277
ses_0749,evt_004601,1,2026-09-03T04:51:06Z,checkout_initiated,gcash,USD,Cross-border,wallet_hub,started,,mobile,Chrome,401.88,1129
ses_0749,evt_004602,2,2026-09-03T04:51:12Z,method_selected,gcash,USD,Cross-border,wallet_hub,success,,mobile,Chrome,401.88,356
ses_0749,evt_004603,3,2026-09-03T04:51:20Z,details_entered,gcash,USD,Cross-border,wallet_hub,success,,mobile,Chrome,401.88,1112
ses_0749,evt_004604,4,2026-09-03T04:51:25Z,authorization_requested,gcash,USD,Cross-border,wallet_hub,submitted,,mobile,Chrome,401.88,1080
ses_0749,evt_004605,5,2026-09-03T04:51:29Z,authorization_response,gcash,USD,Cross-border,wallet_hub,failed,insufficient_funds,mobile,Chrome,401.88,417
ses_0750,evt_004606,1,2026-09-06T14:38:08Z,checkout_initiated,gcash,PHP,Philippines,wallet_hub,started,,desktop,Edge,473.01,1434
ses_0750,evt_004607,2,2026-09-06T14:38:11Z,method_selected,gcash,PHP,Philippines,wallet_hub,success,,desktop,Edge,473.01,1470
ses_0750,evt_004608,3,2026-09-06T15:01:28Z,details_entered,gcash,PHP,Philippines,wallet_hub,success,,desktop,Edge,473.01,1500
ses_0750,evt_004609,4,2026-09-06T15:01:39Z,authorization_requested,gcash,PHP,Philippines,wallet_hub,submitted,,desktop,Edge,473.01,1466
ses_0750,evt_004610,5,2026-09-06T15:01:43Z,authorization_response,gcash,PHP,Philippines,wallet_hub,success,,desktop,Edge,473.01,843
ses_0750,evt_004611,6,2026-09-06T15:01:45Z,payment_completed,gcash,PHP,Philippines,wallet_hub,success,,desktop,Edge,473.01,1154
ses_0751,evt_004612,1,2026-09-07T21:52:59Z,checkout_initiated,gcash,PHP,Philippines,wallet_hub,started,,mobile,Firefox,61.10,262
ses_0751,evt_004613,2,2026-09-07T21:53:04Z,method_selected,gcash,PHP,Philippines,wallet_hub,success,,mobile,Firefox,61.10,1622
ses_0751,evt_004614,3,2026-09-07T21:53:14Z,details_entered,gcash,PHP,Philippines,wallet_hub,success,,mobile,Firefox,61.10,1050
ses_0751,evt_004615,4,2026-09-07T21:53:16Z,authorization_requested,gcash,PHP,Philippines,wallet_hub,submitted,,mobile,Firefox,61.10,198
ses_0751,evt_004616,5,2026-09-07T21:53:22Z,authorization_response,gcash,PHP,Philippines,wallet_hub,success,,mobile,Firefox,61.10,405
ses_0751,evt_004617,6,2026-09-07T21:53:24Z,payment_completed,gcash,PHP,Philippines,wallet_hub,success,,mobile,Firefox,61.10,453
ses_0752,evt_004618,1,2026-09-11T17:16:45Z,checkout_initiated,card_visa,SGD,Singapore,gateway_beta,started,,mobile,Firefox,226.69,908
ses_0752,evt_004619,2,2026-09-11T17:16:53Z,method_selected,card_visa,SGD,Singapore,gateway_beta,success,,mobile,Firefox,226.69,236
ses_0752,evt_004620,3,2026-09-11T17:16:56Z,details_entered,card_visa,SGD,Singapore,gateway_beta,success,,mobile,Firefox,226.69,1428
ses_0752,evt_004621,4,2026-09-11T17:17:03Z,authorization_requested,card_visa,SGD,Singapore,gateway_beta,submitted,,mobile,Firefox,226.69,556
ses_0752,evt_004622,5,2026-09-11T17:17:10Z,3ds_redirect,card_visa,SGD,Singapore,gateway_beta,redirected,,mobile,Firefox,226.69,2331
ses_0752,evt_004623,6,2026-09-11T17:17:18Z,3ds_completed,card_visa,SGD,Singapore,gateway_beta,success,,mobile,Firefox,226.69,1832
ses_0752,evt_004624,7,2026-09-11T17:17:28Z,authorization_response,card_visa,SGD,Singapore,gateway_beta,success,,mobile,Firefox,226.69,1005
ses_0752,evt_004625,8,2026-09-11T17:17:36Z,payment_completed,card_visa,SGD,Singapore,gateway_beta,success,,mobile,Firefox,226.69,353
ses_0753,evt_004626,1,2026-09-06T19:02:32Z,checkout_initiated,mpesa,KES,Kenya,wallet_hub,started,,mobile,Safari,299.38,1317
ses_0753,evt_004627,2,2026-09-06T19:02:43Z,method_selected,mpesa,KES,Kenya,wallet_hub,success,,mobile,Safari,299.38,336
ses_0753,evt_004628,3,2026-09-06T19:02:46Z,details_entered,mpesa,KES,Kenya,wallet_hub,abandoned,,mobile,Safari,299.38,665
ses_0754,evt_004629,1,2026-09-10T07:58:05Z,checkout_initiated,card_mastercard,PHP,Philippines,gateway_beta,started,,mobile,Safari,450.48,1794
ses_0754,evt_004630,2,2026-09-10T07:58:08Z,method_selected,card_mastercard,PHP,Philippines,gateway_beta,success,,mobile,Safari,450.48,403
ses_0754,evt_004631,3,2026-09-10T07:58:17Z,details_entered,card_mastercard,PHP,Philippines,gateway_beta,success,,mobile,Safari,450.48,451
ses_0754,evt_004632,4,2026-09-10T07:58:28Z,authorization_requested,card_mastercard,PHP,Philippines,gateway_beta,submitted,,mobile,Safari,450.48,573
ses_0754,evt_004633,5,2026-09-10T07:58:46Z,3ds_redirect,card_mastercard,PHP,Philippines,gateway_beta,redirected,,mobile,Safari,450.48,8622
ses_0754,evt_004634,6,2026-09-10T07:59:02Z,3ds_completed,card_mastercard,PHP,Philippines,gateway_beta,abandoned,3ds_abandoned,mobile,Safari,450.48,9175
ses_0755,evt_004635,1,2026-09-02T03:54:06Z,checkout_initiated,card_visa,SGD,Singapore,gateway_alpha,started,,desktop,Safari,183.30,1332
ses_0755,evt_004636,2,2026-09-02T03:54:16Z,method_selected,card_visa,SGD,Singapore,gateway_alpha,success,,desktop,Safari,183.30,489
ses_0755,evt_004637,3,2026-09-02T03:54:28Z,details_entered,card_visa,SGD,Singapore,gateway_alpha,success,,desktop,Safari,183.30,1621
ses_0755,evt_004638,4,2026-09-02T03:54:31Z,authorization_requested,card_visa,SGD,Singapore,gateway_alpha,submitted,,desktop,Safari,183.30,1268
ses_0755,evt_004639,5,2026-09-02T03:54:34Z,authorization_response,card_visa,SGD,Singapore,gateway_alpha,success,,desktop,Safari,183.30,1769
ses_0755,evt_004640,6,2026-09-02T03:54:41Z,payment_completed,card_visa,SGD,Singapore,gateway_alpha,success,,desktop,Safari,183.30,1153
ses_0756,evt_004641,1,2026-09-06T11:46:33Z,checkout_initiated,mpesa,KES,Kenya,wallet_hub,started,,desktop,Chrome,262.05,937
ses_0756,evt_004642,2,2026-09-06T11:46:38Z,method_selected,mpesa,KES,Kenya,wallet_hub,success,,desktop,Chrome,262.05,291
ses_0756,evt_004643,3,2026-09-06T11:46:46Z,details_entered,mpesa,KES,Kenya,wallet_hub,success,,desktop,Chrome,262.05,960
ses_0756,evt_004644,4,2026-09-06T11:46:57Z,authorization_requested,mpesa,KES,Kenya,wallet_hub,submitted,,desktop,Chrome,262.05,867
ses_0756,evt_004645,5,2026-09-06T11:47:03Z,authorization_response,mpesa,KES,Kenya,wallet_hub,success,,desktop,Chrome,262.05,1772
ses_0756,evt_004646,6,2026-09-06T11:47:06Z,payment_completed,mpesa,KES,Kenya,wallet_hub,success,,desktop,Chrome,262.05,1365
ses_0757,evt_004647,1,2026-09-11T19:21:37Z,checkout_initiated,mpesa,KES,Kenya,wallet_hub,started,,mobile,Chrome,107.62,754
ses_0757,evt_004648,2,2026-09-11T19:21:48Z,method_selected,mpesa,KES,Kenya,wallet_hub,success,,mobile,Chrome,107.62,1707
ses_0757,evt_004649,3,2026-09-11T19:21:54Z,details_entered,mpesa,KES,Kenya,wallet_hub,success,,mobile,Chrome,107.62,1581
ses_0757,evt_004650,4,2026-09-11T19:22:04Z,authorization_requested,mpesa,KES,Kenya,wallet_hub,submitted,,mobile,Chrome,107.62,1207
ses_0757,evt_004651,5,2026-09-11T19:22:14Z,authorization_response,mpesa,KES,Kenya,wallet_hub,failed,invalid_card,mobile,Chrome,107.62,1428
ses_0758,evt_004652,1,2026-09-06T17:57:24Z,checkout_initiated,card_visa,SGD,Singapore,gateway_alpha,started,,desktop,Chrome,77.69,900
ses_0758,evt_004653,2,2026-09-06T17:57:29Z,method_selected,card_visa,SGD,Singapore,gateway_alpha,success,,desktop,Chrome,77.69,678
ses_0758,evt_004654,3,2026-09-06T17:57:31Z,details_entered,card_visa,SGD,Singapore,gateway_alpha,success,,desktop,Chrome,77.69,1483
ses_0758,evt_004655,4,2026-09-06T17:57:37Z,authorization_requested,card_visa,SGD,Singapore,gateway_alpha,submitted,,desktop,Chrome,77.69,812
ses_0758,evt_004656,5,2026-09-06T17:57:45Z,authorization_response,card_visa,SGD,Singapore,gateway_alpha,success,,desktop,Chrome,77.69,375
ses_0758,evt_004657,6,2026-09-06T17:57:52Z,payment_completed,card_visa,SGD,Singapore,gateway_alpha,success,,desktop,Chrome,77.69,1048
ses_0759,evt_004658,1,2026-09-12T00:26:24Z,checkout_initiated,bnpl_atome,PHP,Philippines,bnpl_connect,started,,mobile,Chrome,33.99,593
ses_0759,evt_004659,2,2026-09-12T00:26:27Z,method_selected,bnpl_atome,PHP,Philippines,bnpl_connect,success,,mobile,Chrome,33.99,660
ses_0759,evt_004660,3,2026-09-12T00:26:36Z,details_entered,bnpl_atome,PHP,Philippines,bnpl_connect,success,,mobile,Chrome,33.99,1375
ses_0759,evt_004661,4,2026-09-12T00:26:38Z,authorization_requested,bnpl_atome,PHP,Philippines,bnpl_connect,submitted,,mobile,Chrome,33.99,400
ses_0759,evt_004662,5,2026-09-12T00:26:42Z,authorization_response,bnpl_atome,PHP,Philippines,bnpl_connect,success,,mobile,Chrome,33.99,1719
ses_0759,evt_004663,6,2026-09-12T00:26:53Z,payment_completed,bnpl_atome,PHP,Philippines,bnpl_connect,success,,mobile,Chrome,33.99,1122
ses_0760,evt_004664,1,2026-09-11T04:00:11Z,checkout_initiated,card_visa,SGD,Singapore,gateway_beta,started,,mobile,Chrome,478.33,791
ses_0760,evt_004665,2,2026-09-11T04:00:18Z,method_selected,card_visa,SGD,Singapore,gateway_beta,success,,mobile,Chrome,478.33,918
ses_0760,evt_004666,3,2026-09-11T04:00:22Z,details_entered,card_visa,SGD,Singapore,gateway_beta,success,,mobile,Chrome,478.33,505
ses_0760,evt_004667,4,2026-09-11T04:00:33Z,authorization_requested,card_visa,SGD,Singapore,gateway_beta,submitted,,mobile,Chrome,478.33,596
ses_0760,evt_004668,5,2026-09-11T04:00:39Z,3ds_redirect,card_visa,SGD,Singapore,gateway_beta,redirected,,mobile,Chrome,478.33,4833
ses_0760,evt_004669,6,2026-09-11T04:00:49Z,3ds_completed,card_visa,SGD,Singapore,gateway_beta,success,,mobile,Chrome,478.33,3572
ses_0760,evt_004670,7,2026-09-11T04:00:54Z,authorization_response,card_visa,SGD,Singapore,gateway_beta,failed,fraud_suspected,mobile,Chrome,478.33,370
ses_0761,evt_004671,1,2026-09-01T12:18:22Z,checkout_initiated,card_visa,PHP,Philippines,gateway_beta,started,,desktop,Chrome,385.86,1112
ses_0761,evt_004672,2,2026-09-01T12:18:27Z,method_selected,card_visa,PHP,Philippines,gateway_beta,success,,desktop,Chrome,385.86,1733
ses_0761,evt_004673,3,2026-09-01T12:18:30Z,details_entered,card_visa,PHP,Philippines,gateway_beta,success,,desktop,Chrome,385.86,1441
ses_0761,evt_004674,4,2026-09-01T12:18:38Z,authorization_requested,card_visa,PHP,Philippines,gateway_beta,submitted,,desktop,Chrome,385.86,1692
ses_0761,evt_004675,5,2026-09-01T12:18:54Z,3ds_redirect,card_visa,PHP,Philippines,gateway_beta,redirected,,desktop,Chrome,385.86,11413
ses_0761,evt_004676,6,2026-09-01T12:19:10Z,3ds_completed,card_visa,PHP,Philippines,gateway_beta,abandoned,3ds_abandoned,desktop,Chrome,385.86,9805
ses_0762,evt_004677,1,2026-09-14T00:50:21Z,checkout_initiated,mpesa,KES,Kenya,wallet_hub,started,,desktop,Chrome,446.29,503
ses_0762,evt_004678,2,2026-09-14T00:50:24Z,method_selected,mpesa,KES,Kenya,wallet_hub,success,,desktop,Chrome,446.29,429
ses_0762,evt_004679,3,2026-09-14T00:50:26Z,details_entered,mpesa,KES,Kenya,wallet_hub,success,,desktop,Chrome,446.29,1409
ses_0762,evt_004680,4,2026-09-14T00:50:33Z,authorization_requested,mpesa,KES,Kenya,wallet_hub,submitted,,desktop,Chrome,446.29,1743
ses_0762,evt_004681,5,2026-09-14T00:50:37Z,authorization_response,mpesa,KES,Kenya,wallet_hub,success,,desktop,Chrome,446.29,962
ses_0762,evt_004682,6,2026-09-14T00:50:43Z,payment_completed,mpesa,KES,Kenya,wallet_hub,success,,desktop,Chrome,446.29,1080
ses_0763,evt_004683,1,2026-09-14T00:11:48Z,checkout_initiated,mpesa,KES,Kenya,wallet_hub,started,,mobile,Chrome,22.50,214
ses_0763,evt_004684,2,2026-09-14T00:11:56Z,method_selected,mpesa,KES,Kenya,wallet_hub,success,,mobile,Chrome,22.50,1075
ses_0763,evt_004685,3,2026-09-14T00:12:07Z,details_entered,mpesa,KES,Kenya,wallet_hub,success,,mobile,Chrome,22.50,858
ses_0763,evt_004686,4,2026-09-14T00:12:12Z,authorization_requested,mpesa,KES,Kenya,wallet_hub,submitted,,mobile,Chrome,22.50,1729
ses_0763,evt_004687,5,2026-09-14T00:12:21Z,authorization_response,mpesa,KES,Kenya,wallet_hub,success,,mobile,Chrome,22.50,755
ses_0763,evt_004688,6,2026-09-14T00:12:23Z,payment_completed,mpesa,KES,Kenya,wallet_hub,success,,mobile,Chrome,22.50,919
ses_0764,evt_004689,1,2026-09-10T23:17:17Z,checkout_initiated,gcash,USD,Cross-border,wallet_hub,started,,mobile,Firefox,150.64,1656
ses_0764,evt_004690,2,2026-09-10T23:17:26Z,method_selected,gcash,USD,Cross-border,wallet_hub,success,,mobile,Firefox,150.64,1362
ses_0764,evt_004691,3,2026-09-10T23:17:30Z,details_entered,gcash,USD,Cross-border,wallet_hub,success,,mobile,Firefox,150.64,882
ses_0764,evt_004692,4,2026-09-10T23:17:33Z,authorization_requested,gcash,USD,Cross-border,wallet_hub,submitted,,mobile,Firefox,150.64,712
ses_0764,evt_004693,5,2026-09-10T23:17:36Z,authorization_response,gcash,USD,Cross-border,wallet_hub,success,,mobile,Firefox,150.64,558
ses_0764,evt_004694,6,2026-09-10T23:17:38Z,payment_completed,gcash,USD,Cross-border,wallet_hub,success,,mobile,Firefox,150.64,1034
ses_0765,evt_004695,1,2026-09-14T11:57:47Z,checkout_initiated,bnpl_atome,SGD,Singapore,bnpl_connect,started,,mobile,Firefox,165.56,592
ses_0765,evt_004696,2,2026-09-14T11:57:51Z,method_selected,bnpl_atome,SGD,Singapore,bnpl_connect,success,,mobile,Firefox,165.56,862
ses_0765,evt_004697,3,2026-09-14T11:57:57Z,details_entered,bnpl_atome,SGD,Singapore,bnpl_connect,success,,mobile,Firefox,165.56,1040
ses_0765,evt_004698,4,2026-09-14T11:58:00Z,authorization_requested,bnpl_atome,SGD,Singapore,bnpl_connect,submitted,,mobile,Firefox,165.56,1152
ses_0765,evt_004699,5,2026-09-14T11:58:08Z,authorization_response,bnpl_atome,SGD,Singapore,bnpl_connect,success,,mobile,Firefox,165.56,1039
ses_0765,evt_004700,6,2026-09-14T11:58:18Z,payment_completed,bnpl_atome,SGD,Singapore,bnpl_connect,success,,mobile,Firefox,165.56,463
ses_0766,evt_004701,1,2026-09-11T01:25:51Z,checkout_initiated,card_visa,PHP,Philippines,gateway_beta,started,,desktop,Chrome,459.42,1561
ses_0766,evt_004702,2,2026-09-11T01:26:02Z,method_selected,card_visa,PHP,Philippines,gateway_beta,success,,desktop,Chrome,459.42,430
ses_0766,evt_004703,3,2026-09-11T01:26:11Z,details_entered,card_visa,PHP,Philippines,gateway_beta,success,,desktop,Chrome,459.42,743
ses_0766,evt_004704,4,2026-09-11T01:26:18Z,authorization_requested,card_visa,PHP,Philippines,gateway_beta,submitted,,desktop,Chrome,459.42,1654
ses_0766,evt_004705,5,2026-09-11T01:26:35Z,3ds_redirect,card_visa,PHP,Philippines,gateway_beta,redirected,,desktop,Chrome,459.42,11073
ses_0766,evt_004706,6,2026-09-11T01:26:47Z,3ds_completed,card_visa,PHP,Philippines,gateway_beta,abandoned,3ds_abandoned,desktop,Chrome,459.42,9315
ses_0767,evt_004707,1,2026-09-04T22:54:29Z,checkout_initiated,card_mastercard,SGD,Singapore,gateway_alpha,started,,desktop,Chrome,245.32,1313
ses_0767,evt_004708,2,2026-09-04T22:54:40Z,method_selected,card_mastercard,SGD,Singapore,gateway_alpha,success,,desktop,Chrome,245.32,1542
ses_0767,evt_004709,3,2026-09-04T22:54:44Z,details_entered,card_mastercard,SGD,Singapore,gateway_alpha,success,,desktop,Chrome,245.32,1056
ses_0767,evt_004710,4,2026-09-04T22:54:47Z,authorization_requested,card_mastercard,SGD,Singapore,gateway_alpha,submitted,,desktop,Chrome,245.32,1708
ses_0767,evt_004711,5,2026-09-04T22:54:54Z,3ds_redirect,card_mastercard,SGD,Singapore,gateway_alpha,redirected,,desktop,Chrome,245.32,1466
ses_0767,evt_004712,6,2026-09-04T22:55:07Z,3ds_completed,card_mastercard,SGD,Singapore,gateway_alpha,success,,desktop,Chrome,245.32,2977
ses_0767,evt_004713,7,2026-09-04T22:55:09Z,authorization_response,card_mastercard,SGD,Singapore,gateway_alpha,success,,desktop,Chrome,245.32,377
ses_0767,evt_004714,8,2026-09-04T22:55:15Z,payment_completed,card_mastercard,SGD,Singapore,gateway_alpha,success,,desktop,Chrome,245.32,553
ses_0768,evt_004715,1,2026-09-11T06:36:04Z,checkout_initiated,card_visa,USD,Cross-border,gateway_alpha,started,,mobile,Chrome,157.28,887
ses_0768,evt_004716,2,2026-09-11T06:36:15Z,method_selected,card_visa,USD,Cross-border,gateway_alpha,success,,mobile,Chrome,157.28,1510
ses_0768,evt_004717,3,2026-09-11T06:36:25Z,details_entered,card_visa,USD,Cross-border,gateway_alpha,success,,mobile,Chrome,157.28,1773
ses_0768,evt_004718,4,2026-09-11T06:36:35Z,authorization_requested,card_visa,USD,Cross-border,gateway_alpha,submitted,,mobile,Chrome,157.28,790
ses_0768,evt_004719,5,2026-09-11T06:36:40Z,authorization_response,card_visa,USD,Cross-border,gateway_alpha,success,,mobile,Chrome,157.28,877
ses_0768,evt_004720,6,2026-09-11T06:36:51Z,payment_completed,card_visa,USD,Cross-border,gateway_alpha,success,,mobile,Chrome,157.28,800
ses_0769,evt_004721,1,2026-09-07T05:15:56Z,checkout_initiated,bank_transfer_local,USD,Cross-border,bank_rail,started,,desktop,Edge,379.97,1121
ses_0769,evt_004722,2,2026-09-07T05:16:02Z,method_selected,bank_transfer_local,USD,Cross-border,bank_rail,success,,desktop,Edge,379.97,1270
ses_0769,evt_004723,3,2026-09-07T05:16:08Z,details_entered,bank_transfer_local,USD,Cross-border,bank_rail,success,,desktop,Edge,379.97,1366
ses_0769,evt_004724,4,2026-09-07T05:16:17Z,authorization_requested,bank_transfer_local,USD,Cross-border,bank_rail,submitted,,desktop,Edge,379.97,1468
ses_0769,evt_004725,5,2026-09-07T05:16:26Z,authorization_response,bank_transfer_local,USD,Cross-border,bank_rail,pending,,desktop,Edge,379.97,1458
ses_0770,evt_004726,1,2026-09-11T03:46:56Z,checkout_initiated,bnpl_atome,SGD,Singapore,bnpl_connect,started,,mobile,Safari,141.50,1354
ses_0770,evt_004727,2,2026-09-11T03:47:01Z,method_selected,bnpl_atome,SGD,Singapore,bnpl_connect,success,,mobile,Safari,141.50,340
ses_0770,evt_004728,3,2026-09-11T03:47:09Z,details_entered,bnpl_atome,SGD,Singapore,bnpl_connect,success,,mobile,Safari,141.50,533
ses_0770,evt_004729,4,2026-09-11T03:47:20Z,authorization_requested,bnpl_atome,SGD,Singapore,bnpl_connect,submitted,,mobile,Safari,141.50,407
ses_0770,evt_004730,5,2026-09-11T03:47:28Z,authorization_response,bnpl_atome,SGD,Singapore,bnpl_connect,success,,mobile,Safari,141.50,1342
ses_0770,evt_004731,6,2026-09-11T03:47:32Z,payment_completed,bnpl_atome,SGD,Singapore,bnpl_connect,success,,mobile,Safari,141.50,1165
ses_0771,evt_004732,1,2026-09-12T04:27:02Z,checkout_initiated,card_visa,PHP,Philippines,gateway_beta,started,,mobile,Chrome,136.16,1530
ses_0771,evt_004733,2,2026-09-12T04:27:05Z,method_selected,card_visa,PHP,Philippines,gateway_beta,success,,mobile,Chrome,136.16,822
ses_0771,evt_004734,3,2026-09-12T04:27:13Z,details_entered,card_visa,PHP,Philippines,gateway_beta,success,,mobile,Chrome,136.16,554
ses_0771,evt_004735,4,2026-09-12T04:27:17Z,authorization_requested,card_visa,PHP,Philippines,gateway_beta,submitted,,mobile,Chrome,136.16,451
ses_0771,evt_004736,5,2026-09-12T04:27:24Z,3ds_redirect,card_visa,PHP,Philippines,gateway_beta,redirected,,mobile,Chrome,136.16,2810
ses_0771,evt_004737,6,2026-09-12T04:27:34Z,3ds_completed,card_visa,PHP,Philippines,gateway_beta,success,,mobile,Chrome,136.16,1780
ses_0771,evt_004738,7,2026-09-12T04:27:48Z,authorization_response,card_visa,PHP,Philippines,gateway_beta,failed,timeout,mobile,Chrome,136.16,7542
ses_0772,evt_004739,1,2026-09-09T20:11:00Z,checkout_initiated,card_visa,USD,Cross-border,gateway_beta,started,,mobile,Chrome,396.14,1177
ses_0772,evt_004740,2,2026-09-09T20:11:04Z,method_selected,card_visa,USD,Cross-border,gateway_beta,success,,mobile,Chrome,396.14,1503
ses_0772,evt_004741,3,2026-09-09T20:11:07Z,details_entered,card_visa,USD,Cross-border,gateway_beta,success,,mobile,Chrome,396.14,324
ses_0772,evt_004742,4,2026-09-09T20:11:16Z,authorization_requested,card_visa,USD,Cross-border,gateway_beta,submitted,,mobile,Chrome,396.14,700
ses_0772,evt_004743,5,2026-09-09T20:11:24Z,3ds_redirect,card_visa,USD,Cross-border,gateway_beta,redirected,,mobile,Chrome,396.14,1259
ses_0772,evt_004744,6,2026-09-09T20:11:34Z,3ds_completed,card_visa,USD,Cross-border,gateway_beta,success,,mobile,Chrome,396.14,5085
ses_0772,evt_004745,7,2026-09-09T20:11:45Z,authorization_response,card_visa,USD,Cross-border,gateway_beta,success,,mobile,Chrome,396.14,1586
ses_0772,evt_004746,8,2026-09-09T20:11:49Z,payment_completed,card_visa,USD,Cross-border,gateway_beta,success,,mobile,Chrome,396.14,1461
ses_0773,evt_004747,1,2026-09-14T18:26:29Z,checkout_initiated,gcash,USD,Cross-border,wallet_hub,started,,desktop,Chrome,12.30,1336
ses_0773,evt_004748,2,2026-09-14T18:26:39Z,method_selected,gcash,USD,Cross-border,wallet_hub,success,,desktop,Chrome,12.30,1689
ses_0773,evt_004749,3,2026-09-14T18:26:49Z,details_entered,gcash,USD,Cross-border,wallet_hub,success,,desktop,Chrome,12.30,1103
ses_0773,evt_004750,4,2026-09-14T18:26:51Z,authorization_requested,gcash,USD,Cross-border,wallet_hub,submitted,,desktop,Chrome,12.30,840
ses_0773,evt_004751,5,2026-09-14T18:26:54Z,authorization_response,gcash,USD,Cross-border,wallet_hub,success,,desktop,Chrome,12.30,341
ses_0773,evt_004752,6,2026-09-14T18:27:03Z,payment_completed,gcash,USD,Cross-border,wallet_hub,success,,desktop,Chrome,12.30,955
ses_0774,evt_004753,1,2026-09-07T23:48:14Z,checkout_initiated,gcash,PHP,Philippines,wallet_hub,started,,desktop,Safari,154.59,1428
ses_0774,evt_004754,2,2026-09-07T23:48:19Z,method_selected,gcash,PHP,Philippines,wallet_hub,success,,desktop,Safari,154.59,1531
ses_0774,evt_004755,3,2026-09-07T23:48:24Z,details_entered,gcash,PHP,Philippines,wallet_hub,success,,desktop,Safari,154.59,1205
ses_0774,evt_004756,4,2026-09-07T23:48:34Z,authorization_requested,gcash,PHP,Philippines,wallet_hub,submitted,,desktop,Safari,154.59,1672
ses_0774,evt_004757,5,2026-09-07T23:48:42Z,authorization_response,gcash,PHP,Philippines,wallet_hub,success,,desktop,Safari,154.59,751
ses_0774,evt_004758,6,2026-09-07T23:48:45Z,payment_completed,gcash,PHP,Philippines,wallet_hub,success,,desktop,Safari,154.59,533
ses_0775,evt_004759,1,2026-09-04T04:19:47Z,checkout_initiated,gcash,PHP,Philippines,wallet_hub,started,,mobile,Chrome,9.57,280
ses_0775,evt_004760,2,2026-09-04T04:19:52Z,method_selected,gcash,PHP,Philippines,wallet_hub,success,,mobile,Chrome,9.57,294
ses_0775,evt_004761,3,2026-09-04T04:19:57Z,details_entered,gcash,PHP,Philippines,wallet_hub,success,,mobile,Chrome,9.57,338
ses_0775,evt_004762,4,2026-09-04T04:20:00Z,authorization_requested,gcash,PHP,Philippines,wallet_hub,submitted,,mobile,Chrome,9.57,284
ses_0775,evt_004763,5,2026-09-04T04:20:09Z,authorization_response,gcash,PHP,Philippines,wallet_hub,success,,mobile,Chrome,9.57,517
ses_0775,evt_004764,6,2026-09-04T04:20:19Z,payment_completed,gcash,PHP,Philippines,wallet_hub,success,,mobile,Chrome,9.57,406
ses_0776,evt_004765,1,2026-09-06T19:39:03Z,checkout_initiated,mpesa,KES,Kenya,wallet_hub,started,,mobile,Safari,21.98,1000
ses_0776,evt_004766,2,2026-09-06T19:39:14Z,method_selected,mpesa,KES,Kenya,wallet_hub,success,,mobile,Safari,21.98,1243
ses_0776,evt_004767,3,2026-09-06T19:39:20Z,details_entered,mpesa,KES,Kenya,wallet_hub,success,,mobile,Safari,21.98,768
ses_0776,evt_004768,4,2026-09-06T19:39:22Z,authorization_requested,mpesa,KES,Kenya,wallet_hub,submitted,,mobile,Safari,21.98,873
ses_0776,evt_004769,5,2026-09-06T19:39:24Z,authorization_response,mpesa,KES,Kenya,wallet_hub,success,,mobile,Safari,21.98,1172
ses_0776,evt_004770,6,2026-09-06T19:39:28Z,payment_completed,mpesa,KES,Kenya,wallet_hub,success,,mobile,Safari,21.98,984
ses_0777,evt_004771,1,2026-09-04T13:21:14Z,checkout_initiated,bank_transfer_local,SGD,Singapore,bank_rail,started,,mobile,Firefox,431.75,486
ses_0777,evt_004772,2,2026-09-04T13:21:19Z,method_selected,bank_transfer_local,SGD,Singapore,bank_rail,success,,mobile,Firefox,431.75,1035
ses_0777,evt_004773,3,2026-09-04T13:21:29Z,details_entered,bank_transfer_local,SGD,Singapore,bank_rail,success,,mobile,Firefox,431.75,252
ses_0777,evt_004774,4,2026-09-04T13:21:32Z,authorization_requested,bank_transfer_local,SGD,Singapore,bank_rail,submitted,,mobile,Firefox,431.75,439
ses_0777,evt_004775,5,2026-09-04T13:21:43Z,authorization_response,bank_transfer_local,SGD,Singapore,bank_rail,success,,mobile,Firefox,431.75,1687
ses_0777,evt_004776,6,2026-09-04T13:21:50Z,payment_completed,bank_transfer_local,SGD,Singapore,bank_rail,success,,mobile,Firefox,431.75,393
ses_0778,evt_004777,1,2026-09-13T22:58:17Z,checkout_initiated,card_mastercard,KES,Kenya,gateway_alpha,started,,mobile,Chrome,66.83,982
ses_0778,evt_004778,2,2026-09-13T22:58:28Z,method_selected,card_mastercard,KES,Kenya,gateway_alpha,success,,mobile,Chrome,66.83,1689
ses_0778,evt_004779,3,2026-09-13T22:58:36Z,details_entered,card_mastercard,KES,Kenya,gateway_alpha,success,,mobile,Chrome,66.83,644
ses_0778,evt_004780,4,2026-09-13T22:58:45Z,authorization_requested,card_mastercard,KES,Kenya,gateway_alpha,submitted,,mobile,Chrome,66.83,983
ses_0778,evt_004781,5,2026-09-13T22:58:49Z,authorization_response,card_mastercard,KES,Kenya,gateway_alpha,failed,insufficient_funds,mobile,Chrome,66.83,343
ses_0779,evt_004782,1,2026-09-01T22:01:15Z,checkout_initiated,card_visa,KES,Kenya,gateway_beta,started,,mobile,Firefox,363.93,1746
ses_0779,evt_004783,2,2026-09-01T22:01:23Z,method_selected,card_visa,KES,Kenya,gateway_beta,success,,mobile,Firefox,363.93,637
ses_0779,evt_004784,3,2026-09-01T22:01:33Z,details_entered,card_visa,KES,Kenya,gateway_beta,success,,mobile,Firefox,363.93,1287
ses_0779,evt_004785,4,2026-09-01T22:01:36Z,authorization_requested,card_visa,KES,Kenya,gateway_beta,submitted,,mobile,Firefox,363.93,847
ses_0779,evt_004786,5,2026-09-01T22:01:42Z,3ds_redirect,card_visa,KES,Kenya,gateway_beta,redirected,,mobile,Firefox,363.93,1448
ses_0779,evt_004787,6,2026-09-01T22:01:47Z,3ds_completed,card_visa,KES,Kenya,gateway_beta,success,,mobile,Firefox,363.93,2217
ses_0779,evt_004788,7,2026-09-01T22:01:54Z,authorization_response,card_visa,KES,Kenya,gateway_beta,success,,mobile,Firefox,363.93,1286
ses_0779,evt_004789,8,2026-09-01T22:02:05Z,payment_completed,card_visa,KES,Kenya,gateway_beta,success,,mobile,Firefox,363.93,1497
ses_0780,evt_004790,1,2026-09-12T21:14:46Z,checkout_initiated,card_visa,KES,Kenya,gateway_alpha,started,,desktop,Chrome,377.09,1335
ses_0780,evt_004791,2,2026-09-12T21:14:50Z,method_selected,card_visa,KES,Kenya,gateway_alpha,success,,desktop,Chrome,377.09,966
ses_0780,evt_004792,3,2026-09-12T21:14:57Z,details_entered,card_visa,KES,Kenya,gateway_alpha,success,,desktop,Chrome,377.09,1643
ses_0780,evt_004793,4,2026-09-12T21:15:07Z,authorization_requested,card_visa,KES,Kenya,gateway_alpha,submitted,,desktop,Chrome,377.09,1602
ses_0780,evt_004794,5,2026-09-12T21:15:17Z,3ds_redirect,card_visa,KES,Kenya,gateway_alpha,redirected,,desktop,Chrome,377.09,4921
ses_0780,evt_004795,6,2026-09-12T21:15:30Z,3ds_completed,card_visa,KES,Kenya,gateway_alpha,success,,desktop,Chrome,377.09,3831
ses_0780,evt_004796,7,2026-09-12T21:15:32Z,authorization_response,card_visa,KES,Kenya,gateway_alpha,success,,desktop,Chrome,377.09,1191
ses_0780,evt_004797,8,2026-09-12T21:15:39Z,payment_completed,card_visa,KES,Kenya,gateway_alpha,success,,desktop,Chrome,377.09,1386
ses_0781,evt_004798,1,2026-09-08T06:14:37Z,checkout_initiated,card_mastercard,SGD,Singapore,gateway_beta,started,,desktop,Chrome,284.79,1557
ses_0781,evt_004799,2,2026-09-08T06:14:44Z,method_selected,card_mastercard,SGD,Singapore,gateway_beta,success,,desktop,Chrome,284.79,1514
ses_0781,evt_004800,3,2026-09-08T06:14:51Z,details_entered,card_mastercard,SGD,Singapore,gateway_beta,success,,desktop,Chrome,284.79,692
ses_0781,evt_004801,4,2026-09-08T06:15:02Z,authorization_requested,card_mastercard,SGD,Singapore,gateway_beta,submitted,,desktop,Chrome,284.79,769
ses_0781,evt_004802,5,2026-09-08T06:15:10Z,3ds_redirect,card_mastercard,SGD,Singapore,gateway_beta,redirected,,desktop,Chrome,284.79,3149
ses_0781,evt_004803,6,2026-09-08T06:15:14Z,3ds_completed,card_mastercard,SGD,Singapore,gateway_beta,success,,desktop,Chrome,284.79,1987
ses_0781,evt_004804,7,2026-09-08T06:15:21Z,authorization_response,card_mastercard,SGD,Singapore,gateway_beta,success,,desktop,Chrome,284.79,1297
ses_0781,evt_004805,8,2026-09-08T06:15:24Z,payment_completed,card_mastercard,SGD,Singapore,gateway_beta,success,,desktop,Chrome,284.79,964
ses_0782,evt_004806,1,2026-09-04T08:43:42Z,checkout_initiated,bank_transfer_local,PHP,Philippines,bank_rail,started,,mobile,Chrome,469.03,1612
ses_0782,evt_004807,2,2026-09-04T08:43:47Z,method_selected,bank_transfer_local,PHP,Philippines,bank_rail,success,,mobile,Chrome,469.03,705
ses_0782,evt_004808,3,2026-09-04T08:43:51Z,details_entered,bank_transfer_local,PHP,Philippines,bank_rail,success,,mobile,Chrome,469.03,697
ses_0782,evt_004809,4,2026-09-04T08:43:53Z,authorization_requested,bank_transfer_local,PHP,Philippines,bank_rail,submitted,,mobile,Chrome,469.03,924
ses_0782,evt_004810,5,2026-09-04T08:44:02Z,authorization_response,bank_transfer_local,PHP,Philippines,bank_rail,success,,mobile,Chrome,469.03,1532
ses_0782,evt_004811,6,2026-09-04T08:44:08Z,payment_completed,bank_transfer_local,PHP,Philippines,bank_rail,success,,mobile,Chrome,469.03,1048
ses_0783,evt_004812,1,2026-09-01T12:49:46Z,checkout_initiated,gcash,USD,Cross-border,wallet_hub,started,,mobile,Chrome,236.59,1294
ses_0783,evt_004813,2,2026-09-01T12:49:54Z,method_selected,gcash,USD,Cross-border,wallet_hub,success,,mobile,Chrome,236.59,463
ses_0783,evt_004814,3,2026-09-01T12:50:01Z,details_entered,gcash,USD,Cross-border,wallet_hub,success,,mobile,Chrome,236.59,1543
ses_0783,evt_004815,4,2026-09-01T12:50:10Z,authorization_requested,gcash,USD,Cross-border,wallet_hub,submitted,,mobile,Chrome,236.59,1027
ses_0783,evt_004816,5,2026-09-01T12:50:22Z,authorization_response,gcash,USD,Cross-border,wallet_hub,success,,mobile,Chrome,236.59,1546
ses_0783,evt_004817,6,2026-09-01T12:50:29Z,payment_completed,gcash,USD,Cross-border,wallet_hub,success,,mobile,Chrome,236.59,557
ses_0784,evt_004818,1,2026-09-12T05:37:03Z,checkout_initiated,card_visa,KES,Kenya,gateway_beta,started,,mobile,Chrome,73.33,263
ses_0784,evt_004819,2,2026-09-12T05:37:14Z,method_selected,card_visa,KES,Kenya,gateway_beta,success,,mobile,Chrome,73.33,829
ses_0784,evt_004820,3,2026-09-12T05:37:17Z,details_entered,card_visa,KES,Kenya,gateway_beta,success,,mobile,Chrome,73.33,281
ses_0784,evt_004821,4,2026-09-12T05:37:21Z,authorization_requested,card_visa,KES,Kenya,gateway_beta,submitted,,mobile,Chrome,73.33,1059
ses_0784,evt_004822,5,2026-09-12T05:37:41Z,3ds_redirect,card_visa,KES,Kenya,gateway_beta,redirected,,mobile,Chrome,73.33,12444
ses_0784,evt_004823,6,2026-09-12T05:37:57Z,3ds_completed,card_visa,KES,Kenya,gateway_beta,abandoned,3ds_abandoned,mobile,Chrome,73.33,11067
ses_0785,evt_004824,1,2026-09-13T12:58:31Z,checkout_initiated,bank_transfer_local,PHP,Philippines,bank_rail,started,,mobile,Chrome,82.44,230
ses_0785,evt_004825,2,2026-09-13T12:58:39Z,method_selected,bank_transfer_local,PHP,Philippines,bank_rail,success,,mobile,Chrome,82.44,1159
ses_0785,evt_004826,3,2026-09-13T12:58:41Z,details_entered,bank_transfer_local,PHP,Philippines,bank_rail,success,,mobile,Chrome,82.44,442
ses_0785,evt_004827,4,2026-09-13T12:58:52Z,authorization_requested,bank_transfer_local,PHP,Philippines,bank_rail,submitted,,mobile,Chrome,82.44,558
ses_0785,evt_004828,5,2026-09-13T12:59:02Z,authorization_response,bank_transfer_local,PHP,Philippines,bank_rail,success,,mobile,Chrome,82.44,1696
ses_0785,evt_004829,6,2026-09-13T12:59:04Z,payment_completed,bank_transfer_local,PHP,Philippines,bank_rail,success,,mobile,Chrome,82.44,571
ses_0786,evt_004830,1,2026-09-12T02:08:11Z,checkout_initiated,mpesa,KES,Kenya,wallet_hub,started,,mobile,Safari,112.73,652
ses_0786,evt_004831,2,2026-09-12T02:08:13Z,method_selected,mpesa,KES,Kenya,wallet_hub,success,,mobile,Safari,112.73,1073
ses_0786,evt_004832,3,2026-09-12T02:08:17Z,details_entered,mpesa,KES,Kenya,wallet_hub,success,,mobile,Safari,112.73,1507
ses_0786,evt_004833,4,2026-09-12T02:08:22Z,authorization_requested,mpesa,KES,Kenya,wallet_hub,submitted,,mobile,Safari,112.73,971
ses_0786,evt_004834,5,2026-09-12T02:08:28Z,authorization_response,mpesa,KES,Kenya,wallet_hub,success,,mobile,Safari,112.73,1158
ses_0786,evt_004835,6,2026-09-12T02:08:38Z,payment_completed,mpesa,KES,Kenya,wallet_hub,success,,mobile,Safari,112.73,381
ses_0787,evt_004836,1,2026-09-02T14:19:32Z,checkout_initiated,card_mastercard,USD,Cross-border,gateway_beta,started,,mobile,Safari,335.82,627
ses_0787,evt_004837,2,2026-09-02T14:19:35Z,method_selected,card_mastercard,USD,Cross-border,gateway_beta,success,,mobile,Safari,335.82,1262
ses_0787,evt_004838,3,2026-09-02T14:19:39Z,details_entered,card_mastercard,USD,Cross-border,gateway_beta,success,,mobile,Safari,335.82,959
ses_0787,evt_004839,4,2026-09-02T14:19:49Z,authorization_requested,card_mastercard,USD,Cross-border,gateway_beta,submitted,,mobile,Safari,335.82,634
ses_0787,evt_004840,5,2026-09-02T14:19:55Z,3ds_redirect,card_mastercard,USD,Cross-border,gateway_beta,redirected,,mobile,Safari,335.82,1310
ses_0787,evt_004841,6,2026-09-02T14:20:02Z,3ds_completed,card_mastercard,USD,Cross-border,gateway_beta,success,,mobile,Safari,335.82,3618
ses_0787,evt_004842,7,2026-09-02T14:20:07Z,authorization_response,card_mastercard,USD,Cross-border,gateway_beta,success,,mobile,Safari,335.82,554
ses_0787,evt_004843,8,2026-09-02T14:20:18Z,payment_completed,card_mastercard,USD,Cross-border,gateway_beta,success,,mobile,Safari,335.82,1501
ses_0788,evt_004844,1,2026-09-12T23:22:22Z,checkout_initiated,card_mastercard,PHP,Philippines,gateway_beta,started,,mobile,Chrome,288.48,1347
ses_0788,evt_004845,2,2026-09-12T23:22:31Z,method_selected,card_mastercard,PHP,Philippines,gateway_beta,success,,mobile,Chrome,288.48,909
ses_0788,evt_004846,3,2026-09-12T23:22:40Z,details_entered,card_mastercard,PHP,Philippines,gateway_beta,success,,mobile,Chrome,288.48,890
ses_0788,evt_004847,4,2026-09-12T23:22:42Z,authorization_requested,card_mastercard,PHP,Philippines,gateway_beta,submitted,,mobile,Chrome,288.48,809
ses_0788,evt_004848,5,2026-09-12T23:22:51Z,3ds_redirect,card_mastercard,PHP,Philippines,gateway_beta,redirected,,mobile,Chrome,288.48,4232
ses_0788,evt_004849,6,2026-09-12T23:22:57Z,3ds_completed,card_mastercard,PHP,Philippines,gateway_beta,success,,mobile,Chrome,288.48,4860
ses_0788,evt_004850,7,2026-09-12T23:23:08Z,authorization_response,card_mastercard,PHP,Philippines,gateway_beta,success,,mobile,Chrome,288.48,1510
ses_0788,evt_004851,8,2026-09-12T23:23:16Z,payment_completed,card_mastercard,PHP,Philippines,gateway_beta,success,,mobile,Chrome,288.48,615
ses_0789,evt_004852,1,2026-09-07T08:01:03Z,checkout_initiated,gcash,PHP,Philippines,wallet_hub,started,,mobile,Firefox,341.67,654
ses_0789,evt_004853,2,2026-09-07T08:01:10Z,method_selected,gcash,PHP,Philippines,wallet_hub,success,,mobile,Firefox,341.67,925
ses_0789,evt_004854,3,2026-09-07T08:01:12Z,details_entered,gcash,PHP,Philippines,wallet_hub,success,,mobile,Firefox,341.67,232
ses_0789,evt_004855,4,2026-09-07T08:01:21Z,authorization_requested,gcash,PHP,Philippines,wallet_hub,submitted,,mobile,Firefox,341.67,601
ses_0789,evt_004856,5,2026-09-07T08:01:28Z,authorization_response,gcash,PHP,Philippines,wallet_hub,success,,mobile,Firefox,341.67,786
ses_0789,evt_004857,6,2026-09-07T08:01:40Z,payment_completed,gcash,PHP,Philippines,wallet_hub,success,,mobile,Firefox,341.67,1520
ses_0790,evt_004858,1,2026-09-07T02:10:22Z,checkout_initiated,card_mastercard,SGD,Singapore,gateway_beta,started,,desktop,Safari,21.72,289
ses_0790,evt_004859,2,2026-09-07T02:10:31Z,method_selected,card_mastercard,SGD,Singapore,gateway_beta,success,,desktop,Safari,21.72,1386
ses_0790,evt_004860,3,2026-09-07T02:10:39Z,details_entered,card_mastercard,SGD,Singapore,gateway_beta,success,,desktop,Safari,21.72,985
ses_0790,evt_004861,4,2026-09-07T02:10:41Z,authorization_requested,card_mastercard,SGD,Singapore,gateway_beta,submitted,,desktop,Safari,21.72,1271
ses_0790,evt_004862,5,2026-09-07T02:10:44Z,3ds_redirect,card_mastercard,SGD,Singapore,gateway_beta,redirected,,desktop,Safari,21.72,1788
ses_0790,evt_004863,6,2026-09-07T02:10:58Z,3ds_completed,card_mastercard,SGD,Singapore,gateway_beta,success,,desktop,Safari,21.72,3797
ses_0790,evt_004864,7,2026-09-07T02:11:05Z,authorization_response,card_mastercard,SGD,Singapore,gateway_beta,success,,desktop,Safari,21.72,1774
ses_0790,evt_004865,8,2026-09-07T02:11:11Z,payment_completed,card_mastercard,SGD,Singapore,gateway_beta,success,,desktop,Safari,21.72,530
ses_0791,evt_004866,1,2026-09-14T09:59:07Z,checkout_initiated,bnpl_atome,SGD,Singapore,bnpl_connect,started,,mobile,Safari,331.16,756
ses_0791,evt_004867,2,2026-09-14T09:59:14Z,method_selected,bnpl_atome,SGD,Singapore,bnpl_connect,success,,mobile,Safari,331.16,538
ses_0791,evt_004868,3,2026-09-14T09:59:21Z,details_entered,bnpl_atome,SGD,Singapore,bnpl_connect,success,,mobile,Safari,331.16,1119
ses_0791,evt_004869,4,2026-09-14T09:59:23Z,authorization_requested,bnpl_atome,SGD,Singapore,bnpl_connect,submitted,,mobile,Safari,331.16,1264
ses_0791,evt_004870,5,2026-09-14T09:59:31Z,authorization_response,bnpl_atome,SGD,Singapore,bnpl_connect,success,,mobile,Safari,331.16,1778
ses_0791,evt_004871,6,2026-09-14T09:59:40Z,payment_completed,bnpl_atome,SGD,Singapore,bnpl_connect,success,,mobile,Safari,331.16,493
ses_0792,evt_004872,1,2026-09-03T08:19:05Z,checkout_initiated,bank_transfer_local,PHP,Philippines,bank_rail,started,,mobile,Chrome,174.10,910
ses_0792,evt_004873,2,2026-09-03T08:19:13Z,method_selected,bank_transfer_local,PHP,Philippines,bank_rail,success,,mobile,Chrome,174.10,254
ses_0792,evt_004874,3,2026-09-03T08:19:20Z,details_entered,bank_transfer_local,PHP,Philippines,bank_rail,success,,mobile,Chrome,174.10,499
ses_0792,evt_004875,4,2026-09-03T08:19:26Z,authorization_requested,bank_transfer_local,PHP,Philippines,bank_rail,submitted,,mobile,Chrome,174.10,1453
ses_0792,evt_004876,5,2026-09-03T08:19:32Z,authorization_response,bank_transfer_local,PHP,Philippines,bank_rail,pending,,mobile,Chrome,174.10,934
ses_0793,evt_004877,1,2026-09-05T11:32:58Z,checkout_initiated,card_visa,KES,Kenya,gateway_alpha,started,,mobile,Safari,237.61,593
ses_0793,evt_004878,2,2026-09-05T11:33:09Z,method_selected,card_visa,KES,Kenya,gateway_alpha,success,,mobile,Safari,237.61,1060
ses_0793,evt_004879,3,2026-09-05T11:33:13Z,details_entered,card_visa,KES,Kenya,gateway_alpha,success,,mobile,Safari,237.61,648
ses_0793,evt_004880,4,2026-09-05T11:33:16Z,authorization_requested,card_visa,KES,Kenya,gateway_alpha,submitted,,mobile,Safari,237.61,212
ses_0793,evt_004881,5,2026-09-05T11:33:39Z,3ds_redirect,card_visa,KES,Kenya,gateway_alpha,redirected,,mobile,Safari,237.61,12549
ses_0793,evt_004882,6,2026-09-05T11:34:00Z,3ds_completed,card_visa,KES,Kenya,gateway_alpha,abandoned,3ds_abandoned,mobile,Safari,237.61,10888
ses_0794,evt_004883,1,2026-09-05T08:54:52Z,checkout_initiated,bnpl_atome,PHP,Philippines,bnpl_connect,started,,desktop,Chrome,437.24,554
ses_0794,evt_004884,2,2026-09-05T08:54:59Z,method_selected,bnpl_atome,PHP,Philippines,bnpl_connect,success,,desktop,Chrome,437.24,775
ses_0794,evt_004885,3,2026-09-05T08:55:02Z,details_entered,bnpl_atome,PHP,Philippines,bnpl_connect,success,,desktop,Chrome,437.24,897
ses_0794,evt_004886,4,2026-09-05T08:55:13Z,authorization_requested,bnpl_atome,PHP,Philippines,bnpl_connect,submitted,,desktop,Chrome,437.24,758
ses_0794,evt_004887,5,2026-09-05T08:55:15Z,authorization_response,bnpl_atome,PHP,Philippines,bnpl_connect,success,,desktop,Chrome,437.24,1473
ses_0794,evt_004888,6,2026-09-05T08:55:24Z,payment_completed,bnpl_atome,PHP,Philippines,bnpl_connect,success,,desktop,Chrome,437.24,199
ses_0795,evt_004889,1,2026-09-02T00:56:35Z,checkout_initiated,card_visa,PHP,Philippines,gateway_beta,started,,desktop,Chrome,166.07,846
ses_0795,evt_004890,2,2026-09-02T00:56:43Z,method_selected,card_visa,PHP,Philippines,gateway_beta,success,,desktop,Chrome,166.07,1753
ses_0795,evt_004891,3,2026-09-02T00:56:51Z,details_entered,card_visa,PHP,Philippines,gateway_beta,success,,desktop,Chrome,166.07,1297
ses_0795,evt_004892,4,2026-09-02T00:56:59Z,authorization_requested,card_visa,PHP,Philippines,gateway_beta,submitted,,desktop,Chrome,166.07,1402
ses_0795,evt_004893,5,2026-09-02T00:57:07Z,3ds_redirect,card_visa,PHP,Philippines,gateway_beta,redirected,,desktop,Chrome,166.07,3966
ses_0795,evt_004894,6,2026-09-02T00:57:15Z,3ds_completed,card_visa,PHP,Philippines,gateway_beta,success,,desktop,Chrome,166.07,2054
ses_0795,evt_004895,7,2026-09-02T00:57:23Z,authorization_response,card_visa,PHP,Philippines,gateway_beta,success,,desktop,Chrome,166.07,617
ses_0795,evt_004896,8,2026-09-02T00:57:30Z,payment_completed,card_visa,PHP,Philippines,gateway_beta,success,,desktop,Chrome,166.07,1682
ses_0796,evt_004897,1,2026-09-03T22:56:09Z,checkout_initiated,card_visa,KES,Kenya,gateway_alpha,started,,mobile,Safari,252.76,1589
ses_0796,evt_004898,2,2026-09-03T22:56:13Z,method_selected,card_visa,KES,Kenya,gateway_alpha,success,,mobile,Safari,252.76,840
ses_0796,evt_004899,3,2026-09-03T22:56:21Z,details_entered,card_visa,KES,Kenya,gateway_alpha,success,,mobile,Safari,252.76,1163
ses_0796,evt_004900,4,2026-09-03T22:56:25Z,authorization_requested,card_visa,KES,Kenya,gateway_alpha,submitted,,mobile,Safari,252.76,1578
ses_0796,evt_004901,5,2026-09-03T22:56:32Z,authorization_response,card_visa,KES,Kenya,gateway_alpha,failed,fraud_suspected,mobile,Safari,252.76,754
ses_0797,evt_004902,1,2026-09-10T18:41:35Z,checkout_initiated,bnpl_atome,SGD,Singapore,bnpl_connect,started,,mobile,Safari,84.36,1201
ses_0797,evt_004903,2,2026-09-10T18:41:43Z,method_selected,bnpl_atome,SGD,Singapore,bnpl_connect,success,,mobile,Safari,84.36,857
ses_0797,evt_004904,3,2026-09-10T18:41:47Z,details_entered,bnpl_atome,SGD,Singapore,bnpl_connect,success,,mobile,Safari,84.36,687
ses_0797,evt_004905,4,2026-09-10T18:41:55Z,authorization_requested,bnpl_atome,SGD,Singapore,bnpl_connect,submitted,,mobile,Safari,84.36,1493
ses_0797,evt_004906,5,2026-09-10T18:41:58Z,authorization_response,bnpl_atome,SGD,Singapore,bnpl_connect,failed,invalid_card,mobile,Safari,84.36,844
ses_0798,evt_004907,1,2026-09-03T19:49:51Z,checkout_initiated,card_visa,KES,Kenya,gateway_alpha,started,,mobile,Safari,277.34,1097
ses_0798,evt_004908,2,2026-09-03T19:49:53Z,method_selected,card_visa,KES,Kenya,gateway_alpha,success,,mobile,Safari,277.34,875
ses_0798,evt_004909,3,2026-09-03T19:49:58Z,details_entered,card_visa,KES,Kenya,gateway_alpha,abandoned,,mobile,Safari,277.34,913
ses_0799,evt_004910,1,2026-09-02T20:25:58Z,checkout_initiated,card_mastercard,USD,Cross-border,gateway_alpha,started,,mobile,Safari,352.52,837
ses_0799,evt_004911,2,2026-09-02T20:26:08Z,method_selected,card_mastercard,USD,Cross-border,gateway_alpha,success,,mobile,Safari,352.52,804
ses_0799,evt_004912,3,2026-09-02T20:26:17Z,details_entered,card_mastercard,USD,Cross-border,gateway_alpha,success,,mobile,Safari,352.52,1448
ses_0799,evt_004913,4,2026-09-02T20:26:23Z,authorization_requested,card_mastercard,USD,Cross-border,gateway_alpha,submitted,,mobile,Safari,352.52,287
ses_0799,evt_004914,5,2026-09-02T20:26:35Z,3ds_redirect,card_mastercard,USD,Cross-border,gateway_alpha,redirected,,mobile,Safari,352.52,7940
ses_0799,evt_004915,6,2026-09-02T20:26:52Z,3ds_completed,card_mastercard,USD,Cross-border,gateway_alpha,abandoned,3ds_abandoned,mobile,Safari,352.52,7354
ses_0800,evt_004916,1,2026-09-14T01:37:33Z,checkout_initiated,card_mastercard,PHP,Philippines,gateway_alpha,started,,desktop,Chrome,334.63,1719
ses_0800,evt_004917,2,2026-09-14T01:37:40Z,method_selected,card_mastercard,PHP,Philippines,gateway_alpha,success,,desktop,Chrome,334.63,1228
ses_0800,evt_004918,3,2026-09-14T01:37:49Z,details_entered,card_mastercard,PHP,Philippines,gateway_alpha,success,,desktop,Chrome,334.63,1732
ses_0800,evt_004919,4,2026-09-14T01:38:00Z,authorization_requested,card_mastercard,PHP,Philippines,gateway_alpha,submitted,,desktop,Chrome,334.63,1071
ses_0800,evt_004920,5,2026-09-14T01:38:08Z,3ds_redirect,card_mastercard,PHP,Philippines,gateway_alpha,redirected,,desktop,Chrome,334.63,1337
ses_0800,evt_004921,6,2026-09-14T01:38:17Z,3ds_completed,card_mastercard,PHP,Philippines,gateway_alpha,success,,desktop,Chrome,334.63,4335
ses_0800,evt_004922,7,2026-09-14T01:38:24Z,authorization_response,card_mastercard,PHP,Philippines,gateway_alpha,success,,desktop,Chrome,334.63,1038
ses_0800,evt_004923,8,2026-09-14T01:38:27Z,payment_completed,card_mastercard,PHP,Philippines,gateway_alpha,success,,desktop,Chrome,334.63,1017
ses_0801,evt_004924,1,2026-09-02T04:18:37Z,checkout_initiated,card_mastercard,SGD,Singapore,gateway_alpha,started,,mobile,Chrome,238.52,502
ses_0801,evt_004925,2,2026-09-02T04:18:41Z,method_selected,card_mastercard,SGD,Singapore,gateway_alpha,success,,mobile,Chrome,238.52,644
ses_0801,evt_004926,3,2026-09-02T04:18:43Z,details_entered,card_mastercard,SGD,Singapore,gateway_alpha,success,,mobile,Chrome,238.52,1067
ses_0801,evt_004927,4,2026-09-02T04:18:46Z,authorization_requested,card_mastercard,SGD,Singapore,gateway_alpha,submitted,,mobile,Chrome,238.52,684
ses_0801,evt_004928,5,2026-09-02T04:18:57Z,3ds_redirect,card_mastercard,SGD,Singapore,gateway_alpha,redirected,,mobile,Chrome,238.52,1720
ses_0801,evt_004929,6,2026-09-02T04:19:05Z,3ds_completed,card_mastercard,SGD,Singapore,gateway_alpha,success,,mobile,Chrome,238.52,2021
ses_0801,evt_004930,7,2026-09-02T04:19:14Z,authorization_response,card_mastercard,SGD,Singapore,gateway_alpha,success,,mobile,Chrome,238.52,1014
ses_0801,evt_004931,8,2026-09-02T04:19:25Z,payment_completed,card_mastercard,SGD,Singapore,gateway_alpha,success,,mobile,Chrome,238.52,571
ses_0802,evt_004932,1,2026-09-05T22:29:42Z,checkout_initiated,card_mastercard,SGD,Singapore,gateway_beta,started,,mobile,Safari,242.18,807
ses_0802,evt_004933,2,2026-09-05T22:29:52Z,method_selected,card_mastercard,SGD,Singapore,gateway_beta,success,,mobile,Safari,242.18,922
ses_0802,evt_004934,3,2026-09-05T22:30:03Z,details_entered,card_mastercard,SGD,Singapore,gateway_beta,success,,mobile,Safari,242.18,990
ses_0802,evt_004935,4,2026-09-05T22:30:15Z,authorization_requested,card_mastercard,SGD,Singapore,gateway_beta,submitted,,mobile,Safari,242.18,1619
ses_0802,evt_004936,5,2026-09-05T22:30:34Z,3ds_redirect,card_mastercard,SGD,Singapore,gateway_beta,redirected,,mobile,Safari,242.18,9411
ses_0802,evt_004937,6,2026-09-05T22:30:48Z,3ds_completed,card_mastercard,SGD,Singapore,gateway_beta,abandoned,3ds_abandoned,mobile,Safari,242.18,9196
ses_0803,evt_004938,1,2026-09-08T06:25:40Z,checkout_initiated,card_visa,PHP,Philippines,gateway_alpha,started,,mobile,Chrome,265.65,547
ses_0803,evt_004939,2,2026-09-08T06:25:46Z,method_selected,card_visa,PHP,Philippines,gateway_alpha,success,,mobile,Chrome,265.65,1709
ses_0803,evt_004940,3,2026-09-08T06:25:53Z,details_entered,card_visa,PHP,Philippines,gateway_alpha,success,,mobile,Chrome,265.65,1537
ses_0803,evt_004941,4,2026-09-08T06:26:01Z,authorization_requested,card_visa,PHP,Philippines,gateway_alpha,submitted,,mobile,Chrome,265.65,1635
ses_0803,evt_004942,5,2026-09-08T06:26:20Z,3ds_redirect,card_visa,PHP,Philippines,gateway_alpha,redirected,,mobile,Chrome,265.65,10902
ses_0803,evt_004943,6,2026-09-08T06:26:35Z,3ds_completed,card_visa,PHP,Philippines,gateway_alpha,abandoned,3ds_abandoned,mobile,Chrome,265.65,8643
ses_0804,evt_004944,1,2026-09-12T15:58:59Z,checkout_initiated,mpesa,KES,Kenya,wallet_hub,started,,mobile,Chrome,353.05,457
ses_0804,evt_004945,2,2026-09-12T15:59:03Z,method_selected,mpesa,KES,Kenya,wallet_hub,success,,mobile,Chrome,353.05,986
ses_0804,evt_004946,3,2026-09-12T15:59:11Z,details_entered,mpesa,KES,Kenya,wallet_hub,success,,mobile,Chrome,353.05,673
ses_0804,evt_004947,4,2026-09-12T15:59:19Z,authorization_requested,mpesa,KES,Kenya,wallet_hub,submitted,,mobile,Chrome,353.05,1780
ses_0804,evt_004948,5,2026-09-12T15:59:29Z,authorization_response,mpesa,KES,Kenya,wallet_hub,success,,mobile,Chrome,353.05,1408
ses_0804,evt_004949,6,2026-09-12T15:59:33Z,payment_completed,mpesa,KES,Kenya,wallet_hub,success,,mobile,Chrome,353.05,1508
ses_0805,evt_004950,1,2026-09-09T06:46:19Z,checkout_initiated,gcash,PHP,Philippines,wallet_hub,started,,desktop,Firefox,53.75,1787
ses_0805,evt_004951,2,2026-09-09T06:46:21Z,method_selected,gcash,PHP,Philippines,wallet_hub,success,,desktop,Firefox,53.75,1289
ses_0805,evt_004952,3,2026-09-09T06:46:31Z,details_entered,gcash,PHP,Philippines,wallet_hub,success,,desktop,Firefox,53.75,322
ses_0805,evt_004953,4,2026-09-09T06:46:37Z,authorization_requested,gcash,PHP,Philippines,wallet_hub,submitted,,desktop,Firefox,53.75,689
ses_0805,evt_004954,5,2026-09-09T06:46:42Z,authorization_response,gcash,PHP,Philippines,wallet_hub,success,,desktop,Firefox,53.75,725
ses_0805,evt_004955,6,2026-09-09T06:46:52Z,payment_completed,gcash,PHP,Philippines,wallet_hub,success,,desktop,Firefox,53.75,757
ses_0806,evt_004956,1,2026-09-10T17:52:19Z,checkout_initiated,card_visa,SGD,Singapore,gateway_beta,started,,mobile,Chrome,345.92,321
ses_0806,evt_004957,2,2026-09-10T17:52:22Z,method_selected,card_visa,SGD,Singapore,gateway_beta,success,,mobile,Chrome,345.92,1502
ses_0806,evt_004958,3,2026-09-10T17:52:28Z,details_entered,card_visa,SGD,Singapore,gateway_beta,success,,mobile,Chrome,345.92,1544
ses_0806,evt_004959,4,2026-09-10T17:52:34Z,authorization_requested,card_visa,SGD,Singapore,gateway_beta,submitted,,mobile,Chrome,345.92,868
ses_0806,evt_004960,5,2026-09-10T17:52:49Z,3ds_redirect,card_visa,SGD,Singapore,gateway_beta,redirected,,mobile,Chrome,345.92,7511
ses_0806,evt_004961,6,2026-09-10T17:53:11Z,3ds_completed,card_visa,SGD,Singapore,gateway_beta,abandoned,3ds_abandoned,mobile,Chrome,345.92,11728
ses_0807,evt_004962,1,2026-09-02T04:56:15Z,checkout_initiated,card_visa,PHP,Philippines,gateway_beta,started,,mobile,Chrome,139.48,1001
ses_0807,evt_004963,2,2026-09-02T04:56:20Z,method_selected,card_visa,PHP,Philippines,gateway_beta,success,,mobile,Chrome,139.48,1380
ses_0807,evt_004964,3,2026-09-02T04:56:28Z,details_entered,card_visa,PHP,Philippines,gateway_beta,success,,mobile,Chrome,139.48,368
ses_0807,evt_004965,4,2026-09-02T04:56:33Z,authorization_requested,card_visa,PHP,Philippines,gateway_beta,submitted,,mobile,Chrome,139.48,296
ses_0807,evt_004966,5,2026-09-02T04:56:43Z,3ds_redirect,card_visa,PHP,Philippines,gateway_beta,redirected,,mobile,Chrome,139.48,4962
ses_0807,evt_004967,6,2026-09-02T04:56:58Z,3ds_completed,card_visa,PHP,Philippines,gateway_beta,success,,mobile,Chrome,139.48,4698
ses_0807,evt_004968,7,2026-09-02T04:57:06Z,authorization_response,card_visa,PHP,Philippines,gateway_beta,success,,mobile,Chrome,139.48,715
ses_0807,evt_004969,8,2026-09-02T04:57:18Z,payment_completed,card_visa,PHP,Philippines,gateway_beta,success,,mobile,Chrome,139.48,1761
ses_0808,evt_004970,1,2026-09-02T13:08:16Z,checkout_initiated,bnpl_atome,SGD,Singapore,bnpl_connect,started,,mobile,Edge,23.89,1775
ses_0808,evt_004971,2,2026-09-02T13:08:27Z,method_selected,bnpl_atome,SGD,Singapore,bnpl_connect,success,,mobile,Edge,23.89,575
ses_0808,evt_004972,3,2026-09-02T13:08:32Z,details_entered,bnpl_atome,SGD,Singapore,bnpl_connect,success,,mobile,Edge,23.89,1600
ses_0808,evt_004973,4,2026-09-02T13:08:42Z,authorization_requested,bnpl_atome,SGD,Singapore,bnpl_connect,submitted,,mobile,Edge,23.89,1573
ses_0808,evt_004974,5,2026-09-02T13:08:47Z,authorization_response,bnpl_atome,SGD,Singapore,bnpl_connect,success,,mobile,Edge,23.89,1425
ses_0808,evt_004975,6,2026-09-02T13:08:55Z,payment_completed,bnpl_atome,SGD,Singapore,bnpl_connect,success,,mobile,Edge,23.89,725
ses_0809,evt_004976,1,2026-09-02T02:42:24Z,checkout_initiated,bnpl_atome,SGD,Singapore,bnpl_connect,started,,mobile,Firefox,178.01,434
ses_0809,evt_004977,2,2026-09-02T02:42:26Z,method_selected,bnpl_atome,SGD,Singapore,bnpl_connect,success,,mobile,Firefox,178.01,816
ses_0809,evt_004978,3,2026-09-02T02:42:29Z,details_entered,bnpl_atome,SGD,Singapore,bnpl_connect,success,,mobile,Firefox,178.01,896
ses_0809,evt_004979,4,2026-09-02T02:42:37Z,authorization_requested,bnpl_atome,SGD,Singapore,bnpl_connect,submitted,,mobile,Firefox,178.01,230
ses_0809,evt_004980,5,2026-09-02T02:42:43Z,authorization_response,bnpl_atome,SGD,Singapore,bnpl_connect,failed,insufficient_funds,mobile,Firefox,178.01,453
ses_0810,evt_004981,1,2026-09-14T09:57:39Z,checkout_initiated,card_visa,USD,Cross-border,gateway_beta,started,,desktop,Safari,215.40,761
ses_0810,evt_004982,2,2026-09-14T09:57:47Z,method_selected,card_visa,USD,Cross-border,gateway_beta,success,,desktop,Safari,215.40,370
ses_0810,evt_004983,3,2026-09-14T09:57:54Z,details_entered,card_visa,USD,Cross-border,gateway_beta,success,,desktop,Safari,215.40,1599
ses_0810,evt_004984,4,2026-09-14T09:58:04Z,authorization_requested,card_visa,USD,Cross-border,gateway_beta,submitted,,desktop,Safari,215.40,200
ses_0810,evt_004985,5,2026-09-14T09:58:22Z,3ds_redirect,card_visa,USD,Cross-border,gateway_beta,redirected,,desktop,Safari,215.40,7991
ses_0810,evt_004986,6,2026-09-14T09:58:41Z,3ds_completed,card_visa,USD,Cross-border,gateway_beta,abandoned,3ds_abandoned,desktop,Safari,215.40,10017
ses_0811,evt_004987,1,2026-09-08T17:00:05Z,checkout_initiated,mpesa,KES,Kenya,wallet_hub,started,,desktop,Chrome,364.24,1071
ses_0811,evt_004988,2,2026-09-08T17:00:13Z,method_selected,mpesa,KES,Kenya,wallet_hub,success,,desktop,Chrome,364.24,1792
ses_0811,evt_004989,3,2026-09-08T17:00:20Z,details_entered,mpesa,KES,Kenya,wallet_hub,success,,desktop,Chrome,364.24,198
ses_0811,evt_004990,4,2026-09-08T17:00:30Z,authorization_requested,mpesa,KES,Kenya,wallet_hub,submitted,,desktop,Chrome,364.24,684
ses_0811,evt_004991,5,2026-09-08T17:00:36Z,authorization_response,mpesa,KES,Kenya,wallet_hub,success,,desktop,Chrome,364.24,1525
ses_0811,evt_004992,6,2026-09-08T17:00:44Z,payment_completed,mpesa,KES,Kenya,wallet_hub,success,,desktop,Chrome,364.24,1189
ses_0812,evt_004993,1,2026-09-06T01:00:53Z,checkout_initiated,card_mastercard,KES,Kenya,gateway_alpha,started,,desktop,Firefox,216.43,677
ses_0812,evt_004994,2,2026-09-06T01:01:04Z,method_selected,card_mastercard,KES,Kenya,gateway_alpha,success,,desktop,Firefox,216.43,694
ses_0812,evt_004995,3,2026-09-06T01:01:07Z,details_entered,card_mastercard,KES,Kenya,gateway_alpha,success,,desktop,Firefox,216.43,680
ses_0812,evt_004996,4,2026-09-06T01:01:10Z,authorization_requested,card_mastercard,KES,Kenya,gateway_alpha,submitted,,desktop,Firefox,216.43,587
ses_0812,evt_004997,5,2026-09-06T01:01:15Z,3ds_redirect,card_mastercard,KES,Kenya,gateway_alpha,redirected,,desktop,Firefox,216.43,1752
ses_0812,evt_004998,6,2026-09-06T01:01:18Z,3ds_completed,card_mastercard,KES,Kenya,gateway_alpha,success,,desktop,Firefox,216.43,1301
ses_0812,evt_004999,7,2026-09-06T01:01:20Z,authorization_response,card_mastercard,KES,Kenya,gateway_alpha,success,,desktop,Firefox,216.43,937
ses_0812,evt_005000,8,2026-09-06T01:01:25Z,payment_completed,card_mastercard,KES,Kenya,gateway_alpha,success,,desktop,Firefox,216.43,538
ses_0813,evt_005001,1,2026-09-13T10:18:00Z,checkout_initiated,bank_transfer_local,KES,Kenya,bank_rail,started,,mobile,Chrome,87.60,1677
ses_0813,evt_005002,2,2026-09-13T10:18:03Z,method_selected,bank_transfer_local,KES,Kenya,bank_rail,success,,mobile,Chrome,87.60,1071
ses_0813,evt_005003,3,2026-09-13T10:18:08Z,details_entered,bank_transfer_local,KES,Kenya,bank_rail,success,,mobile,Chrome,87.60,1414
ses_0813,evt_005004,4,2026-09-13T10:18:12Z,authorization_requested,bank_transfer_local,KES,Kenya,bank_rail,submitted,,mobile,Chrome,87.60,683
ses_0813,evt_005005,5,2026-09-13T10:18:20Z,authorization_response,bank_transfer_local,KES,Kenya,bank_rail,success,,mobile,Chrome,87.60,1002
ses_0813,evt_005006,6,2026-09-13T10:18:28Z,payment_completed,bank_transfer_local,KES,Kenya,bank_rail,success,,mobile,Chrome,87.60,786
ses_0814,evt_005007,1,2026-09-13T18:08:07Z,checkout_initiated,card_visa,KES,Kenya,gateway_alpha,started,,desktop,Safari,170.70,860
ses_0814,evt_005008,2,2026-09-13T18:08:18Z,method_selected,card_visa,KES,Kenya,gateway_alpha,success,,desktop,Safari,170.70,420
ses_0814,evt_005009,3,2026-09-13T18:08:27Z,details_entered,card_visa,KES,Kenya,gateway_alpha,success,,desktop,Safari,170.70,421
ses_0814,evt_005010,4,2026-09-13T18:08:32Z,authorization_requested,card_visa,KES,Kenya,gateway_alpha,submitted,,desktop,Safari,170.70,1298
ses_0814,evt_005011,5,2026-09-13T18:08:34Z,authorization_response,card_visa,KES,Kenya,gateway_alpha,success,,desktop,Safari,170.70,815
ses_0814,evt_005012,6,2026-09-13T18:08:45Z,payment_completed,card_visa,KES,Kenya,gateway_alpha,success,,desktop,Safari,170.70,289
ses_0815,evt_005013,1,2026-09-14T08:33:29Z,checkout_initiated,gcash,PHP,Philippines,wallet_hub,started,,mobile,Safari,353.80,320
ses_0815,evt_005014,2,2026-09-14T08:33:38Z,method_selected,gcash,PHP,Philippines,wallet_hub,success,,mobile,Safari,353.80,1068
ses_0815,evt_005015,3,2026-09-14T08:33:43Z,details_entered,gcash,PHP,Philippines,wallet_hub,success,,mobile,Safari,353.80,1288
ses_0815,evt_005016,4,2026-09-14T08:33:46Z,authorization_requested,gcash,PHP,Philippines,wallet_hub,submitted,,mobile,Safari,353.80,1478
ses_0815,evt_005017,5,2026-09-14T08:33:50Z,authorization_response,gcash,PHP,Philippines,wallet_hub,success,,mobile,Safari,353.80,1350
ses_0815,evt_005018,6,2026-09-14T08:33:56Z,payment_completed,gcash,PHP,Philippines,wallet_hub,success,,mobile,Safari,353.80,615
ses_0816,evt_005019,1,2026-09-01T22:23:19Z,checkout_initiated,card_mastercard,PHP,Philippines,gateway_beta,started,,desktop,Edge,395.58,216
ses_0816,evt_005020,2,2026-09-01T22:23:28Z,method_selected,card_mastercard,PHP,Philippines,gateway_beta,success,,desktop,Edge,395.58,1522
ses_0816,evt_005021,3,2026-09-01T22:23:35Z,details_entered,card_mastercard,PHP,Philippines,gateway_beta,success,,desktop,Edge,395.58,261
ses_0816,evt_005022,4,2026-09-01T22:23:45Z,authorization_requested,card_mastercard,PHP,Philippines,gateway_beta,submitted,,desktop,Edge,395.58,1608
ses_0816,evt_005023,5,2026-09-01T22:23:56Z,3ds_redirect,card_mastercard,PHP,Philippines,gateway_beta,redirected,,desktop,Edge,395.58,2780
ses_0816,evt_005024,6,2026-09-01T22:24:03Z,3ds_completed,card_mastercard,PHP,Philippines,gateway_beta,success,,desktop,Edge,395.58,3749
ses_0816,evt_005025,7,2026-09-01T22:24:08Z,authorization_response,card_mastercard,PHP,Philippines,gateway_beta,failed,invalid_card,desktop,Edge,395.58,1484
ses_0817,evt_005026,1,2026-09-09T06:33:50Z,checkout_initiated,bnpl_atome,PHP,Philippines,bnpl_connect,started,,mobile,Safari,263.60,957
ses_0817,evt_005027,2,2026-09-09T06:33:56Z,method_selected,bnpl_atome,PHP,Philippines,bnpl_connect,success,,mobile,Safari,263.60,1021
ses_0817,evt_005028,3,2026-09-09T06:34:01Z,details_entered,bnpl_atome,PHP,Philippines,bnpl_connect,success,,mobile,Safari,263.60,871
ses_0817,evt_005029,4,2026-09-09T06:34:03Z,authorization_requested,bnpl_atome,PHP,Philippines,bnpl_connect,submitted,,mobile,Safari,263.60,1382
ses_0817,evt_005030,5,2026-09-09T06:34:05Z,authorization_response,bnpl_atome,PHP,Philippines,bnpl_connect,success,,mobile,Safari,263.60,702
ses_0817,evt_005031,6,2026-09-09T06:34:13Z,payment_completed,bnpl_atome,PHP,Philippines,bnpl_connect,success,,mobile,Safari,263.60,1447
ses_0818,evt_005032,1,2026-09-08T18:07:19Z,checkout_initiated,card_mastercard,SGD,Singapore,gateway_alpha,started,,mobile,Chrome,337.29,613
ses_0818,evt_005033,2,2026-09-08T18:07:22Z,method_selected,card_mastercard,SGD,Singapore,gateway_alpha,success,,mobile,Chrome,337.29,1014
ses_0818,evt_005034,3,2026-09-08T18:07:32Z,details_entered,card_mastercard,SGD,Singapore,gateway_alpha,success,,mobile,Chrome,337.29,1577
ses_0818,evt_005035,4,2026-09-08T18:07:34Z,authorization_requested,card_mastercard,SGD,Singapore,gateway_alpha,submitted,,mobile,Chrome,337.29,891
ses_0818,evt_005036,5,2026-09-08T18:07:46Z,3ds_redirect,card_mastercard,SGD,Singapore,gateway_alpha,redirected,,mobile,Chrome,337.29,3768
ses_0818,evt_005037,6,2026-09-08T18:07:57Z,3ds_completed,card_mastercard,SGD,Singapore,gateway_alpha,success,,mobile,Chrome,337.29,4802
ses_0818,evt_005038,7,2026-09-08T18:08:07Z,authorization_response,card_mastercard,SGD,Singapore,gateway_alpha,success,,mobile,Chrome,337.29,529
ses_0818,evt_005039,8,2026-09-08T18:08:18Z,payment_completed,card_mastercard,SGD,Singapore,gateway_alpha,success,,mobile,Chrome,337.29,185
ses_0819,evt_005040,1,2026-09-07T13:13:09Z,checkout_initiated,mpesa,KES,Kenya,wallet_hub,started,,desktop,Edge,208.23,747
ses_0819,evt_005041,2,2026-09-07T13:13:17Z,method_selected,mpesa,KES,Kenya,wallet_hub,success,,desktop,Edge,208.23,1560
ses_0819,evt_005042,3,2026-09-07T13:13:19Z,details_entered,mpesa,KES,Kenya,wallet_hub,success,,desktop,Edge,208.23,207
ses_0819,evt_005043,4,2026-09-07T13:13:29Z,authorization_requested,mpesa,KES,Kenya,wallet_hub,submitted,,desktop,Edge,208.23,304
ses_0819,evt_005044,5,2026-09-07T13:13:32Z,authorization_response,mpesa,KES,Kenya,wallet_hub,success,,desktop,Edge,208.23,244
ses_0819,evt_005045,6,2026-09-07T13:13:40Z,payment_completed,mpesa,KES,Kenya,wallet_hub,success,,desktop,Edge,208.23,1789
ses_0820,evt_005046,1,2026-09-08T13:27:30Z,checkout_initiated,card_mastercard,SGD,Singapore,gateway_alpha,started,,mobile,Safari,124.51,1518
ses_0820,evt_005047,2,2026-09-08T13:27:35Z,method_selected,card_mastercard,SGD,Singapore,gateway_alpha,success,,mobile,Safari,124.51,427
ses_0820,evt_005048,3,2026-09-08T13:27:44Z,details_entered,card_mastercard,SGD,Singapore,gateway_alpha,success,,mobile,Safari,124.51,645
ses_0820,evt_005049,4,2026-09-08T13:27:46Z,authorization_requested,card_mastercard,SGD,Singapore,gateway_alpha,submitted,,mobile,Safari,124.51,537
ses_0820,evt_005050,5,2026-09-08T13:28:04Z,3ds_redirect,card_mastercard,SGD,Singapore,gateway_alpha,redirected,,mobile,Safari,124.51,9997
ses_0820,evt_005051,6,2026-09-08T13:28:17Z,3ds_completed,card_mastercard,SGD,Singapore,gateway_alpha,abandoned,3ds_abandoned,mobile,Safari,124.51,9642
ses_0821,evt_005052,1,2026-09-01T06:20:30Z,checkout_initiated,card_visa,PHP,Philippines,gateway_alpha,started,,mobile,Chrome,271.30,1705
ses_0821,evt_005053,2,2026-09-01T06:20:33Z,method_selected,card_visa,PHP,Philippines,gateway_alpha,success,,mobile,Chrome,271.30,215
ses_0821,evt_005054,3,2026-09-01T06:20:40Z,details_entered,card_visa,PHP,Philippines,gateway_alpha,success,,mobile,Chrome,271.30,1716
ses_0821,evt_005055,4,2026-09-01T06:20:52Z,authorization_requested,card_visa,PHP,Philippines,gateway_alpha,submitted,,mobile,Chrome,271.30,1513
ses_0821,evt_005056,5,2026-09-01T06:21:00Z,3ds_redirect,card_visa,PHP,Philippines,gateway_alpha,redirected,,mobile,Chrome,271.30,2556
ses_0821,evt_005057,6,2026-09-01T06:21:07Z,3ds_completed,card_visa,PHP,Philippines,gateway_alpha,success,,mobile,Chrome,271.30,2224
ses_0821,evt_005058,7,2026-09-01T06:21:18Z,authorization_response,card_visa,PHP,Philippines,gateway_alpha,success,,mobile,Chrome,271.30,450
ses_0821,evt_005059,8,2026-09-01T06:21:22Z,payment_completed,card_visa,PHP,Philippines,gateway_alpha,success,,mobile,Chrome,271.30,1465
ses_0822,evt_005060,1,2026-09-02T22:53:38Z,checkout_initiated,card_mastercard,PHP,Philippines,gateway_beta,started,,mobile,Chrome,406.08,1144
ses_0822,evt_005061,2,2026-09-02T22:53:48Z,method_selected,card_mastercard,PHP,Philippines,gateway_beta,success,,mobile,Chrome,406.08,1545
ses_0822,evt_005062,3,2026-09-02T22:53:54Z,details_entered,card_mastercard,PHP,Philippines,gateway_beta,success,,mobile,Chrome,406.08,231
ses_0822,evt_005063,4,2026-09-02T22:53:58Z,authorization_requested,card_mastercard,PHP,Philippines,gateway_beta,submitted,,mobile,Chrome,406.08,1628
ses_0822,evt_005064,5,2026-09-02T22:54:05Z,3ds_redirect,card_mastercard,PHP,Philippines,gateway_beta,redirected,,mobile,Chrome,406.08,1973
ses_0822,evt_005065,6,2026-09-02T22:54:12Z,3ds_completed,card_mastercard,PHP,Philippines,gateway_beta,success,,mobile,Chrome,406.08,4643
ses_0822,evt_005066,7,2026-09-02T22:54:21Z,authorization_response,card_mastercard,PHP,Philippines,gateway_beta,failed,insufficient_funds,mobile,Chrome,406.08,809
ses_0823,evt_005067,1,2026-09-12T10:57:15Z,checkout_initiated,bank_transfer_local,SGD,Singapore,bank_rail,started,,desktop,Firefox,339.79,1105
ses_0823,evt_005068,2,2026-09-12T10:57:24Z,method_selected,bank_transfer_local,SGD,Singapore,bank_rail,success,,desktop,Firefox,339.79,659
ses_0823,evt_005069,3,2026-09-12T10:57:27Z,details_entered,bank_transfer_local,SGD,Singapore,bank_rail,success,,desktop,Firefox,339.79,1470
ses_0823,evt_005070,4,2026-09-12T10:57:30Z,authorization_requested,bank_transfer_local,SGD,Singapore,bank_rail,submitted,,desktop,Firefox,339.79,748
ses_0823,evt_005071,5,2026-09-12T10:57:40Z,authorization_response,bank_transfer_local,SGD,Singapore,bank_rail,success,,desktop,Firefox,339.79,331
ses_0823,evt_005072,6,2026-09-12T10:57:51Z,payment_completed,bank_transfer_local,SGD,Singapore,bank_rail,success,,desktop,Firefox,339.79,1454
ses_0824,evt_005073,1,2026-09-06T06:16:54Z,checkout_initiated,card_visa,KES,Kenya,gateway_alpha,started,,mobile,Safari,411.08,1287
ses_0824,evt_005074,2,2026-09-06T06:17:03Z,method_selected,card_visa,KES,Kenya,gateway_alpha,success,,mobile,Safari,411.08,872
ses_0824,evt_005075,3,2026-09-06T06:17:10Z,details_entered,card_visa,KES,Kenya,gateway_alpha,success,,mobile,Safari,411.08,507
ses_0824,evt_005076,4,2026-09-06T06:17:19Z,authorization_requested,card_visa,KES,Kenya,gateway_alpha,submitted,,mobile,Safari,411.08,1201
ses_0824,evt_005077,5,2026-09-06T06:17:34Z,3ds_redirect,card_visa,KES,Kenya,gateway_alpha,redirected,,mobile,Safari,411.08,4526
ses_0824,evt_005078,6,2026-09-06T06:17:43Z,3ds_completed,card_visa,KES,Kenya,gateway_alpha,success,,mobile,Safari,411.08,4508
ses_0824,evt_005079,7,2026-09-06T06:17:54Z,authorization_response,card_visa,KES,Kenya,gateway_alpha,success,,mobile,Safari,411.08,1269
ses_0824,evt_005080,8,2026-09-06T06:18:00Z,payment_completed,card_visa,KES,Kenya,gateway_alpha,success,,mobile,Safari,411.08,1337
ses_0825,evt_005081,1,2026-09-14T17:16:37Z,checkout_initiated,card_mastercard,PHP,Philippines,gateway_beta,started,,mobile,Chrome,311.02,1020
ses_0825,evt_005082,2,2026-09-14T17:16:42Z,method_selected,card_mastercard,PHP,Philippines,gateway_beta,success,,mobile,Chrome,311.02,1519
ses_0825,evt_005083,3,2026-09-14T17:16:46Z,details_entered,card_mastercard,PHP,Philippines,gateway_beta,success,,mobile,Chrome,311.02,625
ses_0825,evt_005084,4,2026-09-14T17:16:55Z,authorization_requested,card_mastercard,PHP,Philippines,gateway_beta,submitted,,mobile,Chrome,311.02,969
ses_0825,evt_005085,5,2026-09-14T17:16:59Z,authorization_response,card_mastercard,PHP,Philippines,gateway_beta,success,,mobile,Chrome,311.02,1754
ses_0825,evt_005086,6,2026-09-14T17:17:06Z,payment_completed,card_mastercard,PHP,Philippines,gateway_beta,success,,mobile,Chrome,311.02,1120
ses_0826,evt_005087,1,2026-09-11T18:13:28Z,checkout_initiated,card_visa,PHP,Philippines,gateway_alpha,started,,mobile,Chrome,172.75,755
ses_0826,evt_005088,2,2026-09-11T18:13:34Z,method_selected,card_visa,PHP,Philippines,gateway_alpha,success,,mobile,Chrome,172.75,182
ses_0826,evt_005089,3,2026-09-11T18:13:38Z,details_entered,card_visa,PHP,Philippines,gateway_alpha,success,,mobile,Chrome,172.75,1562
ses_0826,evt_005090,4,2026-09-11T18:13:44Z,authorization_requested,card_visa,PHP,Philippines,gateway_alpha,submitted,,mobile,Chrome,172.75,191
ses_0826,evt_005091,5,2026-09-11T18:13:54Z,authorization_response,card_visa,PHP,Philippines,gateway_alpha,failed,invalid_card,mobile,Chrome,172.75,238
ses_0827,evt_005092,1,2026-09-05T21:32:25Z,checkout_initiated,mpesa,KES,Kenya,wallet_hub,started,,mobile,Chrome,429.77,1354
ses_0827,evt_005093,2,2026-09-05T21:32:31Z,method_selected,mpesa,KES,Kenya,wallet_hub,success,,mobile,Chrome,429.77,1288
ses_0827,evt_005094,3,2026-09-05T21:32:42Z,details_entered,mpesa,KES,Kenya,wallet_hub,success,,mobile,Chrome,429.77,656
ses_0827,evt_005095,4,2026-09-05T21:32:47Z,authorization_requested,mpesa,KES,Kenya,wallet_hub,submitted,,mobile,Chrome,429.77,1183
ses_0827,evt_005096,5,2026-09-05T21:32:57Z,authorization_response,mpesa,KES,Kenya,wallet_hub,success,,mobile,Chrome,429.77,1596
ses_0827,evt_005097,6,2026-09-05T21:33:00Z,payment_completed,mpesa,KES,Kenya,wallet_hub,success,,mobile,Chrome,429.77,1632
ses_0828,evt_005098,1,2026-09-08T08:26:19Z,checkout_initiated,card_mastercard,PHP,Philippines,gateway_alpha,started,,mobile,Chrome,430.21,584
ses_0828,evt_005099,2,2026-09-08T08:26:21Z,method_selected,card_mastercard,PHP,Philippines,gateway_alpha,success,,mobile,Chrome,430.21,337
ses_0828,evt_005100,3,2026-09-08T08:26:31Z,details_entered,card_mastercard,PHP,Philippines,gateway_alpha,success,,mobile,Chrome,430.21,1725
ses_0828,evt_005101,4,2026-09-08T08:26:41Z,authorization_requested,card_mastercard,PHP,Philippines,gateway_alpha,submitted,,mobile,Chrome,430.21,577
ses_0828,evt_005102,5,2026-09-08T08:26:43Z,3ds_redirect,card_mastercard,PHP,Philippines,gateway_alpha,redirected,,mobile,Chrome,430.21,1258
ses_0828,evt_005103,6,2026-09-08T08:26:53Z,3ds_completed,card_mastercard,PHP,Philippines,gateway_alpha,success,,mobile,Chrome,430.21,4787
ses_0828,evt_005104,7,2026-09-08T08:26:57Z,authorization_response,card_mastercard,PHP,Philippines,gateway_alpha,success,,mobile,Chrome,430.21,1194
ses_0828,evt_005105,8,2026-09-08T08:27:08Z,payment_completed,card_mastercard,PHP,Philippines,gateway_alpha,success,,mobile,Chrome,430.21,589
ses_0829,evt_005106,1,2026-09-07T14:46:03Z,checkout_initiated,bank_transfer_local,SGD,Singapore,bank_rail,started,,mobile,Chrome,299.08,1379
ses_0829,evt_005107,2,2026-09-07T14:46:07Z,method_selected,bank_transfer_local,SGD,Singapore,bank_rail,success,,mobile,Chrome,299.08,1564
ses_0829,evt_005108,3,2026-09-07T14:46:10Z,details_entered,bank_transfer_local,SGD,Singapore,bank_rail,success,,mobile,Chrome,299.08,256
ses_0829,evt_005109,4,2026-09-07T14:46:14Z,authorization_requested,bank_transfer_local,SGD,Singapore,bank_rail,submitted,,mobile,Chrome,299.08,987
ses_0829,evt_005110,5,2026-09-07T14:46:18Z,authorization_response,bank_transfer_local,SGD,Singapore,bank_rail,success,,mobile,Chrome,299.08,1723
ses_0829,evt_005111,6,2026-09-07T14:46:27Z,payment_completed,bank_transfer_local,SGD,Singapore,bank_rail,success,,mobile,Chrome,299.08,629
ses_0830,evt_005112,1,2026-09-04T14:10:57Z,checkout_initiated,mpesa,KES,Kenya,wallet_hub,started,,mobile,Chrome,250.21,1422
ses_0830,evt_005113,2,2026-09-04T14:11:03Z,method_selected,mpesa,KES,Kenya,wallet_hub,success,,mobile,Chrome,250.21,1334
ses_0830,evt_005114,3,2026-09-04T14:11:13Z,details_entered,mpesa,KES,Kenya,wallet_hub,success,,mobile,Chrome,250.21,983
ses_0830,evt_005115,4,2026-09-04T14:11:18Z,authorization_requested,mpesa,KES,Kenya,wallet_hub,submitted,,mobile,Chrome,250.21,579
ses_0830,evt_005116,5,2026-09-04T14:11:29Z,authorization_response,mpesa,KES,Kenya,wallet_hub,success,,mobile,Chrome,250.21,492
ses_0830,evt_005117,6,2026-09-04T14:11:39Z,payment_completed,mpesa,KES,Kenya,wallet_hub,success,,mobile,Chrome,250.21,508
ses_0831,evt_005118,1,2026-09-14T13:07:20Z,checkout_initiated,gcash,PHP,Philippines,wallet_hub,started,,mobile,Edge,10.05,482
ses_0831,evt_005119,2,2026-09-14T13:07:24Z,method_selected,gcash,PHP,Philippines,wallet_hub,success,,mobile,Edge,10.05,1111
ses_0831,evt_005120,3,2026-09-14T13:07:30Z,details_entered,gcash,PHP,Philippines,wallet_hub,success,,mobile,Edge,10.05,1108
ses_0831,evt_005121,4,2026-09-14T13:07:38Z,authorization_requested,gcash,PHP,Philippines,wallet_hub,submitted,,mobile,Edge,10.05,1374
ses_0831,evt_005122,5,2026-09-14T13:07:42Z,authorization_response,gcash,PHP,Philippines,wallet_hub,success,,mobile,Edge,10.05,676
ses_0831,evt_005123,6,2026-09-14T13:07:44Z,payment_completed,gcash,PHP,Philippines,wallet_hub,success,,mobile,Edge,10.05,206
ses_0832,evt_005124,1,2026-09-09T16:20:13Z,checkout_initiated,gcash,PHP,Philippines,wallet_hub,started,,desktop,Chrome,25.46,510
ses_0832,evt_005125,2,2026-09-09T16:20:24Z,method_selected,gcash,PHP,Philippines,wallet_hub,success,,desktop,Chrome,25.46,199
ses_0832,evt_005126,3,2026-09-09T16:20:29Z,details_entered,gcash,PHP,Philippines,wallet_hub,success,,desktop,Chrome,25.46,438
ses_0832,evt_005127,4,2026-09-09T16:20:33Z,authorization_requested,gcash,PHP,Philippines,wallet_hub,submitted,,desktop,Chrome,25.46,230
ses_0832,evt_005128,5,2026-09-09T16:20:38Z,authorization_response,gcash,PHP,Philippines,wallet_hub,failed,insufficient_funds,desktop,Chrome,25.46,898
ses_0833,evt_005129,1,2026-09-04T07:46:12Z,checkout_initiated,card_mastercard,PHP,Philippines,gateway_alpha,started,,desktop,Chrome,426.07,1474
ses_0833,evt_005130,2,2026-09-04T07:46:21Z,method_selected,card_mastercard,PHP,Philippines,gateway_alpha,success,,desktop,Chrome,426.07,578
ses_0833,evt_005131,3,2026-09-04T07:46:30Z,details_entered,card_mastercard,PHP,Philippines,gateway_alpha,success,,desktop,Chrome,426.07,639
ses_0833,evt_005132,4,2026-09-04T07:46:36Z,authorization_requested,card_mastercard,PHP,Philippines,gateway_alpha,submitted,,desktop,Chrome,426.07,857
ses_0833,evt_005133,5,2026-09-04T07:46:47Z,3ds_redirect,card_mastercard,PHP,Philippines,gateway_alpha,redirected,,desktop,Chrome,426.07,5029
ses_0833,evt_005134,6,2026-09-04T07:46:58Z,3ds_completed,card_mastercard,PHP,Philippines,gateway_alpha,success,,desktop,Chrome,426.07,5004
ses_0833,evt_005135,7,2026-09-04T07:47:08Z,authorization_response,card_mastercard,PHP,Philippines,gateway_alpha,failed,fraud_suspected,desktop,Chrome,426.07,932
ses_0834,evt_005136,1,2026-09-01T08:33:23Z,checkout_initiated,card_mastercard,USD,Cross-border,gateway_alpha,started,,desktop,Chrome,114.31,434
ses_0834,evt_005137,2,2026-09-01T08:33:28Z,method_selected,card_mastercard,USD,Cross-border,gateway_alpha,success,,desktop,Chrome,114.31,914
ses_0834,evt_005138,3,2026-09-01T08:33:35Z,details_entered,card_mastercard,USD,Cross-border,gateway_alpha,success,,desktop,Chrome,114.31,1600
ses_0834,evt_005139,4,2026-09-01T08:33:44Z,authorization_requested,card_mastercard,USD,Cross-border,gateway_alpha,submitted,,desktop,Chrome,114.31,1698
ses_0834,evt_005140,5,2026-09-01T08:33:55Z,authorization_response,card_mastercard,USD,Cross-border,gateway_alpha,success,,desktop,Chrome,114.31,418
ses_0834,evt_005141,6,2026-09-01T08:33:59Z,payment_completed,card_mastercard,USD,Cross-border,gateway_alpha,success,,desktop,Chrome,114.31,630
ses_0835,evt_005142,1,2026-09-07T14:44:28Z,checkout_initiated,card_visa,KES,Kenya,gateway_beta,started,,desktop,Firefox,465.05,603
ses_0835,evt_005143,2,2026-09-07T14:44:34Z,method_selected,card_visa,KES,Kenya,gateway_beta,success,,desktop,Firefox,465.05,1283
ses_0835,evt_005144,3,2026-09-07T14:44:37Z,details_entered,card_visa,KES,Kenya,gateway_beta,success,,desktop,Firefox,465.05,1643
ses_0835,evt_005145,4,2026-09-07T14:44:42Z,authorization_requested,card_visa,KES,Kenya,gateway_beta,submitted,,desktop,Firefox,465.05,1543
ses_0835,evt_005146,5,2026-09-07T14:44:53Z,3ds_redirect,card_visa,KES,Kenya,gateway_beta,redirected,,desktop,Firefox,465.05,4136
ses_0835,evt_005147,6,2026-09-07T14:44:57Z,3ds_completed,card_visa,KES,Kenya,gateway_beta,success,,desktop,Firefox,465.05,1639
ses_0835,evt_005148,7,2026-09-07T14:44:59Z,authorization_response,card_visa,KES,Kenya,gateway_beta,failed,fraud_suspected,desktop,Firefox,465.05,592
ses_0836,evt_005149,1,2026-09-13T10:30:23Z,checkout_initiated,card_visa,PHP,Philippines,gateway_beta,started,,desktop,Firefox,70.70,1030
ses_0836,evt_005150,2,2026-09-13T10:30:30Z,method_selected,card_visa,PHP,Philippines,gateway_beta,success,,desktop,Firefox,70.70,341
ses_0836,evt_005151,3,2026-09-13T10:30:35Z,details_entered,card_visa,PHP,Philippines,gateway_beta,success,,desktop,Firefox,70.70,196
ses_0836,evt_005152,4,2026-09-13T10:30:43Z,authorization_requested,card_visa,PHP,Philippines,gateway_beta,submitted,,desktop,Firefox,70.70,628
ses_0836,evt_005153,5,2026-09-13T10:31:02Z,authorization_response,card_visa,PHP,Philippines,gateway_beta,failed,timeout,desktop,Firefox,70.70,10217
ses_0837,evt_005154,1,2026-09-07T22:16:54Z,checkout_initiated,card_visa,SGD,Singapore,gateway_alpha,started,,mobile,Chrome,254.88,1648
ses_0837,evt_005155,2,2026-09-07T22:17:02Z,method_selected,card_visa,SGD,Singapore,gateway_alpha,success,,mobile,Chrome,254.88,1407
ses_0837,evt_005156,3,2026-09-07T22:13:04Z,details_entered,card_visa,SGD,Singapore,gateway_alpha,success,,mobile,Chrome,254.88,914
ses_0837,evt_005157,4,2026-09-07T22:17:08Z,authorization_requested,card_visa,SGD,Singapore,gateway_alpha,submitted,,mobile,Chrome,254.88,700
ses_0837,evt_005158,5,2026-09-07T22:17:21Z,3ds_redirect,card_visa,SGD,Singapore,gateway_alpha,redirected,,mobile,Chrome,254.88,3961
ses_0837,evt_005159,6,2026-09-07T22:17:32Z,3ds_completed,card_visa,SGD,Singapore,gateway_alpha,success,,mobile,Chrome,254.88,1438
ses_0837,evt_005160,7,2026-09-07T22:17:38Z,authorization_response,card_visa,SGD,Singapore,gateway_alpha,success,,mobile,Chrome,254.88,495
ses_0837,evt_005161,8,2026-09-07T22:17:49Z,payment_completed,card_visa,SGD,Singapore,gateway_alpha,success,,mobile,Chrome,254.88,1154
ses_0838,evt_005162,1,2026-09-10T15:41:38Z,checkout_initiated,gcash,PHP,Philippines,wallet_hub,started,,desktop,Chrome,353.45,379
ses_0838,evt_005163,2,2026-09-10T15:41:48Z,method_selected,gcash,PHP,Philippines,wallet_hub,success,,desktop,Chrome,353.45,248
ses_0838,evt_005164,3,2026-09-10T15:41:53Z,details_entered,gcash,PHP,Philippines,wallet_hub,success,,desktop,Chrome,353.45,1476
ses_0838,evt_005165,4,2026-09-10T15:41:58Z,authorization_requested,gcash,PHP,Philippines,wallet_hub,submitted,,desktop,Chrome,353.45,1100
ses_0838,evt_005166,5,2026-09-10T15:42:03Z,authorization_response,gcash,PHP,Philippines,wallet_hub,success,,desktop,Chrome,353.45,1310
ses_0838,evt_005167,6,2026-09-10T15:42:13Z,payment_completed,gcash,PHP,Philippines,wallet_hub,success,,desktop,Chrome,353.45,1686
ses_0839,evt_005168,1,2026-09-09T19:39:37Z,checkout_initiated,card_visa,KES,Kenya,gateway_beta,started,,mobile,Chrome,212.22,452
ses_0839,evt_005169,2,2026-09-09T19:39:43Z,method_selected,card_visa,KES,Kenya,gateway_beta,success,,mobile,Chrome,212.22,448
ses_0839,evt_005170,3,2026-09-09T19:39:51Z,details_entered,card_visa,KES,Kenya,gateway_beta,success,,mobile,Chrome,212.22,1122
ses_0839,evt_005171,4,2026-09-09T19:40:03Z,authorization_requested,card_visa,KES,Kenya,gateway_beta,submitted,,mobile,Chrome,212.22,1557
ses_0839,evt_005172,5,2026-09-09T19:40:09Z,3ds_redirect,card_visa,KES,Kenya,gateway_beta,redirected,,mobile,Chrome,212.22,3806
ses_0839,evt_005173,6,2026-09-09T19:40:17Z,3ds_completed,card_visa,KES,Kenya,gateway_beta,success,,mobile,Chrome,212.22,1298
ses_0839,evt_005174,7,2026-09-09T19:40:28Z,authorization_response,card_visa,KES,Kenya,gateway_beta,success,,mobile,Chrome,212.22,1655
ses_0839,evt_005175,8,2026-09-09T19:40:30Z,payment_completed,card_visa,KES,Kenya,gateway_beta,success,,mobile,Chrome,212.22,962
ses_0840,evt_005176,1,2026-09-05T14:38:06Z,checkout_initiated,card_mastercard,PHP,Philippines,gateway_beta,started,,mobile,Chrome,345.58,1595
ses_0840,evt_005177,2,2026-09-05T14:38:11Z,method_selected,card_mastercard,PHP,Philippines,gateway_beta,success,,mobile,Chrome,345.58,550
ses_0840,evt_005178,3,2026-09-05T14:38:19Z,details_entered,card_mastercard,PHP,Philippines,gateway_beta,success,,mobile,Chrome,345.58,1317
ses_0840,evt_005179,4,2026-09-05T14:38:23Z,authorization_requested,card_mastercard,PHP,Philippines,gateway_beta,submitted,,mobile,Chrome,345.58,1400
ses_0840,evt_005180,5,2026-09-05T14:38:34Z,3ds_redirect,card_mastercard,PHP,Philippines,gateway_beta,redirected,,mobile,Chrome,345.58,3458
ses_0840,evt_005181,6,2026-09-05T14:38:46Z,3ds_completed,card_mastercard,PHP,Philippines,gateway_beta,success,,mobile,Chrome,345.58,2403
ses_0840,evt_005182,7,2026-09-05T14:38:59Z,authorization_response,card_mastercard,PHP,Philippines,gateway_beta,failed,timeout,mobile,Chrome,345.58,8245
ses_0841,evt_005183,1,2026-09-04T20:36:46Z,checkout_initiated,card_visa,KES,Kenya,gateway_alpha,started,,mobile,Chrome,347.03,582
ses_0841,evt_005184,2,2026-09-04T20:36:49Z,method_selected,card_visa,KES,Kenya,gateway_alpha,success,,mobile,Chrome,347.03,494
ses_0841,evt_005185,3,2026-09-04T20:36:51Z,details_entered,card_visa,KES,Kenya,gateway_alpha,success,,mobile,Chrome,347.03,1224
ses_0841,evt_005186,4,2026-09-04T20:36:55Z,authorization_requested,card_visa,KES,Kenya,gateway_alpha,submitted,,mobile,Chrome,347.03,1727
ses_0841,evt_005187,5,2026-09-04T20:37:00Z,3ds_redirect,card_visa,KES,Kenya,gateway_alpha,redirected,,mobile,Chrome,347.03,3125
ses_0841,evt_005188,6,2026-09-04T20:37:10Z,3ds_completed,card_visa,KES,Kenya,gateway_alpha,success,,mobile,Chrome,347.03,2582
ses_0841,evt_005189,7,2026-09-04T20:37:15Z,authorization_response,card_visa,KES,Kenya,gateway_alpha,success,,mobile,Chrome,347.03,372
ses_0841,evt_005190,8,2026-09-04T20:37:17Z,payment_completed,card_visa,KES,Kenya,gateway_alpha,success,,mobile,Chrome,347.03,282
ses_0842,evt_005191,1,2026-09-01T09:45:19Z,checkout_initiated,bnpl_atome,PHP,Philippines,bnpl_connect,started,,desktop,Chrome,331.39,568
ses_0842,evt_005192,2,2026-09-01T09:45:30Z,method_selected,bnpl_atome,PHP,Philippines,bnpl_connect,success,,desktop,Chrome,331.39,1742
ses_0842,evt_005193,3,2026-09-01T09:45:39Z,details_entered,bnpl_atome,PHP,Philippines,bnpl_connect,success,,desktop,Chrome,331.39,1117
ses_0842,evt_005194,4,2026-09-01T09:45:41Z,authorization_requested,bnpl_atome,PHP,Philippines,bnpl_connect,submitted,,desktop,Chrome,331.39,386
ses_0842,evt_005195,5,2026-09-01T09:45:46Z,authorization_response,bnpl_atome,PHP,Philippines,bnpl_connect,success,,desktop,Chrome,331.39,235
ses_0842,evt_005196,6,2026-09-01T09:45:56Z,payment_completed,bnpl_atome,PHP,Philippines,bnpl_connect,success,,desktop,Chrome,331.39,1224
ses_0843,evt_005197,1,2026-09-02T10:15:37Z,checkout_initiated,card_visa,SGD,Singapore,gateway_alpha,started,,mobile,Safari,256.18,1522
ses_0843,evt_005198,2,2026-09-02T10:15:47Z,method_selected,card_visa,SGD,Singapore,gateway_alpha,success,,mobile,Safari,256.18,904
ses_0843,evt_005199,3,2026-09-02T10:15:51Z,details_entered,card_visa,SGD,Singapore,gateway_alpha,success,,mobile,Safari,256.18,793
ses_0843,evt_005200,4,2026-09-02T10:15:56Z,authorization_requested,card_visa,SGD,Singapore,gateway_alpha,submitted,,mobile,Safari,256.18,1307
ses_0843,evt_005201,5,2026-09-02T10:16:17Z,3ds_redirect,card_visa,SGD,Singapore,gateway_alpha,redirected,,mobile,Safari,256.18,11018
ses_0843,evt_005202,6,2026-09-02T10:16:31Z,3ds_completed,card_visa,SGD,Singapore,gateway_alpha,abandoned,3ds_abandoned,mobile,Safari,256.18,11170
ses_0844,evt_005203,1,2026-09-10T09:13:08Z,checkout_initiated,card_visa,PHP,Philippines,gateway_alpha,started,,desktop,Chrome,103.93,492
ses_0844,evt_005204,2,2026-09-10T09:13:19Z,method_selected,card_visa,PHP,Philippines,gateway_alpha,success,,desktop,Chrome,103.93,1383
ses_0844,evt_005205,3,2026-09-10T09:13:29Z,details_entered,card_visa,PHP,Philippines,gateway_alpha,success,,desktop,Chrome,103.93,344
ses_0844,evt_005206,4,2026-09-10T09:13:31Z,authorization_requested,card_visa,PHP,Philippines,gateway_alpha,submitted,,desktop,Chrome,103.93,213
ses_0844,evt_005207,5,2026-09-10T09:13:39Z,3ds_redirect,card_visa,PHP,Philippines,gateway_alpha,redirected,,desktop,Chrome,103.93,4539
ses_0844,evt_005208,6,2026-09-10T09:13:48Z,3ds_completed,card_visa,PHP,Philippines,gateway_alpha,success,,desktop,Chrome,103.93,1554
ses_0844,evt_005209,7,2026-09-10T09:13:54Z,authorization_response,card_visa,PHP,Philippines,gateway_alpha,success,,desktop,Chrome,103.93,960
ses_0844,evt_005210,8,2026-09-10T09:13:59Z,payment_completed,card_visa,PHP,Philippines,gateway_alpha,success,,desktop,Chrome,103.93,1089
ses_0845,evt_005211,1,2026-09-03T04:40:58Z,checkout_initiated,card_mastercard,SGD,Singapore,gateway_alpha,started,,desktop,Safari,163.06,982
ses_0845,evt_005212,2,2026-09-03T04:41:08Z,method_selected,card_mastercard,SGD,Singapore,gateway_alpha,success,,desktop,Safari,163.06,895
ses_0845,evt_005213,3,2026-09-03T04:41:10Z,details_entered,card_mastercard,SGD,Singapore,gateway_alpha,success,,desktop,Safari,163.06,748
ses_0845,evt_005214,4,2026-09-03T04:41:13Z,authorization_requested,card_mastercard,SGD,Singapore,gateway_alpha,submitted,,desktop,Safari,163.06,1665
ses_0845,evt_005215,5,2026-09-03T04:41:17Z,3ds_redirect,card_mastercard,SGD,Singapore,gateway_alpha,redirected,,desktop,Safari,163.06,2506
ses_0845,evt_005216,6,2026-09-03T04:41:24Z,3ds_completed,card_mastercard,SGD,Singapore,gateway_alpha,success,,desktop,Safari,163.06,3189
ses_0845,evt_005217,7,2026-09-03T04:41:30Z,authorization_response,card_mastercard,SGD,Singapore,gateway_alpha,success,,desktop,Safari,163.06,1738
ses_0845,evt_005218,8,2026-09-03T04:41:34Z,payment_completed,card_mastercard,SGD,Singapore,gateway_alpha,success,,desktop,Safari,163.06,1079
ses_0846,evt_005219,1,2026-09-13T02:35:33Z,checkout_initiated,card_mastercard,KES,Kenya,gateway_beta,started,,desktop,Chrome,60.94,1343
ses_0846,evt_005220,2,2026-09-13T02:35:35Z,method_selected,card_mastercard,KES,Kenya,gateway_beta,success,,desktop,Chrome,60.94,1341
ses_0846,evt_005221,3,2026-09-13T02:35:38Z,details_entered,card_mastercard,KES,Kenya,gateway_beta,success,,desktop,Chrome,60.94,248
ses_0846,evt_005222,4,2026-09-13T02:35:40Z,authorization_requested,card_mastercard,KES,Kenya,gateway_beta,submitted,,desktop,Chrome,60.94,1406
ses_0846,evt_005223,5,2026-09-13T02:35:45Z,3ds_redirect,card_mastercard,KES,Kenya,gateway_beta,redirected,,desktop,Chrome,60.94,3715
ses_0846,evt_005224,6,2026-09-13T02:35:49Z,3ds_completed,card_mastercard,KES,Kenya,gateway_beta,success,,desktop,Chrome,60.94,2993
ses_0846,evt_005225,7,2026-09-13T02:36:07Z,authorization_response,card_mastercard,KES,Kenya,gateway_beta,failed,timeout,desktop,Chrome,60.94,10086
ses_0847,evt_005226,1,2026-09-11T00:51:14Z,checkout_initiated,gcash,PHP,Philippines,wallet_hub,started,,desktop,Chrome,146.64,1244
ses_0847,evt_005227,2,2026-09-11T00:51:25Z,method_selected,gcash,PHP,Philippines,wallet_hub,success,,desktop,Chrome,146.64,1240
ses_0847,evt_005228,3,2026-09-11T00:51:28Z,details_entered,gcash,PHP,Philippines,wallet_hub,success,,desktop,Chrome,146.64,1719
ses_0847,evt_005229,4,2026-09-11T00:51:33Z,authorization_requested,gcash,PHP,Philippines,wallet_hub,submitted,,desktop,Chrome,146.64,1290
ses_0847,evt_005230,5,2026-09-11T00:51:36Z,authorization_response,gcash,PHP,Philippines,wallet_hub,success,,desktop,Chrome,146.64,543
ses_0847,evt_005231,6,2026-09-11T00:51:40Z,payment_completed,gcash,PHP,Philippines,wallet_hub,success,,desktop,Chrome,146.64,1143
ses_0848,evt_005232,1,2026-09-02T22:00:28Z,checkout_initiated,mpesa,KES,Kenya,wallet_hub,started,,desktop,Chrome,120.24,194
ses_0848,evt_005233,2,2026-09-02T22:00:35Z,method_selected,mpesa,KES,Kenya,wallet_hub,success,,desktop,Chrome,120.24,421
ses_0848,evt_005234,3,2026-09-02T22:00:41Z,details_entered,mpesa,KES,Kenya,wallet_hub,success,,desktop,Chrome,120.24,190
ses_0848,evt_005235,4,2026-09-02T22:00:49Z,authorization_requested,mpesa,KES,Kenya,wallet_hub,submitted,,desktop,Chrome,120.24,350
ses_0848,evt_005236,5,2026-09-02T22:00:57Z,authorization_response,mpesa,KES,Kenya,wallet_hub,success,,desktop,Chrome,120.24,1726
ses_0848,evt_005237,6,2026-09-02T22:01:01Z,payment_completed,mpesa,KES,Kenya,wallet_hub,success,,desktop,Chrome,120.24,787
ses_0849,evt_005238,1,2026-09-05T21:12:26Z,checkout_initiated,card_visa,KES,Kenya,gateway_alpha,started,,desktop,Chrome,59.40,1245
ses_0849,evt_005239,2,2026-09-05T21:12:31Z,method_selected,card_visa,KES,Kenya,gateway_alpha,success,,desktop,Chrome,59.40,1098
ses_0849,evt_005240,3,2026-09-05T21:12:38Z,details_entered,card_visa,KES,Kenya,gateway_alpha,success,,desktop,Chrome,59.40,557
ses_0849,evt_005241,4,2026-09-05T21:12:43Z,authorization_requested,card_visa,KES,Kenya,gateway_alpha,submitted,,desktop,Chrome,59.40,1300
ses_0849,evt_005242,5,2026-09-05T21:12:57Z,3ds_redirect,card_visa,KES,Kenya,gateway_alpha,redirected,,desktop,Chrome,59.40,4885
ses_0849,evt_005243,6,2026-09-05T21:13:03Z,3ds_completed,card_visa,KES,Kenya,gateway_alpha,success,,desktop,Chrome,59.40,2465
ses_0849,evt_005244,7,2026-09-05T21:13:06Z,authorization_response,card_visa,KES,Kenya,gateway_alpha,success,,desktop,Chrome,59.40,1193
ses_0849,evt_005245,8,2026-09-05T21:13:15Z,payment_completed,card_visa,KES,Kenya,gateway_alpha,success,,desktop,Chrome,59.40,1101
ses_0850,evt_005246,1,2026-09-07T03:42:29Z,checkout_initiated,gcash,PHP,Philippines,wallet_hub,started,,mobile,Safari,214.47,347
ses_0850,evt_005247,2,2026-09-07T03:42:34Z,method_selected,gcash,PHP,Philippines,wallet_hub,success,,mobile,Safari,214.47,1735
ses_0850,evt_005248,3,2026-09-07T03:42:44Z,details_entered,gcash,PHP,Philippines,wallet_hub,success,,mobile,Safari,214.47,1231
ses_0850,evt_005249,4,2026-09-07T03:42:52Z,authorization_requested,gcash,PHP,Philippines,wallet_hub,submitted,,mobile,Safari,214.47,919
ses_0850,evt_005250,5,2026-09-07T03:43:02Z,authorization_response,gcash,PHP,Philippines,wallet_hub,success,,mobile,Safari,214.47,1222
ses_0850,evt_005251,6,2026-09-07T03:43:05Z,payment_completed,gcash,PHP,Philippines,wallet_hub,success,,mobile,Safari,214.47,681
ses_0851,evt_005252,1,2026-09-04T17:58:24Z,checkout_initiated,card_mastercard,SGD,Singapore,gateway_beta,started,,mobile,Chrome,147.23,1496
ses_0851,evt_005253,2,2026-09-04T17:58:31Z,method_selected,card_mastercard,SGD,Singapore,gateway_beta,success,,mobile,Chrome,147.23,1332
ses_0851,evt_005254,3,2026-09-04T17:58:40Z,details_entered,card_mastercard,SGD,Singapore,gateway_beta,success,,mobile,Chrome,147.23,908
ses_0851,evt_005255,4,2026-09-04T17:58:45Z,authorization_requested,card_mastercard,SGD,Singapore,gateway_beta,submitted,,mobile,Chrome,147.23,631
ses_0851,evt_005256,5,2026-09-04T17:59:01Z,3ds_redirect,card_mastercard,SGD,Singapore,gateway_beta,redirected,,mobile,Chrome,147.23,10175
ses_0851,evt_005257,6,2026-09-04T17:59:13Z,3ds_completed,card_mastercard,SGD,Singapore,gateway_beta,abandoned,3ds_abandoned,mobile,Chrome,147.23,9920
ses_0852,evt_005258,1,2026-09-07T01:06:32Z,checkout_initiated,bnpl_atome,SGD,Singapore,bnpl_connect,started,,mobile,Safari,126.87,1181
ses_0852,evt_005259,2,2026-09-07T01:06:39Z,method_selected,bnpl_atome,SGD,Singapore,bnpl_connect,success,,mobile,Safari,126.87,946
ses_0852,evt_005260,3,2026-09-07T01:06:42Z,details_entered,bnpl_atome,SGD,Singapore,bnpl_connect,success,,mobile,Safari,126.87,1767
ses_0852,evt_005261,4,2026-09-07T01:06:47Z,authorization_requested,bnpl_atome,SGD,Singapore,bnpl_connect,submitted,,mobile,Safari,126.87,853
ses_0852,evt_005262,5,2026-09-07T01:06:59Z,authorization_response,bnpl_atome,SGD,Singapore,bnpl_connect,failed,invalid_card,mobile,Safari,126.87,1548
ses_0853,evt_005263,1,2026-09-06T07:09:55Z,checkout_initiated,mpesa,KES,Kenya,wallet_hub,started,,desktop,Safari,340.46,787
ses_0853,evt_005264,2,2026-09-06T07:09:59Z,method_selected,mpesa,KES,Kenya,wallet_hub,success,,desktop,Safari,340.46,1323
ses_0853,evt_005265,3,2026-09-06T07:10:01Z,details_entered,mpesa,KES,Kenya,wallet_hub,success,,desktop,Safari,340.46,915
ses_0853,evt_005266,4,2026-09-06T07:10:03Z,authorization_requested,mpesa,KES,Kenya,wallet_hub,submitted,,desktop,Safari,340.46,990
ses_0853,evt_005267,5,2026-09-06T07:10:13Z,authorization_response,mpesa,KES,Kenya,wallet_hub,success,,desktop,Safari,340.46,935
ses_0853,evt_005268,6,2026-09-06T07:10:24Z,payment_completed,mpesa,KES,Kenya,wallet_hub,success,,desktop,Safari,340.46,574
ses_0854,evt_005269,1,2026-09-12T17:10:23Z,checkout_initiated,card_visa,SGD,Singapore,gateway_alpha,started,,mobile,Chrome,15.61,1419
ses_0854,evt_005270,2,2026-09-12T17:10:35Z,method_selected,card_visa,SGD,Singapore,gateway_alpha,success,,mobile,Chrome,15.61,1785
ses_0854,evt_005271,3,2026-09-12T17:10:38Z,details_entered,card_visa,SGD,Singapore,gateway_alpha,success,,mobile,Chrome,15.61,903
ses_0854,evt_005272,4,2026-09-12T17:10:48Z,authorization_requested,card_visa,SGD,Singapore,gateway_alpha,submitted,,mobile,Chrome,15.61,1580
ses_0854,evt_005273,5,2026-09-12T17:11:02Z,3ds_redirect,card_visa,SGD,Singapore,gateway_alpha,redirected,,mobile,Chrome,15.61,3514
ses_0854,evt_005274,6,2026-09-12T17:11:12Z,3ds_completed,card_visa,SGD,Singapore,gateway_alpha,success,,mobile,Chrome,15.61,2719
ses_0854,evt_005275,7,2026-09-12T17:11:14Z,authorization_response,card_visa,SGD,Singapore,gateway_alpha,success,,mobile,Chrome,15.61,428
ses_0854,evt_005276,8,2026-09-12T17:11:24Z,payment_completed,card_visa,SGD,Singapore,gateway_alpha,success,,mobile,Chrome,15.61,434
ses_0855,evt_005277,1,2026-09-04T12:51:33Z,checkout_initiated,card_visa,USD,Cross-border,gateway_alpha,started,,mobile,Firefox,391.61,225
ses_0855,evt_005278,2,2026-09-04T12:51:44Z,method_selected,card_visa,USD,Cross-border,gateway_alpha,success,,mobile,Firefox,391.61,360
ses_0855,evt_005279,3,2026-09-04T12:51:54Z,details_entered,card_visa,USD,Cross-border,gateway_alpha,success,,mobile,Firefox,391.61,1161
ses_0855,evt_005280,4,2026-09-04T12:52:05Z,authorization_requested,card_visa,USD,Cross-border,gateway_alpha,submitted,,mobile,Firefox,391.61,720
ses_0855,evt_005281,5,2026-09-04T12:52:18Z,3ds_redirect,card_visa,USD,Cross-border,gateway_alpha,redirected,,mobile,Firefox,391.61,3334
ses_0855,evt_005282,6,2026-09-04T12:52:32Z,3ds_completed,card_visa,USD,Cross-border,gateway_alpha,success,,mobile,Firefox,391.61,3866
ses_0855,evt_005283,7,2026-09-04T12:52:35Z,authorization_response,card_visa,USD,Cross-border,gateway_alpha,success,,mobile,Firefox,391.61,1548
ses_0855,evt_005284,8,2026-09-04T12:52:41Z,payment_completed,card_visa,USD,Cross-border,gateway_alpha,success,,mobile,Firefox,391.61,871
ses_0856,evt_005285,1,2026-09-13T16:24:31Z,checkout_initiated,mpesa,KES,Kenya,wallet_hub,started,,mobile,Safari,473.96,1291
ses_0856,evt_005286,2,2026-09-13T16:24:38Z,method_selected,mpesa,KES,Kenya,wallet_hub,success,,mobile,Safari,473.96,1393
ses_0856,evt_005287,3,2026-09-13T16:24:47Z,details_entered,mpesa,KES,Kenya,wallet_hub,success,,mobile,Safari,473.96,1085
ses_0856,evt_005288,4,2026-09-13T16:24:50Z,authorization_requested,mpesa,KES,Kenya,wallet_hub,submitted,,mobile,Safari,473.96,1548
ses_0856,evt_005289,5,2026-09-13T16:24:52Z,authorization_response,mpesa,KES,Kenya,wallet_hub,success,,mobile,Safari,473.96,193
ses_0856,evt_005290,6,2026-09-13T16:25:03Z,payment_completed,mpesa,KES,Kenya,wallet_hub,success,,mobile,Safari,473.96,220
ses_0857,evt_005291,1,2026-09-09T00:58:46Z,checkout_initiated,card_visa,KES,Kenya,gateway_beta,started,,mobile,Chrome,113.73,1065
ses_0857,evt_005292,2,2026-09-09T00:58:57Z,method_selected,card_visa,KES,Kenya,gateway_beta,success,,mobile,Chrome,113.73,244
ses_0857,evt_005293,3,2026-09-09T00:59:07Z,details_entered,card_visa,KES,Kenya,gateway_beta,success,,mobile,Chrome,113.73,1750
ses_0857,evt_005294,4,2026-09-09T00:59:12Z,authorization_requested,card_visa,KES,Kenya,gateway_beta,submitted,,mobile,Chrome,113.73,930
ses_0857,evt_005295,5,2026-09-09T00:59:23Z,3ds_redirect,card_visa,KES,Kenya,gateway_beta,redirected,,mobile,Chrome,113.73,1733
ses_0857,evt_005296,6,2026-09-09T00:59:27Z,3ds_completed,card_visa,KES,Kenya,gateway_beta,success,,mobile,Chrome,113.73,2898
ses_0857,evt_005297,7,2026-09-09T00:59:36Z,authorization_response,card_visa,KES,Kenya,gateway_beta,success,,mobile,Chrome,113.73,335
ses_0857,evt_005298,8,2026-09-09T00:59:46Z,payment_completed,card_visa,KES,Kenya,gateway_beta,success,,mobile,Chrome,113.73,460
ses_0858,evt_005299,1,2026-09-08T14:55:31Z,checkout_initiated,card_visa,PHP,Philippines,gateway_beta,started,,desktop,Safari,390.33,534
ses_0858,evt_005300,2,2026-09-08T14:55:36Z,method_selected,card_visa,PHP,Philippines,gateway_beta,success,,desktop,Safari,390.33,278
ses_0858,evt_005301,3,2026-09-08T14:55:45Z,details_entered,card_visa,PHP,Philippines,gateway_beta,success,,desktop,Safari,390.33,1293
ses_0858,evt_005302,4,2026-09-08T14:55:50Z,authorization_requested,card_visa,PHP,Philippines,gateway_beta,submitted,,desktop,Safari,390.33,1163
ses_0858,evt_005303,5,2026-09-08T14:56:01Z,3ds_redirect,card_visa,PHP,Philippines,gateway_beta,redirected,,desktop,Safari,390.33,4563
ses_0858,evt_005304,6,2026-09-08T14:56:12Z,3ds_completed,card_visa,PHP,Philippines,gateway_beta,success,,desktop,Safari,390.33,2282
ses_0858,evt_005305,7,2026-09-08T14:56:23Z,authorization_response,card_visa,PHP,Philippines,gateway_beta,failed,invalid_card,desktop,Safari,390.33,505
ses_0859,evt_005306,1,2026-09-06T00:40:48Z,checkout_initiated,bank_transfer_local,KES,Kenya,bank_rail,started,,desktop,Chrome,437.70,431
ses_0859,evt_005307,2,2026-09-06T00:40:53Z,method_selected,bank_transfer_local,KES,Kenya,bank_rail,success,,desktop,Chrome,437.70,1169
ses_0859,evt_005308,3,2026-09-06T00:41:02Z,details_entered,bank_transfer_local,KES,Kenya,bank_rail,success,,desktop,Chrome,437.70,605
ses_0859,evt_005309,4,2026-09-06T00:41:04Z,authorization_requested,bank_transfer_local,KES,Kenya,bank_rail,submitted,,desktop,Chrome,437.70,1262
ses_0859,evt_005310,5,2026-09-06T00:41:11Z,authorization_response,bank_transfer_local,KES,Kenya,bank_rail,success,,desktop,Chrome,437.70,1330
ses_0859,evt_005311,6,2026-09-06T00:41:21Z,payment_completed,bank_transfer_local,KES,Kenya,bank_rail,success,,desktop,Chrome,437.70,1557
ses_0860,evt_005312,1,2026-09-04T05:36:54Z,checkout_initiated,card_visa,SGD,Singapore,gateway_beta,started,,mobile,Chrome,298.64,645
ses_0860,evt_005313,2,2026-09-04T05:37:02Z,method_selected,card_visa,SGD,Singapore,gateway_beta,success,,mobile,Chrome,298.64,1751
ses_0860,evt_005314,3,2026-09-04T05:37:09Z,details_entered,card_visa,SGD,Singapore,gateway_beta,success,,mobile,Chrome,298.64,1443
ses_0860,evt_005315,4,2026-09-04T05:37:20Z,authorization_requested,card_visa,SGD,Singapore,gateway_beta,submitted,,mobile,Chrome,298.64,1182
ses_0860,evt_005316,5,2026-09-04T05:37:25Z,authorization_response,card_visa,SGD,Singapore,gateway_beta,success,,mobile,Chrome,298.64,513
ses_0860,evt_005317,6,2026-09-04T05:37:27Z,payment_completed,card_visa,SGD,Singapore,gateway_beta,success,,mobile,Chrome,298.64,743
ses_0861,evt_005318,1,2026-09-10T02:45:56Z,checkout_initiated,gcash,PHP,Philippines,wallet_hub,started,,desktop,Chrome,448.30,1452
ses_0861,evt_005319,2,2026-09-10T02:46:06Z,method_selected,gcash,PHP,Philippines,wallet_hub,success,,desktop,Chrome,448.30,338
ses_0861,evt_005320,3,2026-09-10T02:46:09Z,details_entered,gcash,PHP,Philippines,wallet_hub,success,,desktop,Chrome,448.30,209
ses_0861,evt_005321,4,2026-09-10T02:46:11Z,authorization_requested,gcash,PHP,Philippines,wallet_hub,submitted,,desktop,Chrome,448.30,1332
ses_0861,evt_005322,5,2026-09-10T02:46:17Z,authorization_response,gcash,PHP,Philippines,wallet_hub,success,,desktop,Chrome,448.30,1723
ses_0861,evt_005323,6,2026-09-10T02:46:28Z,payment_completed,gcash,PHP,Philippines,wallet_hub,success,,desktop,Chrome,448.30,217
ses_0862,evt_005324,1,2026-09-08T16:46:10Z,checkout_initiated,mpesa,KES,Kenya,wallet_hub,started,,mobile,Chrome,30.35,928
ses_0862,evt_005325,2,2026-09-08T16:46:15Z,method_selected,mpesa,KES,Kenya,wallet_hub,success,,mobile,Chrome,30.35,1449
ses_0862,evt_005326,3,2026-09-08T16:46:25Z,details_entered,mpesa,KES,Kenya,wallet_hub,success,,mobile,Chrome,30.35,316
ses_0862,evt_005327,4,2026-09-08T16:46:28Z,authorization_requested,mpesa,KES,Kenya,wallet_hub,submitted,,mobile,Chrome,30.35,845
ses_0862,evt_005328,5,2026-09-08T16:46:30Z,authorization_response,mpesa,KES,Kenya,wallet_hub,failed,fraud_suspected,mobile,Chrome,30.35,1446
ses_0863,evt_005329,1,2026-09-03T19:56:04Z,checkout_initiated,mpesa,KES,Kenya,wallet_hub,started,,mobile,Chrome,173.97,299
ses_0863,evt_005330,2,2026-09-03T19:56:06Z,method_selected,mpesa,KES,Kenya,wallet_hub,success,,mobile,Chrome,173.97,381
ses_0863,evt_005331,3,2026-09-03T19:56:14Z,details_entered,mpesa,KES,Kenya,wallet_hub,success,,mobile,Chrome,173.97,1747
ses_0863,evt_005332,4,2026-09-03T19:56:20Z,authorization_requested,mpesa,KES,Kenya,wallet_hub,submitted,,mobile,Chrome,173.97,725
ses_0863,evt_005333,5,2026-09-03T19:56:26Z,authorization_response,mpesa,KES,Kenya,wallet_hub,success,,mobile,Chrome,173.97,372
ses_0863,evt_005334,6,2026-09-03T19:56:30Z,payment_completed,mpesa,KES,Kenya,wallet_hub,success,,mobile,Chrome,173.97,1642
ses_0864,evt_005335,1,2026-09-13T10:46:15Z,checkout_initiated,card_mastercard,SGD,Singapore,gateway_alpha,started,,desktop,Chrome,373.90,313
ses_0864,evt_005336,2,2026-09-13T10:46:19Z,method_selected,card_mastercard,SGD,Singapore,gateway_alpha,success,,desktop,Chrome,373.90,1770
ses_0864,evt_005337,3,2026-09-13T10:46:26Z,details_entered,card_mastercard,SGD,Singapore,gateway_alpha,success,,desktop,Chrome,373.90,671
ses_0864,evt_005338,4,2026-09-13T10:46:34Z,authorization_requested,card_mastercard,SGD,Singapore,gateway_alpha,submitted,,desktop,Chrome,373.90,610
ses_0864,evt_005339,5,2026-09-13T10:46:47Z,3ds_redirect,card_mastercard,SGD,Singapore,gateway_alpha,redirected,,desktop,Chrome,373.90,2571
ses_0864,evt_005340,6,2026-09-13T10:46:57Z,3ds_completed,card_mastercard,SGD,Singapore,gateway_alpha,success,,desktop,Chrome,373.90,2457
ses_0864,evt_005341,7,2026-09-13T10:47:08Z,authorization_response,card_mastercard,SGD,Singapore,gateway_alpha,success,,desktop,Chrome,373.90,876
ses_0864,evt_005342,8,2026-09-13T10:47:11Z,payment_completed,card_mastercard,SGD,Singapore,gateway_alpha,success,,desktop,Chrome,373.90,1539
ses_0865,evt_005343,1,2026-09-07T23:58:23Z,checkout_initiated,gcash,PHP,Philippines,wallet_hub,started,,desktop,Chrome,448.06,1443
ses_0865,evt_005344,2,2026-09-07T23:58:33Z,method_selected,gcash,PHP,Philippines,wallet_hub,success,,desktop,Chrome,448.06,525
ses_0865,evt_005345,3,2026-09-07T23:58:45Z,details_entered,gcash,PHP,Philippines,wallet_hub,success,,desktop,Chrome,448.06,1594
ses_0865,evt_005346,4,2026-09-07T23:58:48Z,authorization_requested,gcash,PHP,Philippines,wallet_hub,submitted,,desktop,Chrome,448.06,1266
ses_0865,evt_005347,5,2026-09-07T23:58:52Z,authorization_response,gcash,PHP,Philippines,wallet_hub,success,,desktop,Chrome,448.06,1114
ses_0865,evt_005348,6,2026-09-07T23:58:54Z,payment_completed,gcash,PHP,Philippines,wallet_hub,success,,desktop,Chrome,448.06,1306
ses_0866,evt_005349,1,2026-09-06T13:21:55Z,checkout_initiated,bank_transfer_local,PHP,Philippines,bank_rail,started,,mobile,Safari,81.69,886
ses_0866,evt_005350,2,2026-09-06T13:22:00Z,method_selected,bank_transfer_local,PHP,Philippines,bank_rail,success,,mobile,Safari,81.69,1024
ses_0866,evt_005351,3,2026-09-06T13:22:04Z,details_entered,bank_transfer_local,PHP,Philippines,bank_rail,success,,mobile,Safari,81.69,543
ses_0866,evt_005352,4,2026-09-06T13:22:06Z,authorization_requested,bank_transfer_local,PHP,Philippines,bank_rail,submitted,,mobile,Safari,81.69,250
ses_0866,evt_005353,5,2026-09-06T13:22:13Z,authorization_response,bank_transfer_local,PHP,Philippines,bank_rail,pending,,mobile,Safari,81.69,799
ses_0867,evt_005354,1,2026-09-10T18:31:43Z,checkout_initiated,card_visa,SGD,Singapore,gateway_alpha,started,,mobile,Safari,209.23,215
ses_0867,evt_005355,2,2026-09-10T18:31:55Z,method_selected,card_visa,SGD,Singapore,gateway_alpha,success,,mobile,Safari,209.23,1654
ses_0867,evt_005356,3,2026-09-10T18:32:05Z,details_entered,card_visa,SGD,Singapore,gateway_alpha,success,,mobile,Safari,209.23,889
ses_0867,evt_005357,4,2026-09-10T18:32:16Z,authorization_requested,card_visa,SGD,Singapore,gateway_alpha,submitted,,mobile,Safari,209.23,1621
ses_0867,evt_005358,5,2026-09-10T18:32:30Z,3ds_redirect,card_visa,SGD,Singapore,gateway_alpha,redirected,,mobile,Safari,209.23,11031
ses_0867,evt_005359,6,2026-09-10T18:32:48Z,3ds_completed,card_visa,SGD,Singapore,gateway_alpha,abandoned,3ds_abandoned,mobile,Safari,209.23,11569
ses_0868,evt_005360,1,2026-09-05T11:21:36Z,checkout_initiated,bank_transfer_local,SGD,Singapore,bank_rail,started,,desktop,Firefox,430.87,1403
ses_0868,evt_005361,2,2026-09-05T11:21:41Z,method_selected,bank_transfer_local,SGD,Singapore,bank_rail,success,,desktop,Firefox,430.87,987
ses_0868,evt_005362,3,2026-09-05T11:21:52Z,details_entered,bank_transfer_local,SGD,Singapore,bank_rail,success,,desktop,Firefox,430.87,1727
ses_0868,evt_005363,4,2026-09-05T11:21:56Z,authorization_requested,bank_transfer_local,SGD,Singapore,bank_rail,submitted,,desktop,Firefox,430.87,598
ses_0868,evt_005364,5,2026-09-05T11:21:59Z,authorization_response,bank_transfer_local,SGD,Singapore,bank_rail,success,,desktop,Firefox,430.87,814
ses_0868,evt_005365,6,2026-09-05T11:22:04Z,payment_completed,bank_transfer_local,SGD,Singapore,bank_rail,success,,desktop,Firefox,430.87,1743
ses_0869,evt_005366,1,2026-09-11T23:51:19Z,checkout_initiated,card_mastercard,SGD,Singapore,gateway_beta,started,,desktop,Safari,108.56,1574
ses_0869,evt_005367,2,2026-09-11T23:51:26Z,method_selected,card_mastercard,SGD,Singapore,gateway_beta,success,,desktop,Safari,108.56,994
ses_0869,evt_005368,3,2026-09-11T23:51:34Z,details_entered,card_mastercard,SGD,Singapore,gateway_beta,success,,desktop,Safari,108.56,1632
ses_0869,evt_005369,4,2026-09-11T23:51:42Z,authorization_requested,card_mastercard,SGD,Singapore,gateway_beta,submitted,,desktop,Safari,108.56,1441
ses_0869,evt_005370,5,2026-09-11T23:51:54Z,3ds_redirect,card_mastercard,SGD,Singapore,gateway_beta,redirected,,desktop,Safari,108.56,4256
ses_0869,evt_005371,6,2026-09-11T23:52:04Z,3ds_completed,card_mastercard,SGD,Singapore,gateway_beta,success,,desktop,Safari,108.56,3251
ses_0869,evt_005372,7,2026-09-11T23:52:11Z,authorization_response,card_mastercard,SGD,Singapore,gateway_beta,failed,fraud_suspected,desktop,Safari,108.56,466
ses_0870,evt_005373,1,2026-09-11T06:01:54Z,checkout_initiated,card_visa,PHP,Philippines,gateway_alpha,started,,mobile,Chrome,470.88,1556
ses_0870,evt_005374,2,2026-09-11T06:02:03Z,method_selected,card_visa,PHP,Philippines,gateway_alpha,success,,mobile,Chrome,470.88,772
ses_0870,evt_005375,3,2026-09-11T06:02:12Z,details_entered,card_visa,PHP,Philippines,gateway_alpha,success,,mobile,Chrome,470.88,1621
ses_0870,evt_005376,4,2026-09-11T06:02:22Z,authorization_requested,card_visa,PHP,Philippines,gateway_alpha,submitted,,mobile,Chrome,470.88,1279
ses_0870,evt_005377,5,2026-09-11T06:02:29Z,authorization_response,card_visa,PHP,Philippines,gateway_alpha,success,,mobile,Chrome,470.88,682
ses_0870,evt_005378,6,2026-09-11T06:02:34Z,payment_completed,card_visa,PHP,Philippines,gateway_alpha,success,,mobile,Chrome,470.88,1415
ses_0871,evt_005379,1,2026-09-08T09:43:23Z,checkout_initiated,card_visa,PHP,Philippines,gateway_alpha,started,,desktop,Chrome,292.44,1671
ses_0871,evt_005380,2,2026-09-08T09:43:32Z,method_selected,card_visa,PHP,Philippines,gateway_alpha,success,,desktop,Chrome,292.44,275
ses_0871,evt_005381,3,2026-09-08T09:43:36Z,details_entered,card_visa,PHP,Philippines,gateway_alpha,success,,desktop,Chrome,292.44,756
ses_0871,evt_005382,4,2026-09-08T09:43:47Z,authorization_requested,card_visa,PHP,Philippines,gateway_alpha,submitted,,desktop,Chrome,292.44,1656
ses_0871,evt_005383,5,2026-09-08T09:43:56Z,3ds_redirect,card_visa,PHP,Philippines,gateway_alpha,redirected,,desktop,Chrome,292.44,2470
ses_0871,evt_005384,6,2026-09-08T09:44:01Z,3ds_completed,card_visa,PHP,Philippines,gateway_alpha,success,,desktop,Chrome,292.44,2870
ses_0871,evt_005385,7,2026-09-08T09:44:06Z,authorization_response,card_visa,PHP,Philippines,gateway_alpha,success,,desktop,Chrome,292.44,1749
ses_0871,evt_005386,8,2026-09-08T09:44:14Z,payment_completed,card_visa,PHP,Philippines,gateway_alpha,success,,desktop,Chrome,292.44,1798
ses_0871,evt_005387,7,2026-09-08T09:44:06Z,authorization_response,card_visa,PHP,Philippines,gateway_alpha,success,,desktop,Chrome,292.44,1749
ses_0872,evt_005388,1,2026-09-07T02:18:26Z,checkout_initiated,card_visa,KES,Kenya,gateway_alpha,started,,mobile,Chrome,25.16,1605
ses_0872,evt_005389,2,2026-09-07T02:18:32Z,method_selected,card_visa,KES,Kenya,gateway_alpha,success,,mobile,Chrome,25.16,1086
ses_0872,evt_005390,3,2026-09-07T02:18:39Z,details_entered,card_visa,KES,Kenya,gateway_alpha,success,,mobile,Chrome,25.16,1127
ses_0872,evt_005391,4,2026-09-07T02:18:51Z,authorization_requested,card_visa,KES,Kenya,gateway_alpha,submitted,,mobile,Chrome,25.16,1656
ses_0872,evt_005392,5,2026-09-07T02:18:54Z,authorization_response,card_visa,KES,Kenya,gateway_alpha,success,,mobile,Chrome,25.16,604
ses_0872,evt_005393,6,2026-09-07T02:19:05Z,payment_completed,card_visa,KES,Kenya,gateway_alpha,success,,mobile,Chrome,25.16,1698
ses_0873,evt_005394,1,2026-09-13T04:53:59Z,checkout_initiated,mpesa,KES,Kenya,wallet_hub,started,,mobile,Chrome,320.06,731
ses_0873,evt_005395,2,2026-09-13T04:54:07Z,method_selected,mpesa,KES,Kenya,wallet_hub,success,,mobile,Chrome,320.06,1530
ses_0873,evt_005396,3,2026-09-13T04:54:12Z,details_entered,mpesa,KES,Kenya,wallet_hub,success,,mobile,Chrome,320.06,212
ses_0873,evt_005397,4,2026-09-13T04:54:20Z,authorization_requested,mpesa,KES,Kenya,wallet_hub,submitted,,mobile,Chrome,320.06,804
ses_0873,evt_005398,5,2026-09-13T04:54:26Z,authorization_response,mpesa,KES,Kenya,wallet_hub,success,,mobile,Chrome,320.06,241
ses_0873,evt_005399,6,2026-09-13T04:54:35Z,payment_completed,mpesa,KES,Kenya,wallet_hub,success,,mobile,Chrome,320.06,187
ses_0874,evt_005400,1,2026-09-12T00:53:46Z,checkout_initiated,bnpl_atome,SGD,Singapore,bnpl_connect,started,,mobile,Chrome,354.13,1065
ses_0874,evt_005401,2,2026-09-12T00:53:49Z,method_selected,bnpl_atome,SGD,Singapore,bnpl_connect,success,,mobile,Chrome,354.13,1435
ses_0874,evt_005402,3,2026-09-12T01:13:41Z,details_entered,bnpl_atome,SGD,Singapore,bnpl_connect,success,,mobile,Chrome,354.13,828
ses_0874,evt_005403,4,2026-09-12T01:13:46Z,authorization_requested,bnpl_atome,SGD,Singapore,bnpl_connect,submitted,,mobile,Chrome,354.13,1665
ses_0874,evt_005404,5,2026-09-12T01:13:55Z,authorization_response,bnpl_atome,SGD,Singapore,bnpl_connect,success,,mobile,Chrome,354.13,1447
ses_0874,evt_005405,6,2026-09-12T01:14:04Z,payment_completed,bnpl_atome,SGD,Singapore,bnpl_connect,success,,mobile,Chrome,354.13,1437
ses_0875,evt_005406,1,2026-09-08T15:32:23Z,checkout_initiated,mpesa,USD,Cross-border,wallet_hub,started,,desktop,Safari,44.09,1215
ses_0875,evt_005407,2,2026-09-08T15:32:28Z,method_selected,mpesa,USD,Cross-border,wallet_hub,success,,desktop,Safari,44.09,926
ses_0875,evt_005408,3,2026-09-08T15:32:36Z,details_entered,mpesa,USD,Cross-border,wallet_hub,success,,desktop,Safari,44.09,1297
ses_0875,evt_005409,4,2026-09-08T15:32:47Z,authorization_requested,mpesa,USD,Cross-border,wallet_hub,submitted,,desktop,Safari,44.09,1197
ses_0875,evt_005410,5,2026-09-08T15:32:49Z,authorization_response,mpesa,USD,Cross-border,wallet_hub,success,,desktop,Safari,44.09,1205
ses_0875,evt_005411,6,2026-09-08T15:32:54Z,payment_completed,mpesa,USD,Cross-border,wallet_hub,success,,desktop,Safari,44.09,1158
ses_0876,evt_005412,1,2026-09-08T23:10:47Z,checkout_initiated,gcash,PHP,Philippines,wallet_hub,started,,mobile,Chrome,177.64,565
ses_0876,evt_005413,2,2026-09-08T23:10:51Z,method_selected,gcash,PHP,Philippines,wallet_hub,success,,mobile,Chrome,177.64,1143
ses_0876,evt_005414,3,2026-09-08T23:10:59Z,details_entered,gcash,PHP,Philippines,wallet_hub,success,,mobile,Chrome,177.64,249
ses_0876,evt_005415,4,2026-09-08T23:11:06Z,authorization_requested,gcash,PHP,Philippines,wallet_hub,abandoned,,mobile,Chrome,177.64,248
ses_0877,evt_005416,1,2026-09-14T08:35:23Z,checkout_initiated,bnpl_atome,SGD,Singapore,bnpl_connect,started,,mobile,Firefox,227.03,768
ses_0877,evt_005417,2,2026-09-14T08:35:31Z,method_selected,bnpl_atome,SGD,Singapore,bnpl_connect,success,,mobile,Firefox,227.03,1208
ses_0877,evt_005418,3,2026-09-14T08:35:40Z,details_entered,bnpl_atome,SGD,Singapore,bnpl_connect,success,,mobile,Firefox,227.03,1368
ses_0877,evt_005419,4,2026-09-14T08:35:48Z,authorization_requested,bnpl_atome,SGD,Singapore,bnpl_connect,submitted,,mobile,Firefox,227.03,684
ses_0877,evt_005420,5,2026-09-14T08:35:52Z,authorization_response,bnpl_atome,SGD,Singapore,bnpl_connect,success,,mobile,Firefox,227.03,1705
ses_0877,evt_005421,6,2026-09-14T08:35:55Z,payment_completed,bnpl_atome,SGD,Singapore,bnpl_connect,success,,mobile,Firefox,227.03,1119
ses_0878,evt_005422,1,2026-09-05T19:08:06Z,checkout_initiated,bank_transfer_local,SGD,Singapore,bank_rail,started,,mobile,Chrome,376.17,1470
ses_0878,evt_005423,2,2026-09-05T19:08:17Z,method_selected,bank_transfer_local,SGD,Singapore,bank_rail,success,,mobile,Chrome,376.17,977
ses_0878,evt_005424,3,2026-09-05T19:08:20Z,details_entered,bank_transfer_local,SGD,Singapore,bank_rail,success,,mobile,Chrome,376.17,733
ses_0878,evt_005425,4,2026-09-05T19:08:26Z,authorization_requested,bank_transfer_local,SGD,Singapore,bank_rail,submitted,,mobile,Chrome,376.17,185
ses_0878,evt_005426,5,2026-09-05T19:08:31Z,authorization_response,bank_transfer_local,SGD,Singapore,bank_rail,success,,mobile,Chrome,376.17,456
ses_0878,evt_005427,6,2026-09-05T19:08:41Z,payment_completed,bank_transfer_local,SGD,Singapore,bank_rail,success,,mobile,Chrome,376.17,960
ses_0879,evt_005428,1,2026-09-03T22:35:51Z,checkout_initiated,gcash,PHP,Philippines,wallet_hub,started,,desktop,Chrome,425.23,1007
ses_0879,evt_005429,2,2026-09-03T22:36:02Z,method_selected,gcash,PHP,Philippines,wallet_hub,success,,desktop,Chrome,425.23,230
ses_0879,evt_005430,3,2026-09-03T22:36:08Z,details_entered,gcash,PHP,Philippines,wallet_hub,success,,desktop,Chrome,425.23,380
ses_0879,evt_005431,4,2026-09-03T22:36:10Z,authorization_requested,gcash,PHP,Philippines,wallet_hub,submitted,,desktop,Chrome,425.23,960
ses_0879,evt_005432,5,2026-09-03T22:36:17Z,authorization_response,gcash,PHP,Philippines,wallet_hub,failed,fraud_suspected,desktop,Chrome,425.23,372
ses_0880,evt_005433,1,2026-09-09T22:35:58Z,checkout_initiated,gcash,PHP,Philippines,wallet_hub,started,,desktop,Safari,458.81,685
ses_0880,evt_005434,2,2026-09-09T22:36:08Z,method_selected,gcash,PHP,Philippines,wallet_hub,success,,desktop,Safari,458.81,968
ses_0880,evt_005435,3,2026-09-09T22:36:20Z,details_entered,gcash,PHP,Philippines,wallet_hub,success,,desktop,Safari,458.81,1678
ses_0880,evt_005436,4,2026-09-09T22:36:31Z,authorization_requested,gcash,PHP,Philippines,wallet_hub,submitted,,desktop,Safari,458.81,971
ses_0880,evt_005437,5,2026-09-09T22:36:34Z,authorization_response,gcash,PHP,Philippines,wallet_hub,success,,desktop,Safari,458.81,1392
ses_0880,evt_005438,6,2026-09-09T22:36:41Z,payment_completed,gcash,PHP,Philippines,wallet_hub,success,,desktop,Safari,458.81,1102
ses_0881,evt_005439,1,2026-09-07T02:55:12Z,checkout_initiated,card_visa,SGD,Singapore,gateway_beta,started,,desktop,Chrome,275.12,1327
ses_0881,evt_005440,2,2026-09-07T02:55:22Z,method_selected,card_visa,SGD,Singapore,gateway_beta,success,,desktop,Chrome,275.12,401
ses_0881,evt_005441,3,2026-09-07T02:55:33Z,details_entered,card_visa,SGD,Singapore,gateway_beta,success,,desktop,Chrome,275.12,185
ses_0881,evt_005442,4,2026-09-07T02:55:40Z,authorization_requested,card_visa,SGD,Singapore,gateway_beta,submitted,,desktop,Chrome,275.12,231
ses_0881,evt_005443,5,2026-09-07T02:55:49Z,3ds_redirect,card_visa,SGD,Singapore,gateway_beta,redirected,,desktop,Chrome,275.12,1223
ses_0881,evt_005444,6,2026-09-07T02:55:57Z,3ds_completed,card_visa,SGD,Singapore,gateway_beta,success,,desktop,Chrome,275.12,4737
ses_0881,evt_005445,7,2026-09-07T02:56:06Z,authorization_response,card_visa,SGD,Singapore,gateway_beta,failed,insufficient_funds,desktop,Chrome,275.12,1466
ses_0882,evt_005446,1,2026-09-03T15:06:42Z,checkout_initiated,gcash,PHP,Philippines,wallet_hub,started,,mobile,Chrome,215.56,1456
ses_0882,evt_005447,2,2026-09-03T15:06:49Z,method_selected,gcash,PHP,Philippines,wallet_hub,success,,mobile,Chrome,215.56,1495
ses_0882,evt_005448,3,2026-09-03T15:06:57Z,details_entered,gcash,PHP,Philippines,wallet_hub,success,,mobile,Chrome,215.56,987
ses_0882,evt_005449,4,2026-09-03T15:06:59Z,authorization_requested,gcash,PHP,Philippines,wallet_hub,abandoned,,mobile,Chrome,215.56,768
ses_0883,evt_005450,1,2026-09-01T11:40:23Z,checkout_initiated,bank_transfer_local,SGD,Singapore,bank_rail,started,,mobile,Chrome,346.90,638
ses_0883,evt_005451,2,2026-09-01T11:40:32Z,method_selected,bank_transfer_local,SGD,Singapore,bank_rail,success,,mobile,Chrome,346.90,1253
ses_0883,evt_005452,3,2026-09-01T11:40:39Z,details_entered,bank_transfer_local,SGD,Singapore,bank_rail,success,,mobile,Chrome,346.90,1685
ses_0883,evt_005453,4,2026-09-01T11:40:41Z,authorization_requested,bank_transfer_local,SGD,Singapore,bank_rail,submitted,,mobile,Chrome,346.90,1239
ses_0883,evt_005454,5,2026-09-01T11:40:45Z,authorization_response,bank_transfer_local,SGD,Singapore,bank_rail,pending,,mobile,Chrome,346.90,869
ses_0883,evt_005455,4,2026-09-01T11:40:41Z,authorization_requested,bank_transfer_local,SGD,Singapore,bank_rail,submitted,,mobile,Chrome,346.90,1239
ses_0884,evt_005456,1,2026-09-11T00:51:48Z,checkout_initiated,gcash,PHP,Philippines,wallet_hub,started,,mobile,Chrome,165.15,1230
ses_0884,evt_005457,2,2026-09-11T00:51:53Z,method_selected,gcash,PHP,Philippines,wallet_hub,success,,mobile,Chrome,165.15,337
ses_0884,evt_005458,3,2026-09-11T00:52:01Z,details_entered,gcash,PHP,Philippines,wallet_hub,success,,mobile,Chrome,165.15,476
ses_0884,evt_005459,4,2026-09-11T00:52:13Z,authorization_requested,gcash,PHP,Philippines,wallet_hub,submitted,,mobile,Chrome,165.15,1695
ses_0884,evt_005460,5,2026-09-11T00:52:18Z,authorization_response,gcash,PHP,Philippines,wallet_hub,failed,insufficient_funds,mobile,Chrome,165.15,1226
ses_0885,evt_005461,1,2026-09-10T14:35:59Z,checkout_initiated,bank_transfer_local,PHP,Philippines,bank_rail,started,,mobile,Safari,301.54,564
ses_0885,evt_005462,2,2026-09-10T14:36:05Z,method_selected,bank_transfer_local,PHP,Philippines,bank_rail,success,,mobile,Safari,301.54,707
ses_0885,evt_005463,3,2026-09-10T14:36:14Z,details_entered,bank_transfer_local,PHP,Philippines,bank_rail,success,,mobile,Safari,301.54,598
ses_0885,evt_005464,4,2026-09-10T14:36:20Z,authorization_requested,bank_transfer_local,PHP,Philippines,bank_rail,submitted,,mobile,Safari,301.54,844
ses_0885,evt_005465,5,2026-09-10T14:36:31Z,authorization_response,bank_transfer_local,PHP,Philippines,bank_rail,success,,mobile,Safari,301.54,580
ses_0885,evt_005466,6,2026-09-10T14:36:37Z,payment_completed,bank_transfer_local,PHP,Philippines,bank_rail,success,,mobile,Safari,301.54,1220
ses_0886,evt_005467,1,2026-09-09T13:10:47Z,checkout_initiated,card_mastercard,PHP,Philippines,gateway_alpha,started,,mobile,Chrome,190.42,1769
ses_0886,evt_005468,2,2026-09-09T13:10:55Z,method_selected,card_mastercard,PHP,Philippines,gateway_alpha,success,,mobile,Chrome,190.42,1187
ses_0886,evt_005469,3,2026-09-09T13:11:04Z,details_entered,card_mastercard,PHP,Philippines,gateway_alpha,success,,mobile,Chrome,190.42,577
ses_0886,evt_005470,4,2026-09-09T13:11:15Z,authorization_requested,card_mastercard,PHP,Philippines,gateway_alpha,submitted,,mobile,Chrome,190.42,1668
ses_0886,evt_005471,5,2026-09-09T13:11:22Z,authorization_response,card_mastercard,PHP,Philippines,gateway_alpha,success,,mobile,Chrome,190.42,786
ses_0886,evt_005472,6,2026-09-09T13:11:30Z,payment_completed,card_mastercard,PHP,Philippines,gateway_alpha,success,,mobile,Chrome,190.42,1307
ses_0887,evt_005473,1,2026-09-11T15:20:39Z,checkout_initiated,gcash,USD,Cross-border,wallet_hub,started,,desktop,Safari,244.44,943
ses_0887,evt_005474,2,2026-09-11T15:20:45Z,method_selected,gcash,USD,Cross-border,wallet_hub,success,,desktop,Safari,244.44,321
ses_0887,evt_005475,3,2026-09-11T15:20:50Z,details_entered,gcash,USD,Cross-border,wallet_hub,success,,desktop,Safari,244.44,232
ses_0887,evt_005476,4,2026-09-11T15:21:00Z,authorization_requested,gcash,USD,Cross-border,wallet_hub,submitted,,desktop,Safari,244.44,1050
ses_0887,evt_005477,5,2026-09-11T15:21:12Z,authorization_response,gcash,USD,Cross-border,wallet_hub,success,,desktop,Safari,244.44,1545
ses_0887,evt_005478,6,2026-09-11T15:21:21Z,payment_completed,gcash,USD,Cross-border,wallet_hub,success,,desktop,Safari,244.44,235
ses_0888,evt_005479,1,2026-09-04T03:50:51Z,checkout_initiated,card_visa,KES,Kenya,gateway_alpha,started,,desktop,Chrome,170.60,910
ses_0888,evt_005480,2,2026-09-04T03:50:54Z,method_selected,card_visa,KES,Kenya,gateway_alpha,success,,desktop,Chrome,170.60,816
ses_0888,evt_005481,3,2026-09-04T03:51:03Z,details_entered,card_visa,KES,Kenya,gateway_alpha,success,,desktop,Chrome,170.60,1158
ses_0888,evt_005482,4,2026-09-04T03:51:13Z,authorization_requested,card_visa,KES,Kenya,gateway_alpha,submitted,,desktop,Chrome,170.60,1270
ses_0888,evt_005483,5,2026-09-04T03:51:25Z,3ds_redirect,card_visa,KES,Kenya,gateway_alpha,redirected,,desktop,Chrome,170.60,1698
ses_0888,evt_005484,6,2026-09-04T03:51:37Z,3ds_completed,card_visa,KES,Kenya,gateway_alpha,success,,desktop,Chrome,170.60,3008
ses_0888,evt_005485,7,2026-09-04T03:51:43Z,authorization_response,card_visa,KES,Kenya,gateway_alpha,success,,desktop,Chrome,170.60,698
ses_0888,evt_005486,8,2026-09-04T03:51:54Z,payment_completed,card_visa,KES,Kenya,gateway_alpha,success,,desktop,Chrome,170.60,298
ses_0889,evt_005487,1,2026-09-03T09:10:39Z,checkout_initiated,bnpl_atome,PHP,Philippines,bnpl_connect,started,,desktop,Chrome,270.18,878
ses_0889,evt_005488,2,2026-09-03T09:10:48Z,method_selected,bnpl_atome,PHP,Philippines,bnpl_connect,success,,desktop,Chrome,270.18,1027
ses_0889,evt_005489,3,2026-09-03T09:10:56Z,details_entered,bnpl_atome,PHP,Philippines,bnpl_connect,success,,desktop,Chrome,270.18,1740
ses_0889,evt_005490,4,2026-09-03T09:11:07Z,authorization_requested,bnpl_atome,PHP,Philippines,bnpl_connect,submitted,,desktop,Chrome,270.18,658
ses_0889,evt_005491,5,2026-09-03T09:11:18Z,authorization_response,bnpl_atome,PHP,Philippines,bnpl_connect,failed,fraud_suspected,desktop,Chrome,270.18,369
ses_0890,evt_005492,1,2026-09-08T12:16:46Z,checkout_initiated,card_mastercard,KES,Kenya,gateway_alpha,started,,desktop,Safari,298.39,893
ses_0890,evt_005493,2,2026-09-08T12:16:50Z,method_selected,card_mastercard,KES,Kenya,gateway_alpha,success,,desktop,Safari,298.39,920
ses_0890,evt_005494,3,2026-09-08T12:16:54Z,details_entered,card_mastercard,KES,Kenya,gateway_alpha,success,,desktop,Safari,298.39,555
ses_0890,evt_005495,4,2026-09-08T12:17:04Z,authorization_requested,card_mastercard,KES,Kenya,gateway_alpha,submitted,,desktop,Safari,298.39,346
ses_0890,evt_005496,5,2026-09-08T12:17:10Z,3ds_redirect,card_mastercard,KES,Kenya,gateway_alpha,redirected,,desktop,Safari,298.39,2134
ses_0890,evt_005497,6,2026-09-08T12:17:19Z,3ds_completed,card_mastercard,KES,Kenya,gateway_alpha,success,,desktop,Safari,298.39,2852
ses_0890,evt_005498,7,2026-09-08T12:17:29Z,authorization_response,card_mastercard,KES,Kenya,gateway_alpha,success,,desktop,Safari,298.39,737
ses_0890,evt_005499,8,2026-09-08T12:17:39Z,payment_completed,card_mastercard,KES,Kenya,gateway_alpha,success,,desktop,Safari,298.39,428
ses_0891,evt_005500,1,2026-09-13T10:45:58Z,checkout_initiated,gcash,PHP,Philippines,wallet_hub,started,,desktop,Chrome,41.35,1655
ses_0891,evt_005501,2,2026-09-13T10:46:04Z,method_selected,gcash,PHP,Philippines,wallet_hub,success,,desktop,Chrome,41.35,1084
ses_0891,evt_005502,3,2026-09-13T10:46:14Z,details_entered,gcash,PHP,Philippines,wallet_hub,success,,desktop,Chrome,41.35,1539
ses_0891,evt_005503,4,2026-09-13T10:46:24Z,authorization_requested,gcash,PHP,Philippines,wallet_hub,abandoned,,desktop,Chrome,41.35,514
ses_0892,evt_005504,1,2026-09-02T03:27:19Z,checkout_initiated,card_visa,PHP,Philippines,gateway_beta,started,,desktop,Safari,272.02,183
ses_0892,evt_005505,2,2026-09-02T03:27:25Z,method_selected,card_visa,PHP,Philippines,gateway_beta,success,,desktop,Safari,272.02,908
ses_0892,evt_005506,3,2026-09-02T03:27:35Z,details_entered,card_visa,PHP,Philippines,gateway_beta,success,,desktop,Safari,272.02,1591
ses_0892,evt_005507,4,2026-09-02T03:27:43Z,authorization_requested,card_visa,PHP,Philippines,gateway_beta,submitted,,desktop,Safari,272.02,1668
ses_0892,evt_005508,5,2026-09-02T03:27:50Z,3ds_redirect,card_visa,PHP,Philippines,gateway_beta,redirected,,desktop,Safari,272.02,4416
ses_0892,evt_005509,6,2026-09-02T03:27:53Z,3ds_completed,card_visa,PHP,Philippines,gateway_beta,success,,desktop,Safari,272.02,1780
ses_0892,evt_005510,7,2026-09-02T03:28:00Z,authorization_response,card_visa,PHP,Philippines,gateway_beta,success,,desktop,Safari,272.02,1260
ses_0892,evt_005511,8,2026-09-02T03:28:07Z,payment_completed,card_visa,PHP,Philippines,gateway_beta,success,,desktop,Safari,272.02,872
ses_0893,evt_005512,1,2026-09-12T01:53:16Z,checkout_initiated,card_mastercard,PHP,Philippines,gateway_alpha,started,,mobile,Chrome,130.91,1081
ses_0893,evt_005513,2,2026-09-12T01:53:25Z,method_selected,card_mastercard,PHP,Philippines,gateway_alpha,success,,mobile,Chrome,130.91,1724
ses_0893,evt_005514,3,2026-09-12T01:53:32Z,details_entered,card_mastercard,PHP,Philippines,gateway_alpha,success,,mobile,Chrome,130.91,577
ses_0893,evt_005515,4,2026-09-12T01:53:34Z,authorization_requested,card_mastercard,PHP,Philippines,gateway_alpha,submitted,,mobile,Chrome,130.91,776
ses_0893,evt_005516,5,2026-09-12T01:53:42Z,3ds_redirect,card_mastercard,PHP,Philippines,gateway_alpha,redirected,,mobile,Chrome,130.91,2175
ses_0893,evt_005517,6,2026-09-12T01:53:54Z,3ds_completed,card_mastercard,PHP,Philippines,gateway_alpha,success,,mobile,Chrome,130.91,4418
ses_0893,evt_005518,7,2026-09-12T01:54:01Z,authorization_response,card_mastercard,PHP,Philippines,gateway_alpha,success,,mobile,Chrome,130.91,1194
ses_0893,evt_005519,8,2026-09-12T01:54:08Z,payment_completed,card_mastercard,PHP,Philippines,gateway_alpha,success,,mobile,Chrome,130.91,1215
ses_0894,evt_005520,1,2026-09-05T09:17:28Z,checkout_initiated,card_mastercard,USD,Cross-border,gateway_alpha,started,,desktop,Chrome,45.71,639
ses_0894,evt_005521,2,2026-09-05T09:17:31Z,method_selected,card_mastercard,USD,Cross-border,gateway_alpha,success,,desktop,Chrome,45.71,711
ses_0894,evt_005522,3,2026-09-05T09:17:37Z,details_entered,card_mastercard,USD,Cross-border,gateway_alpha,success,,desktop,Chrome,45.71,1546
ses_0894,evt_005523,4,2026-09-05T09:17:40Z,authorization_requested,card_mastercard,USD,Cross-border,gateway_alpha,submitted,,desktop,Chrome,45.71,1084
ses_0894,evt_005524,5,2026-09-05T09:17:51Z,3ds_redirect,card_mastercard,USD,Cross-border,gateway_alpha,redirected,,desktop,Chrome,45.71,1934
ses_0894,evt_005525,6,2026-09-05T09:18:00Z,3ds_completed,card_mastercard,USD,Cross-border,gateway_alpha,success,,desktop,Chrome,45.71,2284
ses_0894,evt_005526,7,2026-09-05T09:18:06Z,authorization_response,card_mastercard,USD,Cross-border,gateway_alpha,failed,fraud_suspected,desktop,Chrome,45.71,356
ses_0895,evt_005527,1,2026-09-10T15:49:05Z,checkout_initiated,card_visa,SGD,Singapore,gateway_alpha,started,,desktop,Chrome,338.96,1797
ses_0895,evt_005528,2,2026-09-10T15:49:12Z,method_selected,card_visa,SGD,Singapore,gateway_alpha,success,,desktop,Chrome,338.96,209
ses_0895,evt_005529,3,2026-09-10T15:49:14Z,details_entered,card_visa,SGD,Singapore,gateway_alpha,success,,desktop,Chrome,338.96,541
ses_0895,evt_005530,4,2026-09-10T15:49:20Z,authorization_requested,card_visa,SGD,Singapore,gateway_alpha,submitted,,desktop,Chrome,338.96,285
ses_0895,evt_005531,5,2026-09-10T15:49:24Z,3ds_redirect,card_visa,SGD,Singapore,gateway_alpha,redirected,,desktop,Chrome,338.96,1557
ses_0895,evt_005532,6,2026-09-10T15:49:32Z,3ds_completed,card_visa,SGD,Singapore,gateway_alpha,success,,desktop,Chrome,338.96,2969
ses_0895,evt_005533,7,2026-09-10T15:49:38Z,authorization_response,card_visa,SGD,Singapore,gateway_alpha,success,,desktop,Chrome,338.96,705
ses_0895,evt_005534,8,2026-09-10T15:49:45Z,payment_completed,card_visa,SGD,Singapore,gateway_alpha,success,,desktop,Chrome,338.96,1377
ses_0896,evt_005535,1,2026-09-05T02:26:53Z,checkout_initiated,gcash,PHP,Philippines,wallet_hub,started,,mobile,Firefox,307.36,775
ses_0896,evt_005536,2,2026-09-05T02:27:01Z,method_selected,gcash,PHP,Philippines,wallet_hub,success,,mobile,Firefox,307.36,234
ses_0896,evt_005537,3,2026-09-05T02:27:06Z,details_entered,gcash,PHP,Philippines,wallet_hub,success,,mobile,Firefox,307.36,602
ses_0896,evt_005538,4,2026-09-05T02:27:12Z,authorization_requested,gcash,PHP,Philippines,wallet_hub,submitted,,mobile,Firefox,307.36,1577
ses_0896,evt_005539,5,2026-09-05T02:27:22Z,authorization_response,gcash,PHP,Philippines,wallet_hub,failed,fraud_suspected,mobile,Firefox,307.36,1794
ses_0897,evt_005540,1,2026-09-06T01:02:56Z,checkout_initiated,card_visa,PHP,Philippines,gateway_alpha,started,,desktop,Chrome,260.45,1797
ses_0897,evt_005541,2,2026-09-06T01:03:01Z,method_selected,card_visa,PHP,Philippines,gateway_alpha,success,,desktop,Chrome,260.45,872
ses_0897,evt_005542,3,2026-09-06T01:03:13Z,details_entered,card_visa,PHP,Philippines,gateway_alpha,success,,desktop,Chrome,260.45,1714
ses_0897,evt_005543,4,2026-09-06T01:03:24Z,authorization_requested,card_visa,PHP,Philippines,gateway_alpha,submitted,,desktop,Chrome,260.45,1728
ses_0897,evt_005544,5,2026-09-06T01:03:29Z,3ds_redirect,card_visa,PHP,Philippines,gateway_alpha,redirected,,desktop,Chrome,260.45,1317
ses_0897,evt_005545,6,2026-09-06T01:03:35Z,3ds_completed,card_visa,PHP,Philippines,gateway_alpha,success,,desktop,Chrome,260.45,2147
ses_0897,evt_005546,7,2026-09-06T01:03:41Z,authorization_response,card_visa,PHP,Philippines,gateway_alpha,success,,desktop,Chrome,260.45,1514
ses_0897,evt_005547,8,2026-09-06T01:03:48Z,payment_completed,card_visa,PHP,Philippines,gateway_alpha,success,,desktop,Chrome,260.45,1682
ses_0898,evt_005548,1,2026-09-11T20:14:38Z,checkout_initiated,mpesa,USD,Cross-border,wallet_hub,started,,mobile,Firefox,95.28,1058
ses_0898,evt_005549,2,2026-09-11T20:14:48Z,method_selected,mpesa,USD,Cross-border,wallet_hub,success,,mobile,Firefox,95.28,238
ses_0898,evt_005550,3,2026-09-11T20:14:56Z,details_entered,mpesa,USD,Cross-border,wallet_hub,success,,mobile,Firefox,95.28,350
ses_0898,evt_005551,4,2026-09-11T20:15:00Z,authorization_requested,mpesa,USD,Cross-border,wallet_hub,submitted,,mobile,Firefox,95.28,1557
ses_0898,evt_005552,5,2026-09-11T20:15:10Z,authorization_response,mpesa,USD,Cross-border,wallet_hub,success,,mobile,Firefox,95.28,1149
ses_0898,evt_005553,6,2026-09-11T20:15:14Z,payment_completed,mpesa,USD,Cross-border,wallet_hub,success,,mobile,Firefox,95.28,883
ses_0899,evt_005554,1,2026-09-13T04:52:37Z,checkout_initiated,card_visa,PHP,Philippines,gateway_alpha,started,,mobile,Chrome,252.80,1389
ses_0899,evt_005555,2,2026-09-13T04:52:43Z,method_selected,card_visa,PHP,Philippines,gateway_alpha,success,,mobile,Chrome,252.80,1781
ses_0899,evt_005556,3,2026-09-13T04:52:52Z,details_entered,card_visa,PHP,Philippines,gateway_alpha,success,,mobile,Chrome,252.80,833
ses_0899,evt_005557,4,2026-09-13T04:53:02Z,authorization_requested,card_visa,PHP,Philippines,gateway_alpha,submitted,,mobile,Chrome,252.80,1524
ses_0899,evt_005558,5,2026-09-13T04:53:10Z,3ds_redirect,card_visa,PHP,Philippines,gateway_alpha,redirected,,mobile,Chrome,252.80,4897
ses_0899,evt_005559,6,2026-09-13T04:53:18Z,3ds_completed,card_visa,PHP,Philippines,gateway_alpha,success,,mobile,Chrome,252.80,2714
ses_0899,evt_005560,7,2026-09-13T04:53:21Z,authorization_response,card_visa,PHP,Philippines,gateway_alpha,failed,invalid_card,mobile,Chrome,252.80,368
ses_0900,evt_005561,1,2026-09-02T16:44:27Z,checkout_initiated,card_visa,USD,Cross-border,gateway_alpha,started,,mobile,Safari,169.22,1699
ses_0900,evt_005562,2,2026-09-02T16:44:37Z,method_selected,card_visa,USD,Cross-border,gateway_alpha,success,,mobile,Safari,169.22,795
ses_0900,evt_005563,3,2026-09-02T16:44:45Z,details_entered,card_visa,USD,Cross-border,gateway_alpha,success,,mobile,Safari,169.22,867
ses_0900,evt_005564,4,2026-09-02T16:44:50Z,authorization_requested,card_visa,USD,Cross-border,gateway_alpha,submitted,,mobile,Safari,169.22,484
ses_0900,evt_005565,5,2026-09-02T16:45:00Z,3ds_redirect,card_visa,USD,Cross-border,gateway_alpha,redirected,,mobile,Safari,169.22,4200
ses_0900,evt_005566,6,2026-09-02T16:45:10Z,3ds_completed,card_visa,USD,Cross-border,gateway_alpha,success,,mobile,Safari,169.22,2131
ses_0900,evt_005567,7,2026-09-02T16:45:15Z,authorization_response,card_visa,USD,Cross-border,gateway_alpha,success,,mobile,Safari,169.22,495
ses_0900,evt_005568,8,2026-09-02T16:45:20Z,payment_completed,card_visa,USD,Cross-border,gateway_alpha,success,,mobile,Safari,169.22,496
ses_0901,evt_005569,1,2026-09-09T19:34:20Z,checkout_initiated,gcash,PHP,Philippines,wallet_hub,started,,mobile,Edge,329.36,368
ses_0901,evt_005570,2,2026-09-09T19:34:26Z,method_selected,gcash,PHP,Philippines,wallet_hub,success,,mobile,Edge,329.36,403
ses_0901,evt_005571,3,2026-09-09T19:34:33Z,details_entered,gcash,PHP,Philippines,wallet_hub,success,,mobile,Edge,329.36,1208
ses_0901,evt_005572,4,2026-09-09T19:34:40Z,authorization_requested,gcash,PHP,Philippines,wallet_hub,submitted,,mobile,Edge,329.36,1626
ses_0901,evt_005573,5,2026-09-09T19:34:46Z,authorization_response,gcash,PHP,Philippines,wallet_hub,success,,mobile,Edge,329.36,851
ses_0901,evt_005574,6,2026-09-09T19:34:56Z,payment_completed,gcash,PHP,Philippines,wallet_hub,success,,mobile,Edge,329.36,1312
ses_0902,evt_005575,1,2026-09-06T22:27:13Z,checkout_initiated,bank_transfer_local,USD,Cross-border,bank_rail,started,,mobile,Chrome,115.74,1366
ses_0902,evt_005576,2,2026-09-06T22:27:20Z,method_selected,bank_transfer_local,USD,Cross-border,bank_rail,success,,mobile,Chrome,115.74,1222
ses_0902,evt_005577,3,2026-09-06T22:27:25Z,details_entered,bank_transfer_local,USD,Cross-border,bank_rail,success,,mobile,Chrome,115.74,1025
ses_0902,evt_005578,4,2026-09-06T22:27:29Z,authorization_requested,bank_transfer_local,USD,Cross-border,bank_rail,submitted,,mobile,Chrome,115.74,613
ses_0902,evt_005579,5,2026-09-06T22:27:36Z,authorization_response,bank_transfer_local,USD,Cross-border,bank_rail,success,,mobile,Chrome,115.74,750
ses_0902,evt_005580,6,2026-09-06T22:27:38Z,payment_completed,bank_transfer_local,USD,Cross-border,bank_rail,success,,mobile,Chrome,115.74,1163
ses_0903,evt_005581,1,2026-09-14T17:19:17Z,checkout_initiated,card_visa,PHP,Philippines,gateway_alpha,started,,desktop,Chrome,454.03,1431
ses_0903,evt_005582,2,2026-09-14T17:19:23Z,method_selected,card_visa,PHP,Philippines,gateway_alpha,success,,desktop,Chrome,454.03,697
ses_0903,evt_005583,3,2026-09-14T17:19:31Z,details_entered,card_visa,PHP,Philippines,gateway_alpha,success,,desktop,Chrome,454.03,1042
ses_0903,evt_005584,4,2026-09-14T17:19:34Z,authorization_requested,card_visa,PHP,Philippines,gateway_alpha,submitted,,desktop,Chrome,454.03,799
ses_0903,evt_005585,5,2026-09-14T17:19:44Z,3ds_redirect,card_visa,PHP,Philippines,gateway_alpha,redirected,,desktop,Chrome,454.03,2650
ses_0903,evt_005586,6,2026-09-14T17:19:49Z,3ds_completed,card_visa,PHP,Philippines,gateway_alpha,success,,desktop,Chrome,454.03,4121
ses_0903,evt_005587,7,2026-09-14T17:19:57Z,authorization_response,card_visa,PHP,Philippines,gateway_alpha,success,,desktop,Chrome,454.03,1082
ses_0903,evt_005588,8,2026-09-14T17:20:04Z,payment_completed,card_visa,PHP,Philippines,gateway_alpha,success,,desktop,Chrome,454.03,508
ses_0904,evt_005589,1,2026-09-10T13:55:18Z,checkout_initiated,card_visa,PHP,Philippines,gateway_alpha,started,,desktop,Chrome,10.44,1110
ses_0904,evt_005590,2,2026-09-10T13:55:21Z,method_selected,card_visa,PHP,Philippines,gateway_alpha,success,,desktop,Chrome,10.44,198
ses_0904,evt_005591,3,2026-09-10T13:55:23Z,details_entered,card_visa,PHP,Philippines,gateway_alpha,success,,desktop,Chrome,10.44,533
ses_0904,evt_005592,4,2026-09-10T13:55:25Z,authorization_requested,card_visa,PHP,Philippines,gateway_alpha,submitted,,desktop,Chrome,10.44,226
ses_0904,evt_005593,5,2026-09-10T13:55:32Z,3ds_redirect,card_visa,PHP,Philippines,gateway_alpha,redirected,,desktop,Chrome,10.44,2736
ses_0904,evt_005594,6,2026-09-10T13:55:42Z,3ds_completed,card_visa,PHP,Philippines,gateway_alpha,success,,desktop,Chrome,10.44,3210
ses_0904,evt_005595,7,2026-09-10T13:55:52Z,authorization_response,card_visa,PHP,Philippines,gateway_alpha,success,,desktop,Chrome,10.44,1031
ses_0904,evt_005596,8,2026-09-10T13:56:00Z,payment_completed,card_visa,PHP,Philippines,gateway_alpha,success,,desktop,Chrome,10.44,1288
ses_0905,evt_005597,1,2026-09-08T17:55:21Z,checkout_initiated,card_visa,PHP,Philippines,gateway_beta,started,,desktop,Safari,136.81,1333
ses_0905,evt_005598,2,2026-09-08T17:55:32Z,method_selected,card_visa,PHP,Philippines,gateway_beta,success,,desktop,Safari,136.81,999
ses_0905,evt_005599,3,2026-09-08T17:55:42Z,details_entered,card_visa,PHP,Philippines,gateway_beta,success,,desktop,Safari,136.81,490
ses_0905,evt_005600,4,2026-09-08T17:55:44Z,authorization_requested,card_visa,PHP,Philippines,gateway_beta,submitted,,desktop,Safari,136.81,1215
ses_0905,evt_005601,5,2026-09-08T17:55:55Z,3ds_redirect,card_visa,PHP,Philippines,gateway_beta,redirected,,desktop,Safari,136.81,5159
ses_0905,evt_005602,6,2026-09-08T17:56:04Z,3ds_completed,card_visa,PHP,Philippines,gateway_beta,success,,desktop,Safari,136.81,2500
ses_0905,evt_005603,7,2026-09-08T17:56:13Z,authorization_response,card_visa,PHP,Philippines,gateway_beta,success,,desktop,Safari,136.81,369
ses_0905,evt_005604,8,2026-09-08T17:56:18Z,payment_completed,card_visa,PHP,Philippines,gateway_beta,success,,desktop,Safari,136.81,486
ses_0906,evt_005605,1,2026-09-06T22:06:07Z,checkout_initiated,card_mastercard,SGD,Singapore,gateway_alpha,started,,mobile,Safari,178.16,1033
ses_0906,evt_005606,2,2026-09-06T22:06:16Z,method_selected,card_mastercard,SGD,Singapore,gateway_alpha,success,,mobile,Safari,178.16,1229
ses_0906,evt_005607,3,2026-09-06T22:06:25Z,details_entered,card_mastercard,SGD,Singapore,gateway_alpha,abandoned,,mobile,Safari,178.16,1047
ses_0907,evt_005608,1,2026-09-06T01:51:19Z,checkout_initiated,card_mastercard,PHP,Philippines,gateway_beta,started,,desktop,Chrome,145.24,667
ses_0907,evt_005609,2,2026-09-06T01:51:28Z,method_selected,card_mastercard,PHP,Philippines,gateway_beta,success,,desktop,Chrome,145.24,1757
ses_0907,evt_005610,3,2026-09-06T01:51:33Z,details_entered,card_mastercard,PHP,Philippines,gateway_beta,success,,desktop,Chrome,145.24,619
ses_0907,evt_005611,4,2026-09-06T01:51:45Z,authorization_requested,card_mastercard,PHP,Philippines,gateway_beta,submitted,,desktop,Chrome,145.24,1609
ses_0907,evt_005612,5,2026-09-06T01:52:03Z,authorization_response,card_mastercard,PHP,Philippines,gateway_beta,failed,timeout,desktop,Chrome,145.24,10577
ses_0908,evt_005613,1,2026-09-06T12:49:01Z,checkout_initiated,bank_transfer_local,KES,Kenya,bank_rail,started,,desktop,Chrome,354.60,1053
ses_0908,evt_005614,2,2026-09-06T12:49:03Z,method_selected,bank_transfer_local,KES,Kenya,bank_rail,success,,desktop,Chrome,354.60,812
ses_0908,evt_005615,3,2026-09-06T12:49:14Z,details_entered,bank_transfer_local,KES,Kenya,bank_rail,success,,desktop,Chrome,354.60,749
ses_0908,evt_005616,4,2026-09-06T12:49:22Z,authorization_requested,bank_transfer_local,KES,Kenya,bank_rail,submitted,,desktop,Chrome,354.60,1314
ses_0908,evt_005617,5,2026-09-06T12:49:31Z,authorization_response,bank_transfer_local,KES,Kenya,bank_rail,pending,,desktop,Chrome,354.60,1240
ses_0909,evt_005618,1,2026-09-08T20:15:39Z,checkout_initiated,card_visa,PHP,Philippines,gateway_alpha,started,,mobile,Chrome,172.35,821
ses_0909,evt_005619,2,2026-09-08T20:15:44Z,method_selected,card_visa,PHP,Philippines,gateway_alpha,success,,mobile,Chrome,172.35,195
ses_0909,evt_005620,3,2026-09-08T20:36:02Z,details_entered,card_visa,PHP,Philippines,gateway_alpha,success,,mobile,Chrome,172.35,1343
ses_0909,evt_005621,4,2026-09-08T20:36:11Z,authorization_requested,card_visa,PHP,Philippines,gateway_alpha,submitted,,mobile,Chrome,172.35,1493
ses_0909,evt_005622,5,2026-09-08T20:36:28Z,3ds_redirect,card_visa,PHP,Philippines,gateway_alpha,redirected,,mobile,Chrome,172.35,9606
ses_0909,evt_005623,6,2026-09-08T20:36:44Z,3ds_completed,card_visa,PHP,Philippines,gateway_alpha,abandoned,3ds_abandoned,mobile,Chrome,172.35,7415
ses_0910,evt_005624,1,2026-09-14T06:42:00Z,checkout_initiated,card_visa,KES,Kenya,gateway_beta,started,,mobile,Safari,259.76,1371
ses_0910,evt_005625,2,2026-09-14T06:42:07Z,method_selected,card_visa,KES,Kenya,gateway_beta,success,,mobile,Safari,259.76,253
ses_0910,evt_005626,3,2026-09-14T06:42:13Z,details_entered,card_visa,KES,Kenya,gateway_beta,success,,mobile,Safari,259.76,319
ses_0910,evt_005627,4,2026-09-14T06:42:19Z,authorization_requested,card_visa,KES,Kenya,gateway_beta,submitted,,mobile,Safari,259.76,503
ses_0910,evt_005628,5,2026-09-14T06:42:25Z,authorization_response,card_visa,KES,Kenya,gateway_beta,failed,fraud_suspected,mobile,Safari,259.76,398
ses_0911,evt_005629,1,2026-09-06T10:35:47Z,checkout_initiated,mpesa,USD,Cross-border,wallet_hub,started,,mobile,Firefox,162.44,1000
ses_0911,evt_005630,2,2026-09-06T10:35:49Z,method_selected,mpesa,USD,Cross-border,wallet_hub,success,,mobile,Firefox,162.44,900
ses_0911,evt_005631,3,2026-09-06T10:35:51Z,details_entered,mpesa,USD,Cross-border,wallet_hub,success,,mobile,Firefox,162.44,727
ses_0911,evt_005632,4,2026-09-06T10:36:00Z,authorization_requested,mpesa,USD,Cross-border,wallet_hub,submitted,,mobile,Firefox,162.44,890
ses_0911,evt_005633,5,2026-09-06T10:36:06Z,authorization_response,mpesa,USD,Cross-border,wallet_hub,failed,insufficient_funds,mobile,Firefox,162.44,1368
ses_0912,evt_005634,1,2026-09-06T09:46:23Z,checkout_initiated,card_visa,PHP,Philippines,gateway_alpha,started,,mobile,Safari,302.66,1098
ses_0912,evt_005635,2,2026-09-06T09:46:31Z,method_selected,card_visa,PHP,Philippines,gateway_alpha,success,,mobile,Safari,302.66,1011
ses_0912,evt_005636,3,2026-09-06T09:46:35Z,details_entered,card_visa,PHP,Philippines,gateway_alpha,abandoned,,mobile,Safari,302.66,1342
ses_0913,evt_005637,1,2026-09-14T07:13:49Z,checkout_initiated,mpesa,KES,Kenya,wallet_hub,started,,mobile,Safari,9.51,1680
ses_0913,evt_005638,2,2026-09-14T07:13:57Z,method_selected,mpesa,KES,Kenya,wallet_hub,success,,mobile,Safari,9.51,372
ses_0913,evt_005639,3,2026-09-14T07:14:00Z,details_entered,mpesa,KES,Kenya,wallet_hub,abandoned,,mobile,Safari,9.51,1165
ses_0913,evt_005640,2,2026-09-14T07:13:57Z,method_selected,mpesa,KES,Kenya,wallet_hub,success,,mobile,Safari,9.51,372
ses_0914,evt_005641,1,2026-09-02T17:05:10Z,checkout_initiated,bank_transfer_local,SGD,Singapore,bank_rail,started,,desktop,Chrome,66.34,1592
ses_0914,evt_005642,2,2026-09-02T17:05:20Z,method_selected,bank_transfer_local,SGD,Singapore,bank_rail,success,,desktop,Chrome,66.34,1775
ses_0914,evt_005643,3,2026-09-02T17:05:23Z,details_entered,bank_transfer_local,SGD,Singapore,bank_rail,success,,desktop,Chrome,66.34,1651
ses_0914,evt_005644,4,2026-09-02T17:05:30Z,authorization_requested,bank_transfer_local,SGD,Singapore,bank_rail,submitted,,desktop,Chrome,66.34,1112
ses_0914,evt_005645,5,2026-09-02T17:05:41Z,authorization_response,bank_transfer_local,SGD,Singapore,bank_rail,pending,,desktop,Chrome,66.34,222
ses_0915,evt_005646,1,2026-09-07T10:01:00Z,checkout_initiated,gcash,PHP,Philippines,wallet_hub,started,,desktop,Safari,210.02,1222
ses_0915,evt_005647,2,2026-09-07T10:01:07Z,method_selected,gcash,PHP,Philippines,wallet_hub,success,,desktop,Safari,210.02,1741
ses_0915,evt_005648,3,2026-09-07T10:01:12Z,details_entered,gcash,PHP,Philippines,wallet_hub,success,,desktop,Safari,210.02,379
ses_0915,evt_005649,4,2026-09-07T10:01:20Z,authorization_requested,gcash,PHP,Philippines,wallet_hub,submitted,,desktop,Safari,210.02,1009
ses_0915,evt_005650,5,2026-09-07T10:01:24Z,authorization_response,gcash,PHP,Philippines,wallet_hub,failed,invalid_card,desktop,Safari,210.02,1546
ses_0916,evt_005651,1,2026-09-01T07:29:47Z,checkout_initiated,card_visa,KES,Kenya,gateway_beta,started,,mobile,Safari,297.38,1344
ses_0916,evt_005652,2,2026-09-01T07:29:55Z,method_selected,card_visa,KES,Kenya,gateway_beta,success,,mobile,Safari,297.38,1084
ses_0916,evt_005653,3,2026-09-01T07:30:03Z,details_entered,card_visa,KES,Kenya,gateway_beta,success,,mobile,Safari,297.38,554
ses_0916,evt_005654,4,2026-09-01T07:30:09Z,authorization_requested,card_visa,KES,Kenya,gateway_beta,submitted,,mobile,Safari,297.38,1419
ses_0916,evt_005655,5,2026-09-01T07:30:23Z,3ds_redirect,card_visa,KES,Kenya,gateway_beta,redirected,,mobile,Safari,297.38,9851
ses_0916,evt_005656,6,2026-09-01T07:30:40Z,3ds_completed,card_visa,KES,Kenya,gateway_beta,abandoned,3ds_abandoned,mobile,Safari,297.38,13347
ses_0917,evt_005657,1,2026-09-07T11:26:02Z,checkout_initiated,card_visa,KES,Kenya,gateway_alpha,started,,desktop,Chrome,209.46,1015
ses_0917,evt_005658,2,2026-09-07T11:26:09Z,method_selected,card_visa,KES,Kenya,gateway_alpha,success,,desktop,Chrome,209.46,391
ses_0917,evt_005659,3,2026-09-07T11:26:14Z,details_entered,card_visa,KES,Kenya,gateway_alpha,success,,desktop,Chrome,209.46,312
ses_0917,evt_005660,4,2026-09-07T11:26:23Z,authorization_requested,card_visa,KES,Kenya,gateway_alpha,submitted,,desktop,Chrome,209.46,1264
ses_0917,evt_005661,5,2026-09-07T11:26:25Z,authorization_response,card_visa,KES,Kenya,gateway_alpha,success,,desktop,Chrome,209.46,842
ses_0917,evt_005662,6,2026-09-07T11:26:31Z,payment_completed,card_visa,KES,Kenya,gateway_alpha,success,,desktop,Chrome,209.46,925
ses_0918,evt_005663,1,2026-09-03T01:35:22Z,checkout_initiated,mpesa,KES,Kenya,wallet_hub,started,,mobile,Safari,13.90,906
ses_0918,evt_005664,2,2026-09-03T01:35:26Z,method_selected,mpesa,KES,Kenya,wallet_hub,success,,mobile,Safari,13.90,1195
ses_0918,evt_005665,3,2026-09-03T01:35:33Z,details_entered,mpesa,KES,Kenya,wallet_hub,abandoned,,mobile,Safari,13.90,732
ses_0919,evt_005666,1,2026-09-07T07:03:46Z,checkout_initiated,card_mastercard,KES,Kenya,gateway_alpha,started,,desktop,Chrome,465.12,1786
ses_0919,evt_005667,2,2026-09-07T07:03:54Z,method_selected,card_mastercard,KES,Kenya,gateway_alpha,success,,desktop,Chrome,465.12,1787
ses_0919,evt_005668,3,2026-09-07T07:04:02Z,details_entered,card_mastercard,KES,Kenya,gateway_alpha,success,,desktop,Chrome,465.12,325
ses_0919,evt_005669,4,2026-09-07T07:04:11Z,authorization_requested,card_mastercard,KES,Kenya,gateway_alpha,submitted,,desktop,Chrome,465.12,1006
ses_0919,evt_005670,5,2026-09-07T07:04:17Z,authorization_response,card_mastercard,KES,Kenya,gateway_alpha,failed,fraud_suspected,desktop,Chrome,465.12,196
ses_0920,evt_005671,1,2026-09-04T16:24:57Z,checkout_initiated,card_mastercard,USD,Cross-border,gateway_alpha,started,,desktop,Firefox,206.75,1413
ses_0920,evt_005672,2,2026-09-04T16:25:03Z,method_selected,card_mastercard,USD,Cross-border,gateway_alpha,success,,desktop,Firefox,206.75,748
ses_0920,evt_005673,3,2026-09-04T16:25:05Z,details_entered,card_mastercard,USD,Cross-border,gateway_alpha,success,,desktop,Firefox,206.75,821
ses_0920,evt_005674,4,2026-09-04T16:25:07Z,authorization_requested,card_mastercard,USD,Cross-border,gateway_alpha,submitted,,desktop,Firefox,206.75,780
ses_0920,evt_005675,5,2026-09-04T16:25:15Z,authorization_response,card_mastercard,USD,Cross-border,gateway_alpha,success,,desktop,Firefox,206.75,987
ses_0920,evt_005676,6,2026-09-04T16:25:20Z,payment_completed,card_mastercard,USD,Cross-border,gateway_alpha,success,,desktop,Firefox,206.75,776
ses_0921,evt_005677,1,2026-09-03T12:24:13Z,checkout_initiated,card_mastercard,KES,Kenya,gateway_alpha,started,,mobile,Edge,309.99,1164
ses_0921,evt_005678,2,2026-09-03T12:24:15Z,method_selected,card_mastercard,KES,Kenya,gateway_alpha,success,,mobile,Edge,309.99,1484
ses_0921,evt_005679,3,2026-09-03T12:24:21Z,details_entered,card_mastercard,KES,Kenya,gateway_alpha,success,,mobile,Edge,309.99,1270
ses_0921,evt_005680,4,2026-09-03T12:24:23Z,authorization_requested,card_mastercard,KES,Kenya,gateway_alpha,submitted,,mobile,Edge,309.99,474
ses_0921,evt_005681,5,2026-09-03T12:24:32Z,3ds_redirect,card_mastercard,KES,Kenya,gateway_alpha,redirected,,mobile,Edge,309.99,1226
ses_0921,evt_005682,6,2026-09-03T12:24:37Z,3ds_completed,card_mastercard,KES,Kenya,gateway_alpha,success,,mobile,Edge,309.99,4478
ses_0921,evt_005683,7,2026-09-03T12:24:39Z,authorization_response,card_mastercard,KES,Kenya,gateway_alpha,success,,mobile,Edge,309.99,1300
ses_0921,evt_005684,8,2026-09-03T12:24:44Z,payment_completed,card_mastercard,KES,Kenya,gateway_alpha,success,,mobile,Edge,309.99,1698
ses_0922,evt_005685,1,2026-09-01T21:17:21Z,checkout_initiated,card_mastercard,KES,Kenya,gateway_alpha,started,,mobile,Safari,183.31,1618
ses_0922,evt_005686,2,2026-09-01T21:17:30Z,method_selected,card_mastercard,KES,Kenya,gateway_alpha,success,,mobile,Safari,183.31,1179
ses_0922,evt_005687,3,2026-09-01T21:17:33Z,details_entered,card_mastercard,KES,Kenya,gateway_alpha,success,,mobile,Safari,183.31,1315
ses_0922,evt_005688,4,2026-09-01T21:17:42Z,authorization_requested,card_mastercard,KES,Kenya,gateway_alpha,submitted,,mobile,Safari,183.31,991
ses_0922,evt_005689,5,2026-09-01T21:17:46Z,authorization_response,card_mastercard,KES,Kenya,gateway_alpha,success,,mobile,Safari,183.31,1483
ses_0922,evt_005690,6,2026-09-01T21:17:52Z,payment_completed,card_mastercard,KES,Kenya,gateway_alpha,success,,mobile,Safari,183.31,323
ses_0923,evt_005691,1,2026-09-09T00:16:10Z,checkout_initiated,card_mastercard,PHP,Philippines,gateway_alpha,started,,desktop,Firefox,138.84,810
ses_0923,evt_005692,2,2026-09-09T00:16:17Z,method_selected,card_mastercard,PHP,Philippines,gateway_alpha,success,,desktop,Firefox,138.84,1268
ses_0923,evt_005693,3,2026-09-09T00:16:27Z,details_entered,card_mastercard,PHP,Philippines,gateway_alpha,success,,desktop,Firefox,138.84,1035
ses_0923,evt_005694,4,2026-09-09T00:16:32Z,authorization_requested,card_mastercard,PHP,Philippines,gateway_alpha,submitted,,desktop,Firefox,138.84,1202
ses_0923,evt_005695,5,2026-09-09T00:16:36Z,3ds_redirect,card_mastercard,PHP,Philippines,gateway_alpha,redirected,,desktop,Firefox,138.84,1578
ses_0923,evt_005696,6,2026-09-09T00:16:45Z,3ds_completed,card_mastercard,PHP,Philippines,gateway_alpha,success,,desktop,Firefox,138.84,3967
ses_0923,evt_005697,7,2026-09-09T00:16:47Z,authorization_response,card_mastercard,PHP,Philippines,gateway_alpha,failed,fraud_suspected,desktop,Firefox,138.84,1464
ses_0924,evt_005698,1,2026-09-11T01:02:05Z,checkout_initiated,gcash,PHP,Philippines,wallet_hub,started,,desktop,Chrome,298.52,1287
ses_0924,evt_005699,2,2026-09-11T01:02:16Z,method_selected,gcash,PHP,Philippines,wallet_hub,success,,desktop,Chrome,298.52,607
ses_0924,evt_005700,3,2026-09-11T01:02:19Z,details_entered,gcash,PHP,Philippines,wallet_hub,success,,desktop,Chrome,298.52,1576
ses_0924,evt_005701,4,2026-09-11T01:02:28Z,authorization_requested,gcash,PHP,Philippines,wallet_hub,submitted,,desktop,Chrome,298.52,376
ses_0924,evt_005702,5,2026-09-11T01:02:36Z,authorization_response,gcash,PHP,Philippines,wallet_hub,success,,desktop,Chrome,298.52,1263
ses_0924,evt_005703,6,2026-09-11T01:02:42Z,payment_completed,gcash,PHP,Philippines,wallet_hub,success,,desktop,Chrome,298.52,1376
ses_0925,evt_005704,1,2026-09-04T15:31:13Z,checkout_initiated,gcash,PHP,Philippines,wallet_hub,started,,mobile,Chrome,201.95,1144
ses_0925,evt_005705,2,2026-09-04T15:31:24Z,method_selected,gcash,PHP,Philippines,wallet_hub,success,,mobile,Chrome,201.95,1640
ses_0925,evt_005706,3,2026-09-04T15:31:27Z,details_entered,gcash,PHP,Philippines,wallet_hub,success,,mobile,Chrome,201.95,1312
ses_0925,evt_005707,4,2026-09-04T15:31:30Z,authorization_requested,gcash,PHP,Philippines,wallet_hub,submitted,,mobile,Chrome,201.95,1762
ses_0925,evt_005708,5,2026-09-04T15:31:34Z,authorization_response,gcash,PHP,Philippines,wallet_hub,success,,mobile,Chrome,201.95,544
ses_0925,evt_005709,6,2026-09-04T15:31:42Z,payment_completed,gcash,PHP,Philippines,wallet_hub,success,,mobile,Chrome,201.95,1481
ses_0926,evt_005710,1,2026-09-12T06:14:40Z,checkout_initiated,bank_transfer_local,USD,Cross-border,bank_rail,started,,desktop,Safari,105.12,1428
ses_0926,evt_005711,2,2026-09-12T06:14:46Z,method_selected,bank_transfer_local,USD,Cross-border,bank_rail,success,,desktop,Safari,105.12,453
ses_0926,evt_005712,3,2026-09-12T06:40:36Z,details_entered,bank_transfer_local,USD,Cross-border,bank_rail,success,,desktop,Safari,105.12,1153
ses_0926,evt_005713,4,2026-09-12T06:40:48Z,authorization_requested,bank_transfer_local,USD,Cross-border,bank_rail,submitted,,desktop,Safari,105.12,1762
ses_0926,evt_005714,5,2026-09-12T06:40:57Z,authorization_response,bank_transfer_local,USD,Cross-border,bank_rail,success,,desktop,Safari,105.12,272
ses_0926,evt_005715,6,2026-09-12T06:41:01Z,payment_completed,bank_transfer_local,USD,Cross-border,bank_rail,success,,desktop,Safari,105.12,477
ses_0927,evt_005716,1,2026-09-02T06:14:02Z,checkout_initiated,gcash,PHP,Philippines,wallet_hub,started,,desktop,Safari,146.82,555
ses_0927,evt_005717,2,2026-09-02T06:14:05Z,method_selected,gcash,PHP,Philippines,wallet_hub,success,,desktop,Safari,146.82,838
ses_0927,evt_005718,3,2026-09-02T06:14:16Z,details_entered,gcash,PHP,Philippines,wallet_hub,success,,desktop,Safari,146.82,1201
ses_0927,evt_005719,4,2026-09-02T06:14:19Z,authorization_requested,gcash,PHP,Philippines,wallet_hub,submitted,,desktop,Safari,146.82,777
ses_0927,evt_005720,5,2026-09-02T06:14:29Z,authorization_response,gcash,PHP,Philippines,wallet_hub,success,,desktop,Safari,146.82,1213
ses_0927,evt_005721,6,2026-09-02T06:14:40Z,payment_completed,gcash,PHP,Philippines,wallet_hub,success,,desktop,Safari,146.82,349
ses_0928,evt_005722,1,2026-09-13T11:48:50Z,checkout_initiated,card_visa,KES,Kenya,gateway_alpha,started,,mobile,Chrome,273.39,1396
ses_0928,evt_005723,2,2026-09-13T11:48:53Z,method_selected,card_visa,KES,Kenya,gateway_alpha,success,,mobile,Chrome,273.39,524
ses_0928,evt_005724,3,2026-09-13T11:49:02Z,details_entered,card_visa,KES,Kenya,gateway_alpha,success,,mobile,Chrome,273.39,1748
ses_0928,evt_005725,4,2026-09-13T11:49:04Z,authorization_requested,card_visa,KES,Kenya,gateway_alpha,submitted,,mobile,Chrome,273.39,799
ses_0928,evt_005726,5,2026-09-13T11:49:15Z,3ds_redirect,card_visa,KES,Kenya,gateway_alpha,redirected,,mobile,Chrome,273.39,8670
ses_0928,evt_005727,6,2026-09-13T11:49:30Z,3ds_completed,card_visa,KES,Kenya,gateway_alpha,abandoned,3ds_abandoned,mobile,Chrome,273.39,9380
ses_0929,evt_005728,1,2026-09-08T10:41:31Z,checkout_initiated,card_visa,USD,Cross-border,gateway_alpha,started,,mobile,Chrome,460.23,930
ses_0929,evt_005729,2,2026-09-08T10:41:37Z,method_selected,card_visa,USD,Cross-border,gateway_alpha,success,,mobile,Chrome,460.23,1007
ses_0929,evt_005730,3,2026-09-08T10:41:41Z,details_entered,card_visa,USD,Cross-border,gateway_alpha,success,,mobile,Chrome,460.23,555
ses_0929,evt_005731,4,2026-09-08T10:41:52Z,authorization_requested,card_visa,USD,Cross-border,gateway_alpha,submitted,,mobile,Chrome,460.23,1329
ses_0929,evt_005732,5,2026-09-08T10:42:03Z,3ds_redirect,card_visa,USD,Cross-border,gateway_alpha,redirected,,mobile,Chrome,460.23,1578
ses_0929,evt_005733,6,2026-09-08T10:42:15Z,3ds_completed,card_visa,USD,Cross-border,gateway_alpha,success,,mobile,Chrome,460.23,1870
ses_0929,evt_005734,7,2026-09-08T10:42:17Z,authorization_response,card_visa,USD,Cross-border,gateway_alpha,success,,mobile,Chrome,460.23,1111
ses_0929,evt_005735,8,2026-09-08T10:42:20Z,payment_completed,card_visa,USD,Cross-border,gateway_alpha,success,,mobile,Chrome,460.23,1250
ses_0930,evt_005736,1,2026-09-11T22:28:44Z,checkout_initiated,bnpl_atome,PHP,Philippines,bnpl_connect,started,,mobile,Chrome,296.33,551
ses_0930,evt_005737,2,2026-09-11T22:28:48Z,method_selected,bnpl_atome,PHP,Philippines,bnpl_connect,success,,mobile,Chrome,296.33,1019
ses_0930,evt_005738,3,2026-09-11T22:28:57Z,details_entered,bnpl_atome,PHP,Philippines,bnpl_connect,success,,mobile,Chrome,296.33,693
ses_0930,evt_005739,4,2026-09-11T22:29:01Z,authorization_requested,bnpl_atome,PHP,Philippines,bnpl_connect,submitted,,mobile,Chrome,296.33,1516
ses_0930,evt_005740,5,2026-09-11T22:29:07Z,authorization_response,bnpl_atome,PHP,Philippines,bnpl_connect,success,,mobile,Chrome,296.33,1009
ses_0930,evt_005741,6,2026-09-11T22:29:11Z,payment_completed,bnpl_atome,PHP,Philippines,bnpl_connect,success,,mobile,Chrome,296.33,1114
ses_0931,evt_005742,1,2026-09-09T15:53:40Z,checkout_initiated,card_visa,PHP,Philippines,gateway_alpha,started,,mobile,Chrome,84.61,1293
ses_0931,evt_005743,2,2026-09-09T15:53:47Z,method_selected,card_visa,PHP,Philippines,gateway_alpha,success,,mobile,Chrome,84.61,999
ses_0931,evt_005744,3,2026-09-09T15:53:52Z,details_entered,card_visa,PHP,Philippines,gateway_alpha,success,,mobile,Chrome,84.61,1488
ses_0931,evt_005745,4,2026-09-09T15:53:58Z,authorization_requested,card_visa,PHP,Philippines,gateway_alpha,submitted,,mobile,Chrome,84.61,1269
ses_0931,evt_005746,5,2026-09-09T15:54:02Z,3ds_redirect,card_visa,PHP,Philippines,gateway_alpha,redirected,,mobile,Chrome,84.61,3253
ses_0931,evt_005747,6,2026-09-09T15:54:15Z,3ds_completed,card_visa,PHP,Philippines,gateway_alpha,success,,mobile,Chrome,84.61,3561
ses_0931,evt_005748,7,2026-09-09T15:54:18Z,authorization_response,card_visa,PHP,Philippines,gateway_alpha,failed,insufficient_funds,mobile,Chrome,84.61,346
ses_0932,evt_005749,1,2026-09-10T17:35:01Z,checkout_initiated,gcash,PHP,Philippines,wallet_hub,started,,mobile,Chrome,470.48,1707
ses_0932,evt_005750,2,2026-09-10T17:35:04Z,method_selected,gcash,PHP,Philippines,wallet_hub,success,,mobile,Chrome,470.48,671
ses_0932,evt_005751,3,2026-09-10T17:35:14Z,details_entered,gcash,PHP,Philippines,wallet_hub,success,,mobile,Chrome,470.48,998
ses_0932,evt_005752,4,2026-09-10T17:35:21Z,authorization_requested,gcash,PHP,Philippines,wallet_hub,submitted,,mobile,Chrome,470.48,912
ses_0932,evt_005753,5,2026-09-10T17:35:24Z,authorization_response,gcash,PHP,Philippines,wallet_hub,success,,mobile,Chrome,470.48,1704
ses_0932,evt_005754,6,2026-09-10T17:35:27Z,payment_completed,gcash,PHP,Philippines,wallet_hub,success,,mobile,Chrome,470.48,1081
ses_0933,evt_005755,1,2026-09-06T08:04:32Z,checkout_initiated,mpesa,KES,Kenya,wallet_hub,started,,desktop,Chrome,366.95,1628
ses_0933,evt_005756,2,2026-09-06T08:04:41Z,method_selected,mpesa,KES,Kenya,wallet_hub,success,,desktop,Chrome,366.95,1418
ses_0933,evt_005757,3,2026-09-06T08:04:52Z,details_entered,mpesa,KES,Kenya,wallet_hub,success,,desktop,Chrome,366.95,1721
ses_0933,evt_005758,4,2026-09-06T08:04:56Z,authorization_requested,mpesa,KES,Kenya,wallet_hub,submitted,,desktop,Chrome,366.95,1799
ses_0933,evt_005759,5,2026-09-06T08:05:05Z,authorization_response,mpesa,KES,Kenya,wallet_hub,failed,insufficient_funds,desktop,Chrome,366.95,950
ses_0934,evt_005760,1,2026-09-03T03:34:45Z,checkout_initiated,bnpl_atome,PHP,Philippines,bnpl_connect,started,,mobile,Safari,42.46,373
ses_0934,evt_005761,2,2026-09-03T03:34:52Z,method_selected,bnpl_atome,PHP,Philippines,bnpl_connect,success,,mobile,Safari,42.46,1694
ses_0934,evt_005762,3,2026-09-03T03:34:59Z,details_entered,bnpl_atome,PHP,Philippines,bnpl_connect,abandoned,,mobile,Safari,42.46,715
ses_0935,evt_005763,1,2026-09-09T01:27:51Z,checkout_initiated,bnpl_atome,SGD,Singapore,bnpl_connect,started,,mobile,Safari,338.60,536
ses_0935,evt_005764,2,2026-09-09T01:27:56Z,method_selected,bnpl_atome,SGD,Singapore,bnpl_connect,success,,mobile,Safari,338.60,1511
ses_0935,evt_005765,3,2026-09-09T01:28:02Z,details_entered,bnpl_atome,SGD,Singapore,bnpl_connect,success,,mobile,Safari,338.60,800
ses_0935,evt_005766,4,2026-09-09T01:28:13Z,authorization_requested,bnpl_atome,SGD,Singapore,bnpl_connect,submitted,,mobile,Safari,338.60,711
ses_0935,evt_005767,5,2026-09-09T01:28:22Z,authorization_response,bnpl_atome,SGD,Singapore,bnpl_connect,success,,mobile,Safari,338.60,269
ses_0935,evt_005768,6,2026-09-09T01:28:24Z,payment_completed,bnpl_atome,SGD,Singapore,bnpl_connect,success,,mobile,Safari,338.60,292
ses_0936,evt_005769,1,2026-09-10T12:02:09Z,checkout_initiated,card_visa,KES,Kenya,gateway_alpha,started,,mobile,Safari,414.58,1627
ses_0936,evt_005770,2,2026-09-10T12:02:18Z,method_selected,card_visa,KES,Kenya,gateway_alpha,success,,mobile,Safari,414.58,550
ses_0936,evt_005771,3,2026-09-10T12:02:21Z,details_entered,card_visa,KES,Kenya,gateway_alpha,success,,mobile,Safari,414.58,1625
ses_0936,evt_005772,4,2026-09-10T12:02:32Z,authorization_requested,card_visa,KES,Kenya,gateway_alpha,submitted,,mobile,Safari,414.58,770
ses_0936,evt_005773,5,2026-09-10T12:02:45Z,3ds_redirect,card_visa,KES,Kenya,gateway_alpha,redirected,,mobile,Safari,414.58,4999
ses_0936,evt_005774,6,2026-09-10T12:02:50Z,3ds_completed,card_visa,KES,Kenya,gateway_alpha,success,,mobile,Safari,414.58,4469
ses_0936,evt_005775,7,2026-09-10T12:02:57Z,authorization_response,card_visa,KES,Kenya,gateway_alpha,success,,mobile,Safari,414.58,403
ses_0936,evt_005776,8,2026-09-10T12:03:02Z,payment_completed,card_visa,KES,Kenya,gateway_alpha,success,,mobile,Safari,414.58,1264
ses_0937,evt_005777,1,2026-09-13T19:33:07Z,checkout_initiated,card_visa,USD,Cross-border,gateway_alpha,started,,mobile,Safari,166.83,631
ses_0937,evt_005778,2,2026-09-13T19:33:19Z,method_selected,card_visa,USD,Cross-border,gateway_alpha,success,,mobile,Safari,166.83,1510
ses_0937,evt_005779,3,2026-09-13T19:59:10Z,details_entered,card_visa,USD,Cross-border,gateway_alpha,success,,mobile,Safari,166.83,1671
ses_0937,evt_005780,4,2026-09-13T19:59:18Z,authorization_requested,card_visa,USD,Cross-border,gateway_alpha,submitted,,mobile,Safari,166.83,444
ses_0937,evt_005781,5,2026-09-13T19:59:37Z,3ds_redirect,card_visa,USD,Cross-border,gateway_alpha,redirected,,mobile,Safari,166.83,12427
ses_0937,evt_005782,6,2026-09-13T19:59:54Z,3ds_completed,card_visa,USD,Cross-border,gateway_alpha,abandoned,3ds_abandoned,mobile,Safari,166.83,11127
ses_0938,evt_005783,1,2026-09-06T06:16:26Z,checkout_initiated,gcash,PHP,Philippines,wallet_hub,started,,desktop,Chrome,199.99,602
ses_0938,evt_005784,2,2026-09-06T06:16:28Z,method_selected,gcash,PHP,Philippines,wallet_hub,success,,desktop,Chrome,199.99,1183
ses_0938,evt_005785,3,2026-09-06T06:16:37Z,details_entered,gcash,PHP,Philippines,wallet_hub,success,,desktop,Chrome,199.99,1547
ses_0938,evt_005786,4,2026-09-06T06:16:47Z,authorization_requested,gcash,PHP,Philippines,wallet_hub,submitted,,desktop,Chrome,199.99,537
ses_0938,evt_005787,5,2026-09-06T06:16:56Z,authorization_response,gcash,PHP,Philippines,wallet_hub,success,,desktop,Chrome,199.99,1495
ses_0938,evt_005788,6,2026-09-06T06:17:00Z,payment_completed,gcash,PHP,Philippines,wallet_hub,success,,desktop,Chrome,199.99,311
ses_0939,evt_005789,1,2026-09-14T12:35:58Z,checkout_initiated,gcash,PHP,Philippines,wallet_hub,started,,mobile,Chrome,197.07,1650
ses_0939,evt_005790,2,2026-09-14T12:36:02Z,method_selected,gcash,PHP,Philippines,wallet_hub,success,,mobile,Chrome,197.07,741
ses_0939,evt_005791,3,2026-09-14T12:36:09Z,details_entered,gcash,PHP,Philippines,wallet_hub,success,,mobile,Chrome,197.07,1487
ses_0939,evt_005792,4,2026-09-14T12:36:19Z,authorization_requested,gcash,PHP,Philippines,wallet_hub,submitted,,mobile,Chrome,197.07,1053
ses_0939,evt_005793,5,2026-09-14T12:36:29Z,authorization_response,gcash,PHP,Philippines,wallet_hub,success,,mobile,Chrome,197.07,819
ses_0939,evt_005794,6,2026-09-14T12:36:31Z,payment_completed,gcash,PHP,Philippines,wallet_hub,success,,mobile,Chrome,197.07,1366
ses_0940,evt_005795,1,2026-09-14T05:39:22Z,checkout_initiated,card_visa,USD,Cross-border,gateway_beta,started,,mobile,Chrome,416.43,815
ses_0940,evt_005796,2,2026-09-14T05:39:30Z,method_selected,card_visa,USD,Cross-border,gateway_beta,success,,mobile,Chrome,416.43,501
ses_0940,evt_005797,3,2026-09-14T05:39:40Z,details_entered,card_visa,USD,Cross-border,gateway_beta,success,,mobile,Chrome,416.43,1000
ses_0940,evt_005798,4,2026-09-14T05:39:46Z,authorization_requested,card_visa,USD,Cross-border,gateway_beta,submitted,,mobile,Chrome,416.43,1758
ses_0940,evt_005799,5,2026-09-14T05:39:59Z,3ds_redirect,card_visa,USD,Cross-border,gateway_beta,redirected,,mobile,Chrome,416.43,2593
ses_0940,evt_005800,6,2026-09-14T05:40:04Z,3ds_completed,card_visa,USD,Cross-border,gateway_beta,success,,mobile,Chrome,416.43,3160
ses_0940,evt_005801,7,2026-09-14T05:40:06Z,authorization_response,card_visa,USD,Cross-border,gateway_beta,success,,mobile,Chrome,416.43,303
ses_0940,evt_005802,8,2026-09-14T05:40:15Z,payment_completed,card_visa,USD,Cross-border,gateway_beta,success,,mobile,Chrome,416.43,1782
ses_0941,evt_005803,1,2026-09-02T19:10:58Z,checkout_initiated,bank_transfer_local,PHP,Philippines,bank_rail,started,,mobile,Safari,289.03,1799
ses_0941,evt_005804,2,2026-09-02T19:11:04Z,method_selected,bank_transfer_local,PHP,Philippines,bank_rail,success,,mobile,Safari,289.03,1384
ses_0941,evt_005805,3,2026-09-02T19:11:09Z,details_entered,bank_transfer_local,PHP,Philippines,bank_rail,success,,mobile,Safari,289.03,1352
ses_0941,evt_005806,4,2026-09-02T19:11:14Z,authorization_requested,bank_transfer_local,PHP,Philippines,bank_rail,submitted,,mobile,Safari,289.03,1164
ses_0941,evt_005807,5,2026-09-02T19:11:22Z,authorization_response,bank_transfer_local,PHP,Philippines,bank_rail,failed,fraud_suspected,mobile,Safari,289.03,603
ses_0942,evt_005808,1,2026-09-08T16:17:52Z,checkout_initiated,gcash,PHP,Philippines,wallet_hub,started,,mobile,Safari,388.64,1049
ses_0942,evt_005809,2,2026-09-08T16:17:59Z,method_selected,gcash,PHP,Philippines,wallet_hub,success,,mobile,Safari,388.64,840
ses_0942,evt_005810,3,2026-09-08T16:18:05Z,details_entered,gcash,PHP,Philippines,wallet_hub,abandoned,,mobile,Safari,388.64,1016
ses_0943,evt_005811,1,2026-09-09T13:55:48Z,checkout_initiated,card_mastercard,KES,Kenya,gateway_beta,started,,mobile,Chrome,359.21,1743
ses_0943,evt_005812,2,2026-09-09T13:55:58Z,method_selected,card_mastercard,KES,Kenya,gateway_beta,success,,mobile,Chrome,359.21,723
ses_0943,evt_005813,3,2026-09-09T13:56:06Z,details_entered,card_mastercard,KES,Kenya,gateway_beta,success,,mobile,Chrome,359.21,232
ses_0943,evt_005814,4,2026-09-09T13:56:08Z,authorization_requested,card_mastercard,KES,Kenya,gateway_beta,submitted,,mobile,Chrome,359.21,508
ses_0943,evt_005815,5,2026-09-09T13:56:16Z,authorization_response,card_mastercard,KES,Kenya,gateway_beta,success,,mobile,Chrome,359.21,689
ses_0943,evt_005816,6,2026-09-09T13:56:24Z,payment_completed,card_mastercard,KES,Kenya,gateway_beta,success,,mobile,Chrome,359.21,1221
ses_0944,evt_005817,1,2026-09-06T04:30:35Z,checkout_initiated,card_mastercard,PHP,Philippines,gateway_alpha,started,,mobile,Chrome,170.81,393
ses_0944,evt_005818,2,2026-09-06T04:30:37Z,method_selected,card_mastercard,PHP,Philippines,gateway_alpha,success,,mobile,Chrome,170.81,659
ses_0944,evt_005819,3,2026-09-06T04:26:41Z,details_entered,card_mastercard,PHP,Philippines,gateway_alpha,success,,mobile,Chrome,170.81,956
ses_0944,evt_005820,4,2026-09-06T04:30:51Z,authorization_requested,card_mastercard,PHP,Philippines,gateway_alpha,submitted,,mobile,Chrome,170.81,1764
ses_0944,evt_005821,5,2026-09-06T04:31:03Z,3ds_redirect,card_mastercard,PHP,Philippines,gateway_alpha,redirected,,mobile,Chrome,170.81,3889
ses_0944,evt_005822,6,2026-09-06T04:31:06Z,3ds_completed,card_mastercard,PHP,Philippines,gateway_alpha,success,,mobile,Chrome,170.81,2199
ses_0944,evt_005823,7,2026-09-06T04:31:08Z,authorization_response,card_mastercard,PHP,Philippines,gateway_alpha,success,,mobile,Chrome,170.81,1394
ses_0944,evt_005824,8,2026-09-06T04:31:15Z,payment_completed,card_mastercard,PHP,Philippines,gateway_alpha,success,,mobile,Chrome,170.81,636
ses_0945,evt_005825,1,2026-09-13T13:27:10Z,checkout_initiated,card_visa,USD,Cross-border,gateway_alpha,started,,mobile,Chrome,343.70,787
ses_0945,evt_005826,2,2026-09-13T13:27:17Z,method_selected,card_visa,USD,Cross-border,gateway_alpha,success,,mobile,Chrome,343.70,729
ses_0945,evt_005827,3,2026-09-13T13:27:25Z,details_entered,card_visa,USD,Cross-border,gateway_alpha,success,,mobile,Chrome,343.70,373
ses_0945,evt_005828,4,2026-09-13T13:27:29Z,authorization_requested,card_visa,USD,Cross-border,gateway_alpha,submitted,,mobile,Chrome,343.70,1278
ses_0945,evt_005829,5,2026-09-13T13:27:40Z,3ds_redirect,card_visa,USD,Cross-border,gateway_alpha,redirected,,mobile,Chrome,343.70,3596
ses_0945,evt_005830,6,2026-09-13T13:27:46Z,3ds_completed,card_visa,USD,Cross-border,gateway_alpha,success,,mobile,Chrome,343.70,4627
ses_0945,evt_005831,7,2026-09-13T13:27:56Z,authorization_response,card_visa,USD,Cross-border,gateway_alpha,failed,invalid_card,mobile,Chrome,343.70,1498
ses_0946,evt_005832,1,2026-09-12T22:20:45Z,checkout_initiated,card_mastercard,USD,Cross-border,gateway_alpha,started,,mobile,Chrome,227.12,661
ses_0946,evt_005833,2,2026-09-12T22:20:50Z,method_selected,card_mastercard,USD,Cross-border,gateway_alpha,success,,mobile,Chrome,227.12,368
ses_0946,evt_005834,3,2026-09-12T22:20:58Z,details_entered,card_mastercard,USD,Cross-border,gateway_alpha,success,,mobile,Chrome,227.12,1455
ses_0946,evt_005835,4,2026-09-12T22:21:01Z,authorization_requested,card_mastercard,USD,Cross-border,gateway_alpha,submitted,,mobile,Chrome,227.12,1252
ses_0946,evt_005836,5,2026-09-12T22:21:08Z,3ds_redirect,card_mastercard,USD,Cross-border,gateway_alpha,redirected,,mobile,Chrome,227.12,1233
ses_0946,evt_005837,6,2026-09-12T22:21:13Z,3ds_completed,card_mastercard,USD,Cross-border,gateway_alpha,success,,mobile,Chrome,227.12,3597
ses_0946,evt_005838,7,2026-09-12T22:21:24Z,authorization_response,card_mastercard,USD,Cross-border,gateway_alpha,failed,invalid_card,mobile,Chrome,227.12,1591
ses_0947,evt_005839,1,2026-09-08T20:11:32Z,checkout_initiated,bank_transfer_local,PHP,Philippines,bank_rail,started,,mobile,Chrome,41.09,1425
ses_0947,evt_005840,2,2026-09-08T20:11:41Z,method_selected,bank_transfer_local,PHP,Philippines,bank_rail,success,,mobile,Chrome,41.09,1546
ses_0947,evt_005841,3,2026-09-08T20:11:52Z,details_entered,bank_transfer_local,PHP,Philippines,bank_rail,success,,mobile,Chrome,41.09,1730
ses_0947,evt_005842,4,2026-09-08T20:12:01Z,authorization_requested,bank_transfer_local,PHP,Philippines,bank_rail,submitted,,mobile,Chrome,41.09,563
ses_0947,evt_005843,5,2026-09-08T20:12:08Z,authorization_response,bank_transfer_local,PHP,Philippines,bank_rail,pending,,mobile,Chrome,41.09,1718
ses_0948,evt_005844,1,2026-09-09T07:29:53Z,checkout_initiated,mpesa,KES,Kenya,wallet_hub,started,,mobile,Safari,231.48,1525
ses_0948,evt_005845,2,2026-09-09T07:30:04Z,method_selected,mpesa,KES,Kenya,wallet_hub,success,,mobile,Safari,231.48,305
ses_0948,evt_005846,3,2026-09-09T07:30:12Z,details_entered,mpesa,KES,Kenya,wallet_hub,success,,mobile,Safari,231.48,665
ses_0948,evt_005847,4,2026-09-09T07:30:21Z,authorization_requested,mpesa,KES,Kenya,wallet_hub,submitted,,mobile,Safari,231.48,1147
ses_0948,evt_005848,5,2026-09-09T07:30:32Z,authorization_response,mpesa,KES,Kenya,wallet_hub,failed,insufficient_funds,mobile,Safari,231.48,807
ses_0949,evt_005849,1,2026-09-01T20:02:21Z,checkout_initiated,card_mastercard,PHP,Philippines,gateway_alpha,started,,mobile,Chrome,395.26,1490
ses_0949,evt_005850,2,2026-09-01T20:02:26Z,method_selected,card_mastercard,PHP,Philippines,gateway_alpha,success,,mobile,Chrome,395.26,952
ses_0949,evt_005851,3,2026-09-01T20:02:31Z,details_entered,card_mastercard,PHP,Philippines,gateway_alpha,success,,mobile,Chrome,395.26,1598
ses_0949,evt_005852,4,2026-09-01T20:02:40Z,authorization_requested,card_mastercard,PHP,Philippines,gateway_alpha,submitted,,mobile,Chrome,395.26,602
ses_0949,evt_005853,5,2026-09-01T20:02:54Z,3ds_redirect,card_mastercard,PHP,Philippines,gateway_alpha,redirected,,mobile,Chrome,395.26,11020
ses_0949,evt_005854,6,2026-09-01T20:03:06Z,3ds_completed,card_mastercard,PHP,Philippines,gateway_alpha,abandoned,3ds_abandoned,mobile,Chrome,395.26,11216
ses_0950,evt_005855,1,2026-09-12T19:35:14Z,checkout_initiated,bnpl_atome,SGD,Singapore,bnpl_connect,started,,mobile,Chrome,268.97,259
ses_0950,evt_005856,2,2026-09-12T19:35:23Z,method_selected,bnpl_atome,SGD,Singapore,bnpl_connect,success,,mobile,Chrome,268.97,271
ses_0950,evt_005857,3,2026-09-12T19:35:34Z,details_entered,bnpl_atome,SGD,Singapore,bnpl_connect,success,,mobile,Chrome,268.97,507
ses_0950,evt_005858,4,2026-09-12T19:35:37Z,authorization_requested,bnpl_atome,SGD,Singapore,bnpl_connect,submitted,,mobile,Chrome,268.97,1024
ses_0950,evt_005859,5,2026-09-12T19:35:42Z,authorization_response,bnpl_atome,SGD,Singapore,bnpl_connect,success,,mobile,Chrome,268.97,201
ses_0950,evt_005860,6,2026-09-12T19:35:49Z,payment_completed,bnpl_atome,SGD,Singapore,bnpl_connect,success,,mobile,Chrome,268.97,677
ses_0951,evt_005861,1,2026-09-11T05:05:10Z,checkout_initiated,gcash,PHP,Philippines,wallet_hub,started,,mobile,Edge,416.88,1006
ses_0951,evt_005862,2,2026-09-11T05:05:15Z,method_selected,gcash,PHP,Philippines,wallet_hub,success,,mobile,Edge,416.88,1364
ses_0951,evt_005863,3,2026-09-11T05:05:18Z,details_entered,gcash,PHP,Philippines,wallet_hub,success,,mobile,Edge,416.88,510
ses_0951,evt_005864,4,2026-09-11T05:05:21Z,authorization_requested,gcash,PHP,Philippines,wallet_hub,submitted,,mobile,Edge,416.88,362
ses_0951,evt_005865,5,2026-09-11T05:05:27Z,authorization_response,gcash,PHP,Philippines,wallet_hub,success,,mobile,Edge,416.88,1576
ses_0951,evt_005866,6,2026-09-11T05:05:30Z,payment_completed,gcash,PHP,Philippines,wallet_hub,success,,mobile,Edge,416.88,957
ses_0952,evt_005867,1,2026-09-04T17:55:21Z,checkout_initiated,bnpl_atome,PHP,Philippines,bnpl_connect,started,,desktop,Safari,119.18,499
ses_0952,evt_005868,2,2026-09-04T17:55:23Z,method_selected,bnpl_atome,PHP,Philippines,bnpl_connect,success,,desktop,Safari,119.18,288
ses_0952,evt_005869,3,2026-09-04T17:55:29Z,details_entered,bnpl_atome,PHP,Philippines,bnpl_connect,success,,desktop,Safari,119.18,1181
ses_0952,evt_005870,4,2026-09-04T17:55:31Z,authorization_requested,bnpl_atome,PHP,Philippines,bnpl_connect,submitted,,desktop,Safari,119.18,1296
ses_0952,evt_005871,5,2026-09-04T17:55:39Z,authorization_response,bnpl_atome,PHP,Philippines,bnpl_connect,success,,desktop,Safari,119.18,610
ses_0952,evt_005872,6,2026-09-04T17:55:44Z,payment_completed,bnpl_atome,PHP,Philippines,bnpl_connect,success,,desktop,Safari,119.18,990
ses_0953,evt_005873,1,2026-09-05T17:12:11Z,checkout_initiated,mpesa,KES,Kenya,wallet_hub,started,,desktop,Edge,74.60,677
ses_0953,evt_005874,2,2026-09-05T17:12:14Z,method_selected,mpesa,KES,Kenya,wallet_hub,success,,desktop,Edge,74.60,433
ses_0953,evt_005875,3,2026-09-05T17:12:21Z,details_entered,mpesa,KES,Kenya,wallet_hub,success,,desktop,Edge,74.60,511
ses_0953,evt_005876,4,2026-09-05T17:12:27Z,authorization_requested,mpesa,KES,Kenya,wallet_hub,submitted,,desktop,Edge,74.60,1755
ses_0953,evt_005877,5,2026-09-05T17:12:30Z,authorization_response,mpesa,KES,Kenya,wallet_hub,success,,desktop,Edge,74.60,726
ses_0953,evt_005878,6,2026-09-05T17:12:33Z,payment_completed,mpesa,KES,Kenya,wallet_hub,success,,desktop,Edge,74.60,765
ses_0954,evt_005879,1,2026-09-06T19:31:51Z,checkout_initiated,card_visa,KES,Kenya,gateway_alpha,started,,mobile,Safari,194.71,553
ses_0954,evt_005880,2,2026-09-06T19:31:58Z,method_selected,card_visa,KES,Kenya,gateway_alpha,success,,mobile,Safari,194.71,343
ses_0954,evt_005881,3,2026-09-06T19:32:06Z,details_entered,card_visa,KES,Kenya,gateway_alpha,success,,mobile,Safari,194.71,631
ses_0954,evt_005882,4,2026-09-06T19:32:17Z,authorization_requested,card_visa,KES,Kenya,gateway_alpha,submitted,,mobile,Safari,194.71,553
ses_0954,evt_005883,5,2026-09-06T19:32:24Z,3ds_redirect,card_visa,KES,Kenya,gateway_alpha,redirected,,mobile,Safari,194.71,2942
ses_0954,evt_005884,6,2026-09-06T19:32:27Z,3ds_completed,card_visa,KES,Kenya,gateway_alpha,success,,mobile,Safari,194.71,1693
ses_0954,evt_005885,7,2026-09-06T19:32:32Z,authorization_response,card_visa,KES,Kenya,gateway_alpha,failed,insufficient_funds,mobile,Safari,194.71,1727
ses_0955,evt_005886,1,2026-09-04T18:20:19Z,checkout_initiated,card_mastercard,KES,Kenya,gateway_beta,started,,mobile,Edge,306.28,1710
ses_0955,evt_005887,2,2026-09-04T18:20:22Z,method_selected,card_mastercard,KES,Kenya,gateway_beta,success,,mobile,Edge,306.28,245
ses_0955,evt_005888,3,2026-09-04T18:20:24Z,details_entered,card_mastercard,KES,Kenya,gateway_beta,success,,mobile,Edge,306.28,1109
ses_0955,evt_005889,4,2026-09-04T18:20:31Z,authorization_requested,card_mastercard,KES,Kenya,gateway_beta,submitted,,mobile,Edge,306.28,610
ses_0955,evt_005890,5,2026-09-04T18:20:40Z,3ds_redirect,card_mastercard,KES,Kenya,gateway_beta,redirected,,mobile,Edge,306.28,1687
ses_0955,evt_005891,6,2026-09-04T18:20:54Z,3ds_completed,card_mastercard,KES,Kenya,gateway_beta,success,,mobile,Edge,306.28,4002
ses_0955,evt_005892,7,2026-09-04T18:21:01Z,authorization_response,card_mastercard,KES,Kenya,gateway_beta,success,,mobile,Edge,306.28,1765
ses_0955,evt_005893,8,2026-09-04T18:21:04Z,payment_completed,card_mastercard,KES,Kenya,gateway_beta,success,,mobile,Edge,306.28,1320
ses_0956,evt_005894,1,2026-09-08T10:30:34Z,checkout_initiated,card_visa,KES,Kenya,gateway_alpha,started,,mobile,Chrome,352.37,199
ses_0956,evt_005895,2,2026-09-08T10:30:38Z,method_selected,card_visa,KES,Kenya,gateway_alpha,success,,mobile,Chrome,352.37,294
ses_0956,evt_005896,3,2026-09-08T10:30:48Z,details_entered,card_visa,KES,Kenya,gateway_alpha,success,,mobile,Chrome,352.37,1425
ses_0956,evt_005897,4,2026-09-08T10:30:58Z,authorization_requested,card_visa,KES,Kenya,gateway_alpha,submitted,,mobile,Chrome,352.37,1261
ses_0956,evt_005898,5,2026-09-08T10:31:02Z,3ds_redirect,card_visa,KES,Kenya,gateway_alpha,redirected,,mobile,Chrome,352.37,1971
ses_0956,evt_005899,6,2026-09-08T10:31:06Z,3ds_completed,card_visa,KES,Kenya,gateway_alpha,success,,mobile,Chrome,352.37,3187
ses_0956,evt_005900,7,2026-09-08T10:31:08Z,authorization_response,card_visa,KES,Kenya,gateway_alpha,success,,mobile,Chrome,352.37,668
ses_0956,evt_005901,8,2026-09-08T10:31:19Z,payment_completed,card_visa,KES,Kenya,gateway_alpha,success,,mobile,Chrome,352.37,336
ses_0957,evt_005902,1,2026-09-12T02:15:02Z,checkout_initiated,card_visa,PHP,Philippines,gateway_alpha,started,,desktop,Chrome,207.03,1331
ses_0957,evt_005903,2,2026-09-12T02:15:09Z,method_selected,card_visa,PHP,Philippines,gateway_alpha,success,,desktop,Chrome,207.03,867
ses_0957,evt_005904,3,2026-09-12T02:15:20Z,details_entered,card_visa,PHP,Philippines,gateway_alpha,success,,desktop,Chrome,207.03,628
ses_0957,evt_005905,4,2026-09-12T02:15:28Z,authorization_requested,card_visa,PHP,Philippines,gateway_alpha,submitted,,desktop,Chrome,207.03,947
ses_0957,evt_005906,5,2026-09-12T02:15:40Z,3ds_redirect,card_visa,PHP,Philippines,gateway_alpha,redirected,,desktop,Chrome,207.03,7045
ses_0957,evt_005907,6,2026-09-12T02:15:52Z,3ds_completed,card_visa,PHP,Philippines,gateway_alpha,abandoned,3ds_abandoned,desktop,Chrome,207.03,9490
ses_0958,evt_005908,1,2026-09-12T02:50:44Z,checkout_initiated,gcash,PHP,Philippines,wallet_hub,started,,mobile,Chrome,373.97,832
ses_0958,evt_005909,2,2026-09-12T02:50:53Z,method_selected,gcash,PHP,Philippines,wallet_hub,success,,mobile,Chrome,373.97,1655
ses_0958,evt_005910,3,2026-09-12T02:50:57Z,details_entered,gcash,PHP,Philippines,wallet_hub,success,,mobile,Chrome,373.97,1597
ses_0958,evt_005911,4,2026-09-12T02:51:01Z,authorization_requested,gcash,PHP,Philippines,wallet_hub,submitted,,mobile,Chrome,373.97,451
ses_0958,evt_005912,5,2026-09-12T02:51:05Z,authorization_response,gcash,PHP,Philippines,wallet_hub,success,,mobile,Chrome,373.97,1451
ses_0958,evt_005913,6,2026-09-12T02:51:11Z,payment_completed,gcash,PHP,Philippines,wallet_hub,success,,mobile,Chrome,373.97,1125
ses_0959,evt_005914,1,2026-09-06T02:21:14Z,checkout_initiated,card_visa,SGD,Singapore,gateway_alpha,started,,mobile,Firefox,173.10,231
ses_0959,evt_005915,2,2026-09-06T02:21:18Z,method_selected,card_visa,SGD,Singapore,gateway_alpha,success,,mobile,Firefox,173.10,1432
ses_0959,evt_005916,3,2026-09-06T02:21:26Z,details_entered,card_visa,SGD,Singapore,gateway_alpha,success,,mobile,Firefox,173.10,1446
ses_0959,evt_005917,4,2026-09-06T02:21:32Z,authorization_requested,card_visa,SGD,Singapore,gateway_alpha,submitted,,mobile,Firefox,173.10,840
ses_0959,evt_005918,5,2026-09-06T02:21:39Z,authorization_response,card_visa,SGD,Singapore,gateway_alpha,success,,mobile,Firefox,173.10,742
ses_0959,evt_005919,6,2026-09-06T02:21:47Z,payment_completed,card_visa,SGD,Singapore,gateway_alpha,success,,mobile,Firefox,173.10,780
ses_0960,evt_005920,1,2026-09-01T04:25:51Z,checkout_initiated,bnpl_atome,SGD,Singapore,bnpl_connect,started,,mobile,Edge,24.66,1521
ses_0960,evt_005921,2,2026-09-01T04:25:53Z,method_selected,bnpl_atome,SGD,Singapore,bnpl_connect,success,,mobile,Edge,24.66,321
ses_0960,evt_005922,3,2026-09-01T04:26:00Z,details_entered,bnpl_atome,SGD,Singapore,bnpl_connect,success,,mobile,Edge,24.66,746
ses_0960,evt_005923,4,2026-09-01T04:26:09Z,authorization_requested,bnpl_atome,SGD,Singapore,bnpl_connect,submitted,,mobile,Edge,24.66,540
ses_0960,evt_005924,5,2026-09-01T04:26:21Z,authorization_response,bnpl_atome,SGD,Singapore,bnpl_connect,success,,mobile,Edge,24.66,1702
ses_0960,evt_005925,6,2026-09-01T04:26:24Z,payment_completed,bnpl_atome,SGD,Singapore,bnpl_connect,success,,mobile,Edge,24.66,924
ses_0961,evt_005926,1,2026-09-06T23:23:25Z,checkout_initiated,gcash,PHP,Philippines,wallet_hub,started,,desktop,Chrome,220.47,1060
ses_0961,evt_005927,2,2026-09-06T23:23:35Z,method_selected,gcash,PHP,Philippines,wallet_hub,success,,desktop,Chrome,220.47,390
ses_0961,evt_005928,3,2026-09-06T23:19:43Z,details_entered,gcash,PHP,Philippines,wallet_hub,success,,desktop,Chrome,220.47,1463
ses_0961,evt_005929,4,2026-09-06T23:23:46Z,authorization_requested,gcash,PHP,Philippines,wallet_hub,submitted,,desktop,Chrome,220.47,1656
ses_0961,evt_005930,5,2026-09-06T23:23:48Z,authorization_response,gcash,PHP,Philippines,wallet_hub,success,,desktop,Chrome,220.47,1387
ses_0961,evt_005931,6,2026-09-06T23:23:58Z,payment_completed,gcash,PHP,Philippines,wallet_hub,success,,desktop,Chrome,220.47,1665
ses_0962,evt_005932,1,2026-09-08T01:07:52Z,checkout_initiated,mpesa,KES,Kenya,wallet_hub,started,,desktop,Safari,439.08,909
ses_0962,evt_005933,2,2026-09-08T01:07:57Z,method_selected,mpesa,KES,Kenya,wallet_hub,success,,desktop,Safari,439.08,1487
ses_0962,evt_005934,3,2026-09-08T01:24:52Z,details_entered,mpesa,KES,Kenya,wallet_hub,success,,desktop,Safari,439.08,431
ses_0962,evt_005935,4,2026-09-08T01:24:55Z,authorization_requested,mpesa,KES,Kenya,wallet_hub,submitted,,desktop,Safari,439.08,964
ses_0962,evt_005936,5,2026-09-08T01:25:06Z,authorization_response,mpesa,KES,Kenya,wallet_hub,success,,desktop,Safari,439.08,860
ses_0962,evt_005937,6,2026-09-08T01:25:16Z,payment_completed,mpesa,KES,Kenya,wallet_hub,success,,desktop,Safari,439.08,1241
ses_0963,evt_005938,1,2026-09-03T09:16:15Z,checkout_initiated,gcash,PHP,Philippines,wallet_hub,started,,mobile,Chrome,403.76,1772
ses_0963,evt_005939,2,2026-09-03T09:16:20Z,method_selected,gcash,PHP,Philippines,wallet_hub,success,,mobile,Chrome,403.76,728
ses_0963,evt_005940,3,2026-09-03T09:16:26Z,details_entered,gcash,PHP,Philippines,wallet_hub,success,,mobile,Chrome,403.76,1196
ses_0963,evt_005941,4,2026-09-03T09:16:33Z,authorization_requested,gcash,PHP,Philippines,wallet_hub,submitted,,mobile,Chrome,403.76,1779
ses_0963,evt_005942,5,2026-09-03T09:16:41Z,authorization_response,gcash,PHP,Philippines,wallet_hub,success,,mobile,Chrome,403.76,1434
ses_0963,evt_005943,6,2026-09-03T09:16:43Z,payment_completed,gcash,PHP,Philippines,wallet_hub,success,,mobile,Chrome,403.76,775
ses_0964,evt_005944,1,2026-09-05T00:45:52Z,checkout_initiated,bank_transfer_local,SGD,Singapore,bank_rail,started,,desktop,Chrome,394.99,781
ses_0964,evt_005945,2,2026-09-05T00:45:58Z,method_selected,bank_transfer_local,SGD,Singapore,bank_rail,success,,desktop,Chrome,394.99,590
ses_0964,evt_005946,3,2026-09-05T00:46:05Z,details_entered,bank_transfer_local,SGD,Singapore,bank_rail,success,,desktop,Chrome,394.99,925
ses_0964,evt_005947,4,2026-09-05T00:46:08Z,authorization_requested,bank_transfer_local,SGD,Singapore,bank_rail,submitted,,desktop,Chrome,394.99,1556
ses_0964,evt_005948,5,2026-09-05T00:46:12Z,authorization_response,bank_transfer_local,SGD,Singapore,bank_rail,pending,,desktop,Chrome,394.99,1129
ses_0965,evt_005949,1,2026-09-07T00:51:31Z,checkout_initiated,card_visa,USD,Cross-border,gateway_alpha,started,,mobile,Safari,445.99,217
ses_0965,evt_005950,2,2026-09-07T00:51:35Z,method_selected,card_visa,USD,Cross-border,gateway_alpha,success,,mobile,Safari,445.99,1108
ses_0965,evt_005951,3,2026-09-07T00:51:38Z,details_entered,card_visa,USD,Cross-border,gateway_alpha,success,,mobile,Safari,445.99,1294
ses_0965,evt_005952,4,2026-09-07T00:51:40Z,authorization_requested,card_visa,USD,Cross-border,gateway_alpha,submitted,,mobile,Safari,445.99,488
ses_0965,evt_005953,5,2026-09-07T00:51:58Z,3ds_redirect,card_visa,USD,Cross-border,gateway_alpha,redirected,,mobile,Safari,445.99,8054
ses_0965,evt_005954,6,2026-09-07T00:52:14Z,3ds_completed,card_visa,USD,Cross-border,gateway_alpha,abandoned,3ds_abandoned,mobile,Safari,445.99,6533
ses_0966,evt_005955,1,2026-09-12T15:45:00Z,checkout_initiated,card_mastercard,USD,Cross-border,gateway_beta,started,,desktop,Chrome,256.72,1518
ses_0966,evt_005956,2,2026-09-12T15:45:02Z,method_selected,card_mastercard,USD,Cross-border,gateway_beta,success,,desktop,Chrome,256.72,282
ses_0966,evt_005957,3,2026-09-12T15:45:10Z,details_entered,card_mastercard,USD,Cross-border,gateway_beta,success,,desktop,Chrome,256.72,1467
ses_0966,evt_005958,4,2026-09-12T15:45:21Z,authorization_requested,card_mastercard,USD,Cross-border,gateway_beta,submitted,,desktop,Chrome,256.72,1009
ses_0966,evt_005959,5,2026-09-12T15:45:33Z,3ds_redirect,card_mastercard,USD,Cross-border,gateway_beta,redirected,,desktop,Chrome,256.72,1567
ses_0966,evt_005960,6,2026-09-12T15:45:43Z,3ds_completed,card_mastercard,USD,Cross-border,gateway_beta,success,,desktop,Chrome,256.72,4871
ses_0966,evt_005961,7,2026-09-12T15:45:57Z,authorization_response,card_mastercard,USD,Cross-border,gateway_beta,failed,timeout,desktop,Chrome,256.72,11243
ses_0967,evt_005962,1,2026-09-11T07:08:08Z,checkout_initiated,card_mastercard,PHP,Philippines,gateway_beta,started,,desktop,Edge,270.01,209
ses_0967,evt_005963,2,2026-09-11T07:08:16Z,method_selected,card_mastercard,PHP,Philippines,gateway_beta,success,,desktop,Edge,270.01,652
ses_0967,evt_005964,3,2026-09-11T07:08:21Z,details_entered,card_mastercard,PHP,Philippines,gateway_beta,success,,desktop,Edge,270.01,471
ses_0967,evt_005965,4,2026-09-11T07:08:27Z,authorization_requested,card_mastercard,PHP,Philippines,gateway_beta,submitted,,desktop,Edge,270.01,1532
ses_0967,evt_005966,5,2026-09-11T07:08:32Z,3ds_redirect,card_mastercard,PHP,Philippines,gateway_beta,redirected,,desktop,Edge,270.01,2101
ses_0967,evt_005967,6,2026-09-11T07:08:38Z,3ds_completed,card_mastercard,PHP,Philippines,gateway_beta,success,,desktop,Edge,270.01,4275
ses_0967,evt_005968,7,2026-09-11T07:08:49Z,authorization_response,card_mastercard,PHP,Philippines,gateway_beta,success,,desktop,Edge,270.01,1530
ses_0967,evt_005969,8,2026-09-11T07:08:56Z,payment_completed,card_mastercard,PHP,Philippines,gateway_beta,success,,desktop,Edge,270.01,237
ses_0968,evt_005970,1,2026-09-10T11:09:46Z,checkout_initiated,card_mastercard,USD,Cross-border,gateway_beta,started,,mobile,Edge,139.59,1601
ses_0968,evt_005971,2,2026-09-10T11:09:52Z,method_selected,card_mastercard,USD,Cross-border,gateway_beta,success,,mobile,Edge,139.59,598
ses_0968,evt_005972,3,2026-09-10T11:09:59Z,details_entered,card_mastercard,USD,Cross-border,gateway_beta,success,,mobile,Edge,139.59,379
ses_0968,evt_005973,4,2026-09-10T11:10:07Z,authorization_requested,card_mastercard,USD,Cross-border,gateway_beta,submitted,,mobile,Edge,139.59,1526
ses_0968,evt_005974,5,2026-09-10T11:10:12Z,3ds_redirect,card_mastercard,USD,Cross-border,gateway_beta,redirected,,mobile,Edge,139.59,4093
ses_0968,evt_005975,6,2026-09-10T11:10:17Z,3ds_completed,card_mastercard,USD,Cross-border,gateway_beta,success,,mobile,Edge,139.59,4014
ses_0968,evt_005976,7,2026-09-10T11:10:31Z,authorization_response,card_mastercard,USD,Cross-border,gateway_beta,failed,timeout,mobile,Edge,139.59,7047
ses_0969,evt_005977,1,2026-09-14T00:11:28Z,checkout_initiated,card_mastercard,PHP,Philippines,gateway_alpha,started,,mobile,Safari,201.43,1703
ses_0969,evt_005978,2,2026-09-14T00:11:37Z,method_selected,card_mastercard,PHP,Philippines,gateway_alpha,success,,mobile,Safari,201.43,1571
ses_0969,evt_005979,3,2026-09-14T00:11:40Z,details_entered,card_mastercard,PHP,Philippines,gateway_alpha,success,,mobile,Safari,201.43,1161
ses_0969,evt_005980,4,2026-09-14T00:11:48Z,authorization_requested,card_mastercard,PHP,Philippines,gateway_alpha,submitted,,mobile,Safari,201.43,1480
ses_0969,evt_005981,5,2026-09-14T00:12:10Z,3ds_redirect,card_mastercard,PHP,Philippines,gateway_alpha,redirected,,mobile,Safari,201.43,12468
ses_0969,evt_005982,6,2026-09-14T00:12:26Z,3ds_completed,card_mastercard,PHP,Philippines,gateway_alpha,abandoned,3ds_abandoned,mobile,Safari,201.43,9541
ses_0970,evt_005983,1,2026-09-03T09:30:47Z,checkout_initiated,card_visa,KES,Kenya,gateway_beta,started,,mobile,Firefox,327.80,375
ses_0970,evt_005984,2,2026-09-03T09:30:58Z,method_selected,card_visa,KES,Kenya,gateway_beta,success,,mobile,Firefox,327.80,1469
ses_0970,evt_005985,3,2026-09-03T09:31:01Z,details_entered,card_visa,KES,Kenya,gateway_beta,success,,mobile,Firefox,327.80,1741
ses_0970,evt_005986,4,2026-09-03T09:31:11Z,authorization_requested,card_visa,KES,Kenya,gateway_beta,submitted,,mobile,Firefox,327.80,1309
ses_0970,evt_005987,5,2026-09-03T09:31:26Z,3ds_redirect,card_visa,KES,Kenya,gateway_beta,redirected,,mobile,Firefox,327.80,11425
ses_0970,evt_005988,6,2026-09-03T09:31:39Z,3ds_completed,card_visa,KES,Kenya,gateway_beta,abandoned,3ds_abandoned,mobile,Firefox,327.80,11012
ses_0971,evt_005989,1,2026-09-03T05:43:12Z,checkout_initiated,mpesa,KES,Kenya,wallet_hub,started,,mobile,Chrome,325.79,547
ses_0971,evt_005990,2,2026-09-03T05:43:19Z,method_selected,mpesa,KES,Kenya,wallet_hub,success,,mobile,Chrome,325.79,537
ses_0971,evt_005991,3,2026-09-03T05:43:26Z,details_entered,mpesa,KES,Kenya,wallet_hub,success,,mobile,Chrome,325.79,1427
ses_0971,evt_005992,4,2026-09-03T05:43:33Z,authorization_requested,mpesa,KES,Kenya,wallet_hub,submitted,,mobile,Chrome,325.79,265
ses_0971,evt_005993,5,2026-09-03T05:43:35Z,authorization_response,mpesa,KES,Kenya,wallet_hub,success,,mobile,Chrome,325.79,1022
ses_0971,evt_005994,6,2026-09-03T05:43:46Z,payment_completed,mpesa,KES,Kenya,wallet_hub,success,,mobile,Chrome,325.79,1586
ses_0972,evt_005995,1,2026-09-13T04:53:53Z,checkout_initiated,card_visa,USD,Cross-border,gateway_beta,started,,mobile,Chrome,269.27,967
ses_0972,evt_005996,2,2026-09-13T04:54:02Z,method_selected,card_visa,USD,Cross-border,gateway_beta,success,,mobile,Chrome,269.27,231
ses_0972,evt_005997,3,2026-09-13T04:54:11Z,details_entered,card_visa,USD,Cross-border,gateway_beta,success,,mobile,Chrome,269.27,899
ses_0972,evt_005998,4,2026-09-13T04:54:17Z,authorization_requested,card_visa,USD,Cross-border,gateway_beta,submitted,,mobile,Chrome,269.27,1159
ses_0972,evt_005999,5,2026-09-13T04:54:24Z,3ds_redirect,card_visa,USD,Cross-border,gateway_beta,redirected,,mobile,Chrome,269.27,4735
ses_0972,evt_006000,6,2026-09-13T04:54:27Z,3ds_completed,card_visa,USD,Cross-border,gateway_beta,success,,mobile,Chrome,269.27,1757
ses_0972,evt_006001,7,2026-09-13T04:54:45Z,authorization_response,card_visa,USD,Cross-border,gateway_beta,failed,timeout,mobile,Chrome,269.27,10358
ses_0973,evt_006002,1,2026-09-13T02:03:56Z,checkout_initiated,card_mastercard,KES,Kenya,gateway_alpha,started,,mobile,Chrome,152.31,521
ses_0973,evt_006003,2,2026-09-13T02:04:05Z,method_selected,card_mastercard,KES,Kenya,gateway_alpha,success,,mobile,Chrome,152.31,923
ses_0973,evt_006004,3,2026-09-13T02:04:09Z,details_entered,card_mastercard,KES,Kenya,gateway_alpha,success,,mobile,Chrome,152.31,1192
ses_0973,evt_006005,4,2026-09-13T02:04:12Z,authorization_requested,card_mastercard,KES,Kenya,gateway_alpha,submitted,,mobile,Chrome,152.31,1584
ses_0973,evt_006006,5,2026-09-13T02:04:17Z,3ds_redirect,card_mastercard,KES,Kenya,gateway_alpha,redirected,,mobile,Chrome,152.31,1548
ses_0973,evt_006007,6,2026-09-13T02:04:27Z,3ds_completed,card_mastercard,KES,Kenya,gateway_alpha,success,,mobile,Chrome,152.31,3696
ses_0973,evt_006008,7,2026-09-13T02:04:37Z,authorization_response,card_mastercard,KES,Kenya,gateway_alpha,success,,mobile,Chrome,152.31,1417
ses_0973,evt_006009,8,2026-09-13T02:04:43Z,payment_completed,card_mastercard,KES,Kenya,gateway_alpha,success,,mobile,Chrome,152.31,409
ses_0974,evt_006010,1,2026-09-13T23:45:49Z,checkout_initiated,card_mastercard,SGD,Singapore,gateway_alpha,started,,mobile,Chrome,268.73,823
ses_0974,evt_006011,2,2026-09-13T23:45:52Z,method_selected,card_mastercard,SGD,Singapore,gateway_alpha,success,,mobile,Chrome,268.73,1580
ses_0974,evt_006012,3,2026-09-13T23:45:55Z,details_entered,card_mastercard,SGD,Singapore,gateway_alpha,success,,mobile,Chrome,268.73,1355
ses_0974,evt_006013,4,2026-09-13T23:46:05Z,authorization_requested,card_mastercard,SGD,Singapore,gateway_alpha,submitted,,mobile,Chrome,268.73,410
ses_0974,evt_006014,5,2026-09-13T23:46:09Z,3ds_redirect,card_mastercard,SGD,Singapore,gateway_alpha,redirected,,mobile,Chrome,268.73,3059
ses_0974,evt_006015,6,2026-09-13T23:46:13Z,3ds_completed,card_mastercard,SGD,Singapore,gateway_alpha,success,,mobile,Chrome,268.73,1943
ses_0974,evt_006016,7,2026-09-13T23:46:19Z,authorization_response,card_mastercard,SGD,Singapore,gateway_alpha,success,,mobile,Chrome,268.73,489
ses_0974,evt_006017,8,2026-09-13T23:46:23Z,payment_completed,card_mastercard,SGD,Singapore,gateway_alpha,success,,mobile,Chrome,268.73,711
ses_0975,evt_006018,1,2026-09-06T01:22:43Z,checkout_initiated,card_mastercard,USD,Cross-border,gateway_beta,started,,mobile,Safari,89.39,341
ses_0975,evt_006019,2,2026-09-06T01:22:55Z,method_selected,card_mastercard,USD,Cross-border,gateway_beta,success,,mobile,Safari,89.39,1705
ses_0975,evt_006020,3,2026-09-06T01:19:04Z,details_entered,card_mastercard,USD,Cross-border,gateway_beta,success,,mobile,Safari,89.39,634
ses_0975,evt_006021,4,2026-09-06T01:23:11Z,authorization_requested,card_mastercard,USD,Cross-border,gateway_beta,submitted,,mobile,Safari,89.39,274
ses_0975,evt_006022,5,2026-09-06T01:23:23Z,3ds_redirect,card_mastercard,USD,Cross-border,gateway_beta,redirected,,mobile,Safari,89.39,4243
ses_0975,evt_006023,6,2026-09-06T01:23:28Z,3ds_completed,card_mastercard,USD,Cross-border,gateway_beta,success,,mobile,Safari,89.39,3788
ses_0975,evt_006024,7,2026-09-06T01:23:45Z,authorization_response,card_mastercard,USD,Cross-border,gateway_beta,failed,timeout,mobile,Safari,89.39,9625
ses_0976,evt_006025,1,2026-09-13T19:19:35Z,checkout_initiated,bank_transfer_local,USD,Cross-border,bank_rail,started,,desktop,Edge,458.10,1686
ses_0976,evt_006026,2,2026-09-13T19:19:38Z,method_selected,bank_transfer_local,USD,Cross-border,bank_rail,success,,desktop,Edge,458.10,429
ses_0976,evt_006027,3,2026-09-13T19:19:40Z,details_entered,bank_transfer_local,USD,Cross-border,bank_rail,success,,desktop,Edge,458.10,559
ses_0976,evt_006028,4,2026-09-13T19:19:45Z,authorization_requested,bank_transfer_local,USD,Cross-border,bank_rail,submitted,,desktop,Edge,458.10,1244
ses_0976,evt_006029,5,2026-09-13T19:19:49Z,authorization_response,bank_transfer_local,USD,Cross-border,bank_rail,pending,,desktop,Edge,458.10,1553
ses_0977,evt_006030,1,2026-09-12T02:38:05Z,checkout_initiated,card_visa,PHP,Philippines,gateway_alpha,started,,desktop,Chrome,370.05,825
ses_0977,evt_006031,2,2026-09-12T02:38:11Z,method_selected,card_visa,PHP,Philippines,gateway_alpha,success,,desktop,Chrome,370.05,184
ses_0977,evt_006032,3,2026-09-12T02:38:20Z,details_entered,card_visa,PHP,Philippines,gateway_alpha,success,,desktop,Chrome,370.05,365
ses_0977,evt_006033,4,2026-09-12T02:38:25Z,authorization_requested,card_visa,PHP,Philippines,gateway_alpha,submitted,,desktop,Chrome,370.05,1363
ses_0977,evt_006034,5,2026-09-12T02:38:36Z,3ds_redirect,card_visa,PHP,Philippines,gateway_alpha,redirected,,desktop,Chrome,370.05,2876
ses_0977,evt_006035,6,2026-09-12T02:38:44Z,3ds_completed,card_visa,PHP,Philippines,gateway_alpha,success,,desktop,Chrome,370.05,2845
ses_0977,evt_006036,7,2026-09-12T02:38:52Z,authorization_response,card_visa,PHP,Philippines,gateway_alpha,success,,desktop,Chrome,370.05,1162
ses_0977,evt_006037,8,2026-09-12T02:38:59Z,payment_completed,card_visa,PHP,Philippines,gateway_alpha,success,,desktop,Chrome,370.05,1511
ses_0978,evt_006038,1,2026-09-12T12:37:22Z,checkout_initiated,card_visa,USD,Cross-border,gateway_beta,started,,mobile,Chrome,189.45,487
ses_0978,evt_006039,2,2026-09-12T12:37:26Z,method_selected,card_visa,USD,Cross-border,gateway_beta,success,,mobile,Chrome,189.45,1723
ses_0978,evt_006040,3,2026-09-12T12:37:31Z,details_entered,card_visa,USD,Cross-border,gateway_beta,success,,mobile,Chrome,189.45,456
ses_0978,evt_006041,4,2026-09-12T12:37:41Z,authorization_requested,card_visa,USD,Cross-border,gateway_beta,submitted,,mobile,Chrome,189.45,381
ses_0978,evt_006042,5,2026-09-12T12:37:57Z,3ds_redirect,card_visa,USD,Cross-border,gateway_beta,redirected,,mobile,Chrome,189.45,8156
ses_0978,evt_006043,6,2026-09-12T12:38:12Z,3ds_completed,card_visa,USD,Cross-border,gateway_beta,abandoned,3ds_abandoned,mobile,Chrome,189.45,11716
ses_0979,evt_006044,1,2026-09-13T07:35:56Z,checkout_initiated,gcash,PHP,Philippines,wallet_hub,started,,desktop,Chrome,312.30,1800
ses_0979,evt_006045,2,2026-09-13T07:36:01Z,method_selected,gcash,PHP,Philippines,wallet_hub,success,,desktop,Chrome,312.30,1450
ses_0979,evt_006046,3,2026-09-13T07:36:05Z,details_entered,gcash,PHP,Philippines,wallet_hub,success,,desktop,Chrome,312.30,258
ses_0979,evt_006047,4,2026-09-13T07:36:11Z,authorization_requested,gcash,PHP,Philippines,wallet_hub,submitted,,desktop,Chrome,312.30,1557
ses_0979,evt_006048,5,2026-09-13T07:36:14Z,authorization_response,gcash,PHP,Philippines,wallet_hub,success,,desktop,Chrome,312.30,365
ses_0979,evt_006049,6,2026-09-13T07:36:20Z,payment_completed,gcash,PHP,Philippines,wallet_hub,success,,desktop,Chrome,312.30,1310
ses_0980,evt_006050,1,2026-09-11T01:29:23Z,checkout_initiated,gcash,PHP,Philippines,wallet_hub,started,,desktop,Edge,121.97,1544
ses_0980,evt_006051,2,2026-09-11T01:29:25Z,method_selected,gcash,PHP,Philippines,wallet_hub,success,,desktop,Edge,121.97,316
ses_0980,evt_006052,3,2026-09-11T01:29:33Z,details_entered,gcash,PHP,Philippines,wallet_hub,success,,desktop,Edge,121.97,468
ses_0980,evt_006053,4,2026-09-11T01:29:39Z,authorization_requested,gcash,PHP,Philippines,wallet_hub,submitted,,desktop,Edge,121.97,1523
ses_0980,evt_006054,5,2026-09-11T01:29:42Z,authorization_response,gcash,PHP,Philippines,wallet_hub,success,,desktop,Edge,121.97,1305
ses_0980,evt_006055,6,2026-09-11T01:29:49Z,payment_completed,gcash,PHP,Philippines,wallet_hub,success,,desktop,Edge,121.97,1471
ses_0981,evt_006056,1,2026-09-11T22:39:01Z,checkout_initiated,bank_transfer_local,PHP,Philippines,bank_rail,started,,mobile,Chrome,353.08,572
ses_0981,evt_006057,2,2026-09-11T22:39:06Z,method_selected,bank_transfer_local,PHP,Philippines,bank_rail,success,,mobile,Chrome,353.08,316
ses_0981,evt_006058,3,2026-09-11T22:39:11Z,details_entered,bank_transfer_local,PHP,Philippines,bank_rail,success,,mobile,Chrome,353.08,1243
ses_0981,evt_006059,4,2026-09-11T22:39:13Z,authorization_requested,bank_transfer_local,PHP,Philippines,bank_rail,submitted,,mobile,Chrome,353.08,837
ses_0981,evt_006060,5,2026-09-11T22:39:21Z,authorization_response,bank_transfer_local,PHP,Philippines,bank_rail,success,,mobile,Chrome,353.08,986
ses_0981,evt_006061,6,2026-09-11T22:39:23Z,payment_completed,bank_transfer_local,PHP,Philippines,bank_rail,success,,mobile,Chrome,353.08,1453
ses_0982,evt_006062,1,2026-09-13T18:20:28Z,checkout_initiated,bank_transfer_local,USD,Cross-border,bank_rail,started,,desktop,Chrome,180.69,1688
ses_0982,evt_006063,2,2026-09-13T18:20:31Z,method_selected,bank_transfer_local,USD,Cross-border,bank_rail,success,,desktop,Chrome,180.69,359
ses_0982,evt_006064,3,2026-09-13T18:20:33Z,details_entered,bank_transfer_local,USD,Cross-border,bank_rail,success,,desktop,Chrome,180.69,941
ses_0982,evt_006065,4,2026-09-13T18:20:35Z,authorization_requested,bank_transfer_local,USD,Cross-border,bank_rail,submitted,,desktop,Chrome,180.69,919
ses_0982,evt_006066,5,2026-09-13T18:20:37Z,authorization_response,bank_transfer_local,USD,Cross-border,bank_rail,success,,desktop,Chrome,180.69,1177
ses_0982,evt_006067,6,2026-09-13T18:20:39Z,payment_completed,bank_transfer_local,USD,Cross-border,bank_rail,success,,desktop,Chrome,180.69,1031
ses_0983,evt_006068,1,2026-09-12T20:44:07Z,checkout_initiated,card_visa,USD,Cross-border,gateway_alpha,started,,desktop,Chrome,38.13,1140
ses_0983,evt_006069,2,2026-09-12T20:44:17Z,method_selected,card_visa,USD,Cross-border,gateway_alpha,success,,desktop,Chrome,38.13,1533
ses_0983,evt_006070,3,2026-09-12T20:44:20Z,details_entered,card_visa,USD,Cross-border,gateway_alpha,success,,desktop,Chrome,38.13,476
ses_0983,evt_006071,4,2026-09-12T20:44:25Z,authorization_requested,card_visa,USD,Cross-border,gateway_alpha,submitted,,desktop,Chrome,38.13,223
ses_0983,evt_006072,5,2026-09-12T20:44:31Z,3ds_redirect,card_visa,USD,Cross-border,gateway_alpha,redirected,,desktop,Chrome,38.13,3216
ses_0983,evt_006073,6,2026-09-12T20:44:42Z,3ds_completed,card_visa,USD,Cross-border,gateway_alpha,success,,desktop,Chrome,38.13,3666
ses_0983,evt_006074,7,2026-09-12T20:44:52Z,authorization_response,card_visa,USD,Cross-border,gateway_alpha,success,,desktop,Chrome,38.13,187
ses_0983,evt_006075,8,2026-09-12T20:44:58Z,payment_completed,card_visa,USD,Cross-border,gateway_alpha,success,,desktop,Chrome,38.13,449
ses_0984,evt_006076,1,2026-09-01T16:19:38Z,checkout_initiated,card_visa,SGD,Singapore,gateway_alpha,started,,mobile,Chrome,209.67,624
ses_0984,evt_006077,2,2026-09-01T16:19:49Z,method_selected,card_visa,SGD,Singapore,gateway_alpha,success,,mobile,Chrome,209.67,1368
ses_0984,evt_006078,3,2026-09-01T16:19:59Z,details_entered,card_visa,SGD,Singapore,gateway_alpha,success,,mobile,Chrome,209.67,1425
ses_0984,evt_006079,4,2026-09-01T16:20:03Z,authorization_requested,card_visa,SGD,Singapore,gateway_alpha,submitted,,mobile,Chrome,209.67,402
ses_0984,evt_006080,5,2026-09-01T16:20:18Z,3ds_redirect,card_visa,SGD,Singapore,gateway_alpha,redirected,,mobile,Chrome,209.67,5176
ses_0984,evt_006081,6,2026-09-01T16:20:24Z,3ds_completed,card_visa,SGD,Singapore,gateway_alpha,success,,mobile,Chrome,209.67,2661
ses_0984,evt_006082,7,2026-09-01T16:20:27Z,authorization_response,card_visa,SGD,Singapore,gateway_alpha,success,,mobile,Chrome,209.67,1288
ses_0984,evt_006083,8,2026-09-01T16:20:36Z,payment_completed,card_visa,SGD,Singapore,gateway_alpha,success,,mobile,Chrome,209.67,1611
ses_0985,evt_006084,1,2026-09-06T13:13:58Z,checkout_initiated,gcash,PHP,Philippines,wallet_hub,started,,mobile,Chrome,378.07,1783
ses_0985,evt_006085,2,2026-09-06T13:14:02Z,method_selected,gcash,PHP,Philippines,wallet_hub,success,,mobile,Chrome,378.07,1118
ses_0985,evt_006086,3,2026-09-06T13:14:12Z,details_entered,gcash,PHP,Philippines,wallet_hub,success,,mobile,Chrome,378.07,354
ses_0985,evt_006087,4,2026-09-06T13:14:20Z,authorization_requested,gcash,PHP,Philippines,wallet_hub,submitted,,mobile,Chrome,378.07,647
ses_0985,evt_006088,5,2026-09-06T13:14:22Z,authorization_response,gcash,PHP,Philippines,wallet_hub,success,,mobile,Chrome,378.07,1350
ses_0985,evt_006089,6,2026-09-06T13:14:27Z,payment_completed,gcash,PHP,Philippines,wallet_hub,success,,mobile,Chrome,378.07,377
ses_0986,evt_006090,1,2026-09-13T15:39:20Z,checkout_initiated,gcash,PHP,Philippines,wallet_hub,started,,desktop,Chrome,190.33,445
ses_0986,evt_006091,2,2026-09-13T15:39:30Z,method_selected,gcash,PHP,Philippines,wallet_hub,success,,desktop,Chrome,190.33,1588
ses_0986,evt_006092,3,2026-09-13T15:39:36Z,details_entered,gcash,PHP,Philippines,wallet_hub,success,,desktop,Chrome,190.33,990
ses_0986,evt_006093,4,2026-09-13T15:39:46Z,authorization_requested,gcash,PHP,Philippines,wallet_hub,submitted,,desktop,Chrome,190.33,280
ses_0986,evt_006094,5,2026-09-13T15:39:48Z,authorization_response,gcash,PHP,Philippines,wallet_hub,success,,desktop,Chrome,190.33,1208
ses_0986,evt_006095,6,2026-09-13T15:39:52Z,payment_completed,gcash,PHP,Philippines,wallet_hub,success,,desktop,Chrome,190.33,251
ses_0987,evt_006096,1,2026-09-02T01:02:40Z,checkout_initiated,card_visa,SGD,Singapore,gateway_beta,started,,mobile,Safari,278.87,1068
ses_0987,evt_006097,2,2026-09-02T01:02:47Z,method_selected,card_visa,SGD,Singapore,gateway_beta,success,,mobile,Safari,278.87,1502
ses_0987,evt_006098,3,2026-09-02T01:02:49Z,details_entered,card_visa,SGD,Singapore,gateway_beta,abandoned,,mobile,Safari,278.87,297
ses_0988,evt_006099,1,2026-09-09T23:11:45Z,checkout_initiated,mpesa,KES,Kenya,wallet_hub,started,,desktop,Safari,205.01,1080
ses_0988,evt_006100,2,2026-09-09T23:11:47Z,method_selected,mpesa,KES,Kenya,wallet_hub,success,,desktop,Safari,205.01,945
ses_0988,evt_006101,3,2026-09-09T23:11:56Z,details_entered,mpesa,KES,Kenya,wallet_hub,success,,desktop,Safari,205.01,1519
ses_0988,evt_006102,4,2026-09-09T23:11:59Z,authorization_requested,mpesa,KES,Kenya,wallet_hub,submitted,,desktop,Safari,205.01,1329
ses_0988,evt_006103,5,2026-09-09T23:12:03Z,authorization_response,mpesa,KES,Kenya,wallet_hub,success,,desktop,Safari,205.01,1540
ses_0988,evt_006104,6,2026-09-09T23:12:10Z,payment_completed,mpesa,KES,Kenya,wallet_hub,success,,desktop,Safari,205.01,756
ses_0989,evt_006105,1,2026-09-12T10:05:54Z,checkout_initiated,card_visa,PHP,Philippines,gateway_beta,started,,mobile,Chrome,407.10,440
ses_0989,evt_006106,2,2026-09-12T10:06:04Z,method_selected,card_visa,PHP,Philippines,gateway_beta,success,,mobile,Chrome,407.10,1605
ses_0989,evt_006107,3,2026-09-12T10:06:08Z,details_entered,card_visa,PHP,Philippines,gateway_beta,success,,mobile,Chrome,407.10,1466
ses_0989,evt_006108,4,2026-09-12T10:06:18Z,authorization_requested,card_visa,PHP,Philippines,gateway_beta,submitted,,mobile,Chrome,407.10,1643
ses_0989,evt_006109,5,2026-09-12T10:06:41Z,3ds_redirect,card_visa,PHP,Philippines,gateway_beta,redirected,,mobile,Chrome,407.10,12781
ses_0989,evt_006110,6,2026-09-12T10:06:59Z,3ds_completed,card_visa,PHP,Philippines,gateway_beta,abandoned,3ds_abandoned,mobile,Chrome,407.10,10036
ses_0990,evt_006111,1,2026-09-06T20:45:24Z,checkout_initiated,card_visa,USD,Cross-border,gateway_alpha,started,,mobile,Edge,360.35,1737
ses_0990,evt_006112,2,2026-09-06T20:45:29Z,method_selected,card_visa,USD,Cross-border,gateway_alpha,success,,mobile,Edge,360.35,1458
ses_0990,evt_006113,3,2026-09-06T20:45:31Z,details_entered,card_visa,USD,Cross-border,gateway_alpha,success,,mobile,Edge,360.35,590
ses_0990,evt_006114,4,2026-09-06T20:45:35Z,authorization_requested,card_visa,USD,Cross-border,gateway_alpha,submitted,,mobile,Edge,360.35,1182
ses_0990,evt_006115,5,2026-09-06T20:45:37Z,authorization_response,card_visa,USD,Cross-border,gateway_alpha,success,,mobile,Edge,360.35,521
ses_0990,evt_006116,6,2026-09-06T20:45:48Z,payment_completed,card_visa,USD,Cross-border,gateway_alpha,success,,mobile,Edge,360.35,773
ses_0991,evt_006117,1,2026-09-03T16:16:03Z,checkout_initiated,mpesa,KES,Kenya,wallet_hub,started,,desktop,Chrome,298.45,981
ses_0991,evt_006118,2,2026-09-03T16:16:07Z,method_selected,mpesa,KES,Kenya,wallet_hub,success,,desktop,Chrome,298.45,838
ses_0991,evt_006119,3,2026-09-03T16:16:14Z,details_entered,mpesa,KES,Kenya,wallet_hub,success,,desktop,Chrome,298.45,1313
ses_0991,evt_006120,4,2026-09-03T16:16:21Z,authorization_requested,mpesa,KES,Kenya,wallet_hub,submitted,,desktop,Chrome,298.45,1347
ses_0991,evt_006121,5,2026-09-03T16:16:28Z,authorization_response,mpesa,KES,Kenya,wallet_hub,success,,desktop,Chrome,298.45,982
ses_0991,evt_006122,6,2026-09-03T16:16:39Z,payment_completed,mpesa,KES,Kenya,wallet_hub,success,,desktop,Chrome,298.45,1003
ses_0992,evt_006123,1,2026-09-08T21:55:43Z,checkout_initiated,gcash,PHP,Philippines,wallet_hub,started,,mobile,Firefox,344.90,780
ses_0992,evt_006124,2,2026-09-08T21:55:51Z,method_selected,gcash,PHP,Philippines,wallet_hub,success,,mobile,Firefox,344.90,964
ses_0992,evt_006125,3,2026-09-08T21:55:54Z,details_entered,gcash,PHP,Philippines,wallet_hub,success,,mobile,Firefox,344.90,410
ses_0992,evt_006126,4,2026-09-08T21:56:05Z,authorization_requested,gcash,PHP,Philippines,wallet_hub,submitted,,mobile,Firefox,344.90,568
ses_0992,evt_006127,5,2026-09-08T21:56:13Z,authorization_response,gcash,PHP,Philippines,wallet_hub,success,,mobile,Firefox,344.90,344
ses_0992,evt_006128,6,2026-09-08T21:56:24Z,payment_completed,gcash,PHP,Philippines,wallet_hub,success,,mobile,Firefox,344.90,243
ses_0993,evt_006129,1,2026-09-07T10:49:00Z,checkout_initiated,bnpl_atome,SGD,Singapore,bnpl_connect,started,,mobile,Firefox,401.61,1290
ses_0993,evt_006130,2,2026-09-07T10:49:04Z,method_selected,bnpl_atome,SGD,Singapore,bnpl_connect,success,,mobile,Firefox,401.61,601
ses_0993,evt_006131,3,2026-09-07T10:49:15Z,details_entered,bnpl_atome,SGD,Singapore,bnpl_connect,success,,mobile,Firefox,401.61,1303
ses_0993,evt_006132,4,2026-09-07T10:49:19Z,authorization_requested,bnpl_atome,SGD,Singapore,bnpl_connect,submitted,,mobile,Firefox,401.61,1123
ses_0993,evt_006133,5,2026-09-07T10:49:21Z,authorization_response,bnpl_atome,SGD,Singapore,bnpl_connect,failed,invalid_card,mobile,Firefox,401.61,737
ses_0994,evt_006134,1,2026-09-09T17:28:00Z,checkout_initiated,bnpl_atome,SGD,Singapore,bnpl_connect,started,,mobile,Chrome,276.52,1129
ses_0994,evt_006135,2,2026-09-09T17:28:04Z,method_selected,bnpl_atome,SGD,Singapore,bnpl_connect,success,,mobile,Chrome,276.52,1393
ses_0994,evt_006136,3,2026-09-09T17:28:14Z,details_entered,bnpl_atome,SGD,Singapore,bnpl_connect,success,,mobile,Chrome,276.52,332
ses_0994,evt_006137,4,2026-09-09T17:28:20Z,authorization_requested,bnpl_atome,SGD,Singapore,bnpl_connect,submitted,,mobile,Chrome,276.52,631
ses_0994,evt_006138,5,2026-09-09T17:28:31Z,authorization_response,bnpl_atome,SGD,Singapore,bnpl_connect,failed,insufficient_funds,mobile,Chrome,276.52,1753
ses_0995,evt_006139,1,2026-09-04T04:21:01Z,checkout_initiated,gcash,PHP,Philippines,wallet_hub,started,,desktop,Chrome,83.52,229
ses_0995,evt_006140,2,2026-09-04T04:21:09Z,method_selected,gcash,PHP,Philippines,wallet_hub,success,,desktop,Chrome,83.52,1794
ses_0995,evt_006141,3,2026-09-04T04:21:12Z,details_entered,gcash,PHP,Philippines,wallet_hub,success,,desktop,Chrome,83.52,802
ses_0995,evt_006142,4,2026-09-04T04:21:23Z,authorization_requested,gcash,PHP,Philippines,wallet_hub,submitted,,desktop,Chrome,83.52,1249
ses_0995,evt_006143,5,2026-09-04T04:21:32Z,authorization_response,gcash,PHP,Philippines,wallet_hub,success,,desktop,Chrome,83.52,861
ses_0995,evt_006144,6,2026-09-04T04:21:38Z,payment_completed,gcash,PHP,Philippines,wallet_hub,success,,desktop,Chrome,83.52,1708
ses_0996,evt_006145,1,2026-09-05T07:14:16Z,checkout_initiated,card_visa,KES,Kenya,gateway_alpha,started,,desktop,Chrome,431.18,1703
ses_0996,evt_006146,2,2026-09-05T07:14:19Z,method_selected,card_visa,KES,Kenya,gateway_alpha,success,,desktop,Chrome,431.18,1563
ses_0996,evt_006147,3,2026-09-05T07:14:28Z,details_entered,card_visa,KES,Kenya,gateway_alpha,success,,desktop,Chrome,431.18,1340
ses_0996,evt_006148,4,2026-09-05T07:14:30Z,authorization_requested,card_visa,KES,Kenya,gateway_alpha,submitted,,desktop,Chrome,431.18,799
ses_0996,evt_006149,5,2026-09-05T07:14:37Z,authorization_response,card_visa,KES,Kenya,gateway_alpha,success,,desktop,Chrome,431.18,1144
ses_0996,evt_006150,6,2026-09-05T07:14:43Z,payment_completed,card_visa,KES,Kenya,gateway_alpha,success,,desktop,Chrome,431.18,1284
ses_0997,evt_006151,1,2026-09-02T20:25:55Z,checkout_initiated,gcash,PHP,Philippines,wallet_hub,started,,mobile,Chrome,117.11,858
ses_0997,evt_006152,2,2026-09-02T20:26:02Z,method_selected,gcash,PHP,Philippines,wallet_hub,success,,mobile,Chrome,117.11,1549
ses_0997,evt_006153,3,2026-09-02T20:26:04Z,details_entered,gcash,PHP,Philippines,wallet_hub,success,,mobile,Chrome,117.11,419
ses_0997,evt_006154,4,2026-09-02T20:26:10Z,authorization_requested,gcash,PHP,Philippines,wallet_hub,submitted,,mobile,Chrome,117.11,1750
ses_0997,evt_006155,5,2026-09-02T20:26:21Z,authorization_response,gcash,PHP,Philippines,wallet_hub,success,,mobile,Chrome,117.11,1627
ses_0997,evt_006156,6,2026-09-02T20:26:28Z,payment_completed,gcash,PHP,Philippines,wallet_hub,success,,mobile,Chrome,117.11,585
ses_0998,evt_006157,1,2026-09-06T06:15:07Z,checkout_initiated,bnpl_atome,PHP,Philippines,bnpl_connect,started,,mobile,Chrome,270.08,1674
ses_0998,evt_006158,2,2026-09-06T06:15:11Z,method_selected,bnpl_atome,PHP,Philippines,bnpl_connect,success,,mobile,Chrome,270.08,291
ses_0998,evt_006159,3,2026-09-06T06:15:18Z,details_entered,bnpl_atome,PHP,Philippines,bnpl_connect,success,,mobile,Chrome,270.08,1703
ses_0998,evt_006160,4,2026-09-06T06:15:28Z,authorization_requested,bnpl_atome,PHP,Philippines,bnpl_connect,submitted,,mobile,Chrome,270.08,1280
ses_0998,evt_006161,5,2026-09-06T06:15:40Z,authorization_response,bnpl_atome,PHP,Philippines,bnpl_connect,success,,mobile,Chrome,270.08,1560
ses_0998,evt_006162,6,2026-09-06T06:15:42Z,payment_completed,bnpl_atome,PHP,Philippines,bnpl_connect,success,,mobile,Chrome,270.08,980
ses_0999,evt_006163,1,2026-09-14T18:47:45Z,checkout_initiated,mpesa,KES,Kenya,wallet_hub,started,,mobile,Firefox,290.08,710
ses_0999,evt_006164,2,2026-09-14T18:47:50Z,method_selected,mpesa,KES,Kenya,wallet_hub,success,,mobile,Firefox,290.08,263
ses_0999,evt_006165,3,2026-09-14T18:47:53Z,details_entered,mpesa,KES,Kenya,wallet_hub,success,,mobile,Firefox,290.08,400
ses_0999,evt_006166,4,2026-09-14T18:48:04Z,authorization_requested,mpesa,KES,Kenya,wallet_hub,submitted,,mobile,Firefox,290.08,283
ses_0999,evt_006167,5,2026-09-14T18:48:06Z,authorization_response,mpesa,KES,Kenya,wallet_hub,success,,mobile,Firefox,290.08,917
ses_0999,evt_006168,6,2026-09-14T18:48:13Z,payment_completed,mpesa,KES,Kenya,wallet_hub,success,,mobile,Firefox,290.08,1113
ses_1000,evt_006169,1,2026-09-02T11:37:35Z,checkout_initiated,gcash,PHP,Philippines,wallet_hub,started,,desktop,Edge,423.49,1105
ses_1000,evt_006170,2,2026-09-02T11:37:45Z,method_selected,gcash,PHP,Philippines,wallet_hub,success,,desktop,Edge,423.49,231
ses_1000,evt_006171,3,2026-09-02T11:37:55Z,details_entered,gcash,PHP,Philippines,wallet_hub,success,,desktop,Edge,423.49,330
ses_1000,evt_006172,4,2026-09-02T11:38:05Z,authorization_requested,gcash,PHP,Philippines,wallet_hub,submitted,,desktop,Edge,423.49,1083
ses_1000,evt_006173,5,2026-09-02T11:38:08Z,authorization_response,gcash,PHP,Philippines,wallet_hub,success,,desktop,Edge,423.49,1764
ses_1000,evt_006174,6,2026-09-02T11:38:13Z,payment_completed,gcash,PHP,Philippines,wallet_hub,success,,desktop,Edge,423.49,1708
